-- phpMyAdmin SQL Dump
-- version 4.9.5
-- https://www.phpmyadmin.net/
--
-- Host: localhost:3306
-- Waktu pembuatan: 02 Sep 2020 pada 19.53
-- Versi server: 10.1.45-MariaDB-cll-lve
-- Versi PHP: 7.3.6

SET SQL_MODE = "NO_AUTO_VALUE_ON_ZERO";
SET AUTOCOMMIT = 0;
START TRANSACTION;
SET time_zone = "+00:00";


/*!40101 SET @OLD_CHARACTER_SET_CLIENT=@@CHARACTER_SET_CLIENT */;
/*!40101 SET @OLD_CHARACTER_SET_RESULTS=@@CHARACTER_SET_RESULTS */;
/*!40101 SET @OLD_COLLATION_CONNECTION=@@COLLATION_CONNECTION */;
/*!40101 SET NAMES utf8mb4 */;

--
-- Database: `nasatech_inma`
--

-- --------------------------------------------------------

--
-- Struktur dari tabel `detail_pengajuan`
--

CREATE TABLE `detail_pengajuan` (
  `id` int(11) NOT NULL,
  `id_pengajuan_harga` int(11) NOT NULL,
  `id_harga` int(11) NOT NULL,
  `harga_pokok_granit` int(11) NOT NULL,
  `harga_pokok_keramik` int(11) NOT NULL,
  `harga_jual_granit` int(11) NOT NULL,
  `harga_jual_keramik` int(11) NOT NULL,
  `jumlah` decimal(10,0) NOT NULL,
  `created_at` datetime NOT NULL,
  `updated_at` datetime NOT NULL,
  `updated_by` int(11) NOT NULL,
  `is_deleted` varchar(1) NOT NULL DEFAULT '0'
) ENGINE=InnoDB DEFAULT CHARSET=latin1;

--
-- Dumping data untuk tabel `detail_pengajuan`
--

INSERT INTO `detail_pengajuan` (`id`, `id_pengajuan_harga`, `id_harga`, `harga_pokok_granit`, `harga_pokok_keramik`, `harga_jual_granit`, `harga_jual_keramik`, `jumlah`, `created_at`, `updated_at`, `updated_by`, `is_deleted`) VALUES
(1, 1, 5, 500000, 500000, 600000, 600000, 1, '2020-07-12 19:59:54', '2020-07-12 19:59:54', 0, '0'),
(2, 1, 6, 260000, 260000, 440000, 440000, 1, '2020-07-12 19:59:54', '2020-07-12 19:59:54', 0, '0'),
(3, 1, 7, 100000, 100000, 130000, 130000, 1, '2020-07-12 19:59:54', '2020-07-12 19:59:54', 0, '0'),
(4, 1, 8, 1880000, 1650000, 3000000, 2300000, 1, '2020-07-12 19:59:54', '2020-07-12 19:59:54', 0, '0'),
(5, 1, 25, 160000, 160000, 200000, 200000, 1, '2020-07-12 19:59:54', '2020-07-12 19:59:54', 0, '0'),
(6, 1, 22, 300000, 300000, 465000, 465000, 1, '2020-07-12 19:59:54', '2020-07-12 19:59:54', 0, '0'),
(7, 1, 30, 200000, 200000, 400000, 400000, 1, '2020-07-12 19:59:54', '2020-07-12 19:59:54', 0, '0'),
(8, 1, 32, 0, 0, 30000, 30000, 1, '2020-07-12 19:59:54', '2020-07-12 19:59:54', 0, '0'),
(9, 1, 37, 5000, 10000, 10000, 20000, 1, '2020-07-12 19:59:54', '2020-07-12 19:59:54', 0, '0'),
(10, 2, 4, 450000, 450000, 550000, 550000, 1, '2020-07-13 17:36:43', '2020-07-13 17:36:43', 16, '0'),
(11, 2, 5, 500000, 500000, 600000, 600000, 1, '2020-07-13 17:36:43', '2020-07-13 17:36:43', 16, '0'),
(12, 2, 6, 260000, 260000, 440000, 440000, 1, '2020-07-13 17:36:43', '2020-07-13 17:36:43', 16, '0'),
(13, 2, 7, 100000, 100000, 130000, 130000, 1, '2020-07-13 17:36:43', '2020-07-13 17:36:43', 16, '0'),
(14, 2, 8, 1880000, 1650000, 3000000, 2300000, 1, '2020-07-13 17:36:43', '2020-07-13 17:36:43', 16, '0'),
(15, 2, 25, 160000, 160000, 200000, 200000, 1, '2020-07-13 17:36:43', '2020-07-13 17:36:43', 16, '0'),
(16, 3, 4, 450000, 450000, 550000, 550000, 1, '2020-07-13 17:38:15', '2020-07-13 17:38:15', 16, '0'),
(17, 3, 5, 500000, 500000, 600000, 600000, 1, '2020-07-13 17:38:15', '2020-07-13 17:38:15', 16, '0'),
(18, 3, 6, 260000, 260000, 440000, 440000, 1, '2020-07-13 17:38:15', '2020-07-13 17:38:15', 16, '0'),
(19, 3, 7, 100000, 100000, 130000, 130000, 1, '2020-07-13 17:38:15', '2020-07-13 17:38:15', 16, '0'),
(20, 3, 8, 1880000, 1650000, 3000000, 3000000, 1, '2020-07-13 17:38:15', '2020-07-13 17:38:15', 16, '0'),
(21, 3, 25, 160000, 160000, 200000, 200000, 1, '2020-07-13 17:38:15', '2020-07-13 17:38:15', 16, '0'),
(22, 3, 32, 0, 0, 300000, 300000, 1, '2020-07-13 17:38:15', '2020-07-13 17:38:15', 16, '0'),
(23, 3, 37, 5000, 10000, 10000, 20000, 1, '2020-07-13 17:38:15', '2020-07-13 17:38:15', 16, '0'),
(28, 5, 2, 880000, 640000, 0, 1100000, 1, '2020-07-14 21:14:49', '2020-07-14 21:14:49', 16, '0'),
(29, 5, 9, 1800000, 1440000, 0, 2200000, 1, '2020-07-14 21:14:49', '2020-07-14 21:14:49', 16, '0'),
(30, 5, 19, 880000, 880000, 0, 1500000, 1, '2020-07-14 21:14:49', '2020-07-14 21:14:49', 16, '0'),
(31, 5, 22, 300000, 300000, 0, 465000, 1, '2020-07-14 21:14:49', '2020-07-14 21:14:49', 16, '0'),
(40, 6, 9, 1800000, 1440000, 2700000, 2200000, 1, '2020-07-15 19:48:12', '2020-07-15 19:48:12', 16, '0'),
(41, 6, 10, 0, 0, 0, 0, 1, '2020-07-15 19:48:12', '2020-07-15 19:48:12', 16, '0'),
(42, 6, 2, 880000, 640000, 1400000, 1100000, 1, '2020-07-15 19:48:12', '2020-07-15 19:48:12', 16, '0'),
(43, 6, 3, 0, 0, 0, 0, 1, '2020-07-15 19:48:12', '2020-07-15 19:48:12', 16, '0'),
(44, 6, 19, 880000, 880000, 1500000, 1500000, 1, '2020-07-15 19:48:12', '2020-07-15 19:48:12', 16, '0'),
(45, 6, 20, 0, 0, 0, 0, 1, '2020-07-15 19:48:12', '2020-07-15 19:48:12', 16, '0'),
(46, 6, 22, 300000, 300000, 465000, 465000, 1, '2020-07-15 19:48:12', '2020-07-15 19:48:12', 16, '0'),
(47, 6, 32, 0, 0, 10000, 10000, 1, '2020-07-15 19:48:12', '2020-07-15 19:48:12', 16, '0'),
(150, 7, 9, 1800000, 1440000, 2700000, 2200000, 1, '2020-08-05 20:01:19', '2020-08-05 20:01:19', 16, '0'),
(151, 7, 10, 1880000, 1120000, 3000000, 1900000, 1, '2020-08-05 20:01:19', '2020-08-05 20:01:19', 16, '0'),
(152, 7, 11, 200000, 160000, 300000, 250000, 1, '2020-08-05 20:01:19', '2020-08-05 20:01:19', 16, '0'),
(153, 7, 12, 120000, 120000, 275000, 275000, 1, '2020-08-05 20:01:19', '2020-08-05 20:01:19', 16, '0'),
(154, 7, 2, 880000, 640000, 1400000, 1100000, 1, '2020-08-05 20:01:19', '2020-08-05 20:01:19', 16, '0'),
(155, 7, 3, 320000, 320000, 550000, 550000, 1, '2020-08-05 20:01:19', '2020-08-05 20:01:19', 16, '0'),
(156, 7, 4, 450000, 450000, 550000, 550000, 1, '2020-08-05 20:01:19', '2020-08-05 20:01:19', 16, '0'),
(157, 7, 5, 500000, 500000, 600000, 600000, 1, '2020-08-05 20:01:19', '2020-08-05 20:01:19', 16, '0'),
(158, 7, 7, 100000, 100000, 130000, 130000, 1, '2020-08-05 20:01:19', '2020-08-05 20:01:19', 16, '0'),
(159, 7, 25, 160000, 160000, 200000, 200000, 1, '2020-08-05 20:01:19', '2020-08-05 20:01:19', 16, '0'),
(160, 7, 19, 880000, 880000, 1500000, 1500000, 1, '2020-08-05 20:01:19', '2020-08-05 20:01:19', 16, '0'),
(161, 7, 22, 300000, 300000, 465000, 465000, 1, '2020-08-05 20:01:19', '2020-08-05 20:01:19', 16, '0'),
(162, 7, 23, 0, 0, 300000, 300000, 1, '2020-08-05 20:01:19', '2020-08-05 20:01:19', 16, '0'),
(163, 7, 30, 200000, 200000, 400000, 400000, 1, '2020-08-05 20:01:19', '2020-08-05 20:01:19', 16, '0'),
(213, 4, 9, 0, 0, 0, 0, 1, '2020-08-08 21:44:16', '2020-08-08 21:44:16', 27, '0'),
(214, 4, 2, 0, 0, 0, 0, 1, '2020-08-08 21:44:16', '2020-08-08 21:44:16', 27, '0'),
(215, 4, 19, 0, 0, 0, 0, 1, '2020-08-08 21:44:16', '2020-08-08 21:44:16', 27, '0'),
(216, 4, 22, 0, 0, 0, 0, 1, '2020-08-08 21:44:16', '2020-08-08 21:44:16', 27, '0'),
(217, 9, 2, 880000, 640000, 1400000, 1400000, 1, '2020-08-09 10:21:19', '2020-08-09 10:21:19', 16, '0'),
(218, 9, 3, 320000, 320000, 550000, 550000, 1, '2020-08-09 10:21:19', '2020-08-09 10:21:19', 16, '0'),
(219, 9, 5, 500000, 500000, 600000, 600000, 1, '2020-08-09 10:21:19', '2020-08-09 10:21:19', 16, '0'),
(220, 9, 6, 260000, 260000, 440000, 440000, 1, '2020-08-09 10:21:19', '2020-08-09 10:21:19', 16, '0'),
(221, 9, 25, 160000, 160000, 200000, 200000, 1, '2020-08-09 10:21:19', '2020-08-09 10:21:19', 16, '0'),
(222, 9, 27, 2500000, 2250000, 3700000, 3700000, 1, '2020-08-09 10:21:19', '2020-08-09 10:21:19', 16, '0'),
(223, 9, 9, 1800000, 1440000, 2700000, 2700000, 1, '2020-08-09 10:21:19', '2020-08-09 10:21:19', 16, '0'),
(243, 10, 2, 880000, 640000, 1400000, 1100000, 3, '2020-08-14 11:08:19', '2020-08-14 11:08:19', 16, '0'),
(244, 10, 3, 320000, 320000, 550000, 550000, 1, '2020-08-14 11:08:19', '2020-08-14 11:08:19', 16, '0'),
(245, 10, 4, 450000, 450000, 550000, 550000, 1, '2020-08-14 11:08:19', '2020-08-14 11:08:19', 16, '0'),
(246, 10, 5, 500000, 500000, 600000, 600000, 1, '2020-08-14 11:08:19', '2020-08-14 11:08:19', 16, '0'),
(247, 10, 6, 260000, 260000, 440000, 440000, 1, '2020-08-14 11:08:19', '2020-08-14 11:08:19', 16, '0'),
(298, 8, 2, 880000, 640000, 1400000, 1400000, 4, '2020-08-14 16:10:39', '2020-08-14 16:10:39', 16, '0'),
(299, 8, 4, 450000, 450000, 550000, 550000, 1, '2020-08-14 16:10:39', '2020-08-14 16:10:39', 16, '0'),
(300, 8, 7, 100000, 100000, 130000, 130000, 1, '2020-08-14 16:10:39', '2020-08-14 16:10:39', 16, '0'),
(301, 8, 25, 160000, 160000, 200000, 200000, 1, '2020-08-14 16:10:39', '2020-08-14 16:10:39', 16, '0'),
(302, 8, 9, 1800000, 1440000, 2700000, 2200000, 1, '2020-08-14 16:10:39', '2020-08-14 16:10:39', 16, '0'),
(303, 8, 10, 1880000, 1120000, 3000000, 1900000, 1, '2020-08-14 16:10:39', '2020-08-14 16:10:39', 16, '0'),
(304, 8, 11, 200000, 160000, 300000, 250000, 1, '2020-08-14 16:10:39', '2020-08-14 16:10:39', 16, '0'),
(305, 8, 13, 250000, 350000, 410000, 410000, 1, '2020-08-14 16:10:39', '2020-08-14 16:10:39', 16, '0'),
(306, 8, 19, 880000, 880000, 1500000, 1500000, 1, '2020-08-14 16:10:39', '2020-08-14 16:10:39', 16, '0'),
(307, 8, 20, 880000, 880000, 1500000, 1500000, 1, '2020-08-14 16:10:39', '2020-08-14 16:10:39', 16, '0'),
(308, 8, 23, 0, 0, 300000, 300000, 1, '2020-08-14 16:10:39', '2020-08-14 16:10:39', 16, '0'),
(309, 8, 26, 0, 0, 150000, 150000, 1, '2020-08-14 16:10:39', '2020-08-14 16:10:39', 16, '0'),
(310, 8, 31, 250000, 250000, 400000, 400000, 1, '2020-08-14 16:10:39', '2020-08-14 16:10:39', 16, '0'),
(311, 8, 32, 0, 0, 0, 0, 1, '2020-08-14 16:10:39', '2020-08-14 16:10:39', 16, '0'),
(322, 11, 2, 880000, 640000, 1400000, 1100000, 1, '2020-08-14 16:11:13', '2020-08-14 16:11:13', 16, '0'),
(323, 11, 3, 320000, 320000, 550000, 550000, 1, '2020-08-14 16:11:13', '2020-08-14 16:11:13', 16, '0'),
(324, 11, 4, 450000, 450000, 550000, 550000, 3, '2020-08-14 16:11:13', '2020-08-14 16:11:13', 16, '0'),
(325, 11, 5, 500000, 500000, 600000, 600000, 1, '2020-08-14 16:11:13', '2020-08-14 16:11:13', 16, '0'),
(326, 11, 6, 260000, 260000, 440000, 440000, 2, '2020-08-14 16:11:13', '2020-08-14 16:11:13', 16, '0'),
(333, 13, 2, 880000, 640000, 1400000, 1100000, 1, '2020-08-24 10:29:10', '2020-08-24 10:29:10', 16, '0'),
(334, 13, 3, 320000, 320000, 550000, 550000, 1, '2020-08-24 10:29:10', '2020-08-24 10:29:10', 16, '0'),
(335, 12, 2, 880000, 640000, 1400000, 1100000, 1, '2020-09-02 19:22:20', '2020-09-02 19:22:20', 16, '0'),
(336, 12, 3, 320000, 320000, 550000, 550000, 3, '2020-09-02 19:22:20', '2020-09-02 19:22:20', 16, '0'),
(337, 12, 5, 500000, 500000, 600000, 600000, 1, '2020-09-02 19:22:20', '2020-09-02 19:22:20', 16, '0'),
(338, 12, 6, 260000, 260000, 440000, 440000, 1, '2020-09-02 19:22:20', '2020-09-02 19:22:20', 16, '0'),
(339, 12, 7, 100000, 100000, 130000, 130000, 1, '2020-09-02 19:22:20', '2020-09-02 19:22:20', 16, '0'),
(340, 12, 23, 0, 0, 300000, 300000, 1, '2020-09-02 19:22:20', '2020-09-02 19:22:20', 16, '0');

-- --------------------------------------------------------

--
-- Struktur dari tabel `devices`
--

CREATE TABLE `devices` (
  `id` int(11) NOT NULL,
  `secure_id` varchar(255) NOT NULL,
  `name` varchar(100) NOT NULL,
  `brand` varchar(100) NOT NULL,
  `manufacture` varchar(100) NOT NULL,
  `model` varchar(100) NOT NULL,
  `product` varchar(100) NOT NULL,
  `serial` varchar(100) NOT NULL,
  `hardware` varchar(100) NOT NULL,
  `version` varchar(100) NOT NULL,
  `reg_id` varchar(255) NOT NULL,
  `created_at` timestamp NOT NULL DEFAULT CURRENT_TIMESTAMP ON UPDATE CURRENT_TIMESTAMP,
  `updated_at` timestamp NOT NULL DEFAULT '0000-00-00 00:00:00'
) ENGINE=InnoDB DEFAULT CHARSET=latin1;

--
-- Dumping data untuk tabel `devices`
--

INSERT INTO `devices` (`id`, `secure_id`, `name`, `brand`, `manufacture`, `model`, `product`, `serial`, `hardware`, `version`, `reg_id`, `created_at`, `updated_at`) VALUES
(1, '9a622e4d0b48b59c', 'RMX1851', 'Realme', 'Realme', 'RMX1851', 'RMX1851', 'unknown', 'qcom', '28', 'cq2O7rH_S8CM4FuktN85k0:APA91bEUVG7fu52iH4Ut34x85FySaiOlENL2oTZACRPkIoJ6W2P_DIdLG2NxLr5i9LTO-yC-UJityuy4jDpEKtiP634pmdazm1fXvIXUWXEcHORYXvzDi2V6C0tV-hAw81wynsXO-OqY', '2020-08-15 07:33:28', '2020-01-29 13:07:01'),
(2, '0ee41f2e26215ebe', 'generic_x86', 'google', 'Google', 'Android SDK built for x86', 'sdk_gphone_x86', 'unknown', 'ranchu', '28', 'regIdCoba2', '2020-01-30 11:31:10', '2020-01-30 11:31:10'),
(3, '7b54085ba74f3bb1', 'generic_x86', 'google', 'Google', 'Android SDK built for x86', 'sdk_gphone_x86', 'unknown', 'ranchu', '29', 'ckbVMcaelRQ:APA91bFsWN5RbEZjdRMNHLoDm7kv6BKYGAKCVOzf9FLsuE2LgWEP-GUaC9Vy8d5eJTtop2CJsOX5LKqTa8Pd5DhATT8DGo-mtnfMqIuNOgxRl5wlh8OnSd3v2688ZP1GZxi1hNURyeor', '2020-03-27 11:26:18', '2020-02-06 11:19:17'),
(4, 'd4afbe257b4b72f2', 'RMX1851', 'Realme', 'Realme', 'RMX1851', 'RMX1851', 'unknown', 'qcom', '28', 'cWoT67eYTXGSUl4gxe6a2B:APA91bF3p1ZlCRy3vr_p2nunXlCZcB4wpTf0RuZmKPJusA3aRJEl5pUgJw3Tk-3WtEcZfRzlv_veB6LW_YM2WKO9YB9h3a-3xULY47krHaIQp-OMYRaiNQsNm2rWnjKv3q_dw3mCZrYr', '2020-08-25 13:16:03', '2020-02-09 01:53:38'),
(5, '86a606065729ebee', 'oxygen', 'Xiaomi', 'Xiaomi', 'MI MAX 2', 'oxygen', 'e2706a61', 'qcom', '25', 'e0ygQhUVRmGlMivWFpcm3i:APA91bGfqEkXY8C9l0MIPVIC0vLoLFyIduiwriMovpyvVmzvt8QaBXZ62jc7rvj7DN7duFbIa0of5kdtY97tTPKprwJJAYgOdUpqtOjQunaEbvgKyoBMiM_T-0Nr8s82jGp17hceiDVY', '2020-05-08 23:37:00', '2020-02-21 11:24:43'),
(6, '614ece438f4d547b', 'RMX1851', 'Realme', 'Realme', 'RMX1851', 'RMX1851', 'unknown', 'qcom', '29', 'duHjjXJ_SMOb6tDCzeb4Nt:APA91bGkt6uKsN3XfMkojBhjkHTmC9pXa-sFMfiBChDms8KQVMPo-wCsGxiCR5O5IxNNlRPnawOkWTdqnzJE9OAAsD6HnikeD_5yCjCvRQOTbyHHwPh21YjUCA3ma0nYZrrGau_49RXT', '2020-07-24 09:59:17', '2020-02-26 07:25:34'),
(7, 'e221d0da46267434', 'whyred', 'xiaomi', 'Xiaomi', 'Redmi Note 5', 'whyred', '1912c6ae', 'qcom', '27', 'fruxfruZREe2NQTr45EXnG:APA91bF34DW_9T2T09krg0qnlq2S0n9UURzx3tHT3YY9LEC37hHxi4MwhzHNTPcK0k5aRnuqvCGgUYRFHAdmAPlNDsrTlst_4IlanCDVP0vYN1ppKdch-xVyArzRRfWlLkjon2Jn1rmA', '2020-08-24 08:17:30', '2020-02-29 04:39:41'),
(8, '26c5509ee89154df', 'ysl', 'xiaomi', 'Xiaomi', 'Redmi S2', 'ysl', 'unknown', 'qcom', '28', 'fbdHx407RZCgqCqiEMGEXQ:APA91bHxGomoc0DPzZRgR2-HwXyk0mB4kstoLT1pARYNvs7C5Cz38LeqdhQr29RfFqIUm7WtmrTg_nECcTlxQWj-Z9fc0kyrJQXtT9N5lrTMMByz_w6wJ0kiUfGUgqfDBniulIwb_FeX', '2020-07-15 04:42:53', '2020-02-29 05:18:26'),
(9, 'edoganteng', 'RMX1851', 'Realme', 'Realme', 'RMX1851', 'RMX1851', 'unknown', 'qcom', '28', '', '2020-03-09 10:40:25', '2020-03-04 03:03:48'),
(10, '19190163602457e5', '1804', 'vivo', 'vivo', 'vivo 1804', '1804', 'unknown', 'qcom', '28', 'elw2GiqWSiydkJYqClTOTW:APA91bFh7xeGMIfLpDdlUXM_ZumbnpgG3wFp53bhdo9o-GCactHgNl0mTbuuIHUHaHGz-JtwdgSNgzl4JC2bVddcs_glcWL6PfpaJfphqs99RRxNOtTiLKkt0FkG2tQ81BTwo3tJEOwe', '2020-07-03 02:28:10', '2020-03-06 01:40:18'),
(11, '83a6f80ebcdbd095', 'generic_x86', 'google', 'Google', 'Android SDK built for x86', 'sdk_gphone_x86', 'EMULATOR29X3X4X0', 'ranchu', '27', 'caHHgZR-5Dw:APA91bFmUMj1YHoDp1Chvjbo_AvBaGZnImCHl05TPGa-BcYW6lYJtzQKDtTgfDd_b4X7dabDw0MzXProGX_5TUriXpKFqPJ8cl3OZr1NVj9zsW3odXQAzw65e5CkDMe2h242iZqUs2wK', '2020-04-01 09:41:03', '2020-04-01 09:41:03'),
(12, '7fac1f1dd3370859', 'generic_x86', 'google', 'Google', 'Android SDK built for x86', 'sdk_gphone_x86', 'EMULATOR29X3X4X0', 'ranchu', '27', 'eDn89Pnm5JQ:APA91bHgwKpjl9Rbmw9uRXqtEMWWCEsXyEVhTLS5DhsQ0hYnp8puCquC40ljeaTAdknqDkwW7mQph0bZK-bOfUpzpDXZCAK99c8Mrdg5my7LtnO3DUPgGPljAzyJH1xP4V4HzjarVUYv', '2020-05-06 10:36:06', '2020-04-16 01:35:13'),
(13, '548da8a5a57bf0ca', 'ginkgo', 'xiaomi', 'Xiaomi', 'Redmi Note 8', 'ginkgo', 'unknown', 'qcom', '28', 'eFRIf2aATgerMHqUXfKutv:APA91bEx4PIBo_j1pMW7RRSXwZxC7uUJ8t7gYFmStuIihEJP_cEOPeWHhpC0kQlOf54Djf-Oin2QJkCh9uYaeW7naz4-h4AnGkOpOnxuclxtbsEc1cXSYOQddrZXwuqNYr7r94vliBI6', '2020-09-01 08:35:07', '2020-04-24 12:17:41'),
(14, '58a55f7e9fdb827', 'sanders_n', 'motorola', 'motorola', 'Moto G (5S) Plus', 'sanders_n', 'ZY322GSF6B', 'qcom', '25', 'eeEeKJ6hQYWhYWBz8Ap1Ux:APA91bFGtlu5qrvhljtiZh7rGmty2U49oBG2qXyEHTjEXn3Ku5RPYsya0rUh26UgJuQZyPK90uhpRzhB7p_MECxQOOd6z2yajgpXVUzURnSlfZS4Zgc3vRdOf6ixDR8ANjqWILtY537Y', '2020-05-28 09:11:09', '2020-05-18 03:23:14'),
(15, '05285ce9c1faa66c', 'generic_x86', 'google', 'Google', 'Android SDK built for x86', 'sdk_gphone_x86', 'EMULATOR29X3X4X0', 'ranchu', '27', 'fuxjU8t7TgO-UBku73mzgR:APA91bGUzvBkpWDg5luOIfs3BVhCVi5oqY0IXctEHn2orAVDPDxKaDcEOiccnGkNhTqsJi7p1W_AKkPD4ml0rae6xOPj1xpKiBq2zCLaSU02tTXA_tk4eaunHnD4sRqTMtwAJLPZbqtv', '2020-06-22 09:56:35', '2020-06-22 09:56:35'),
(16, '43d7ae5809d665f9', 'generic_x86', 'google', 'Google', 'Android SDK built for x86', 'sdk_gphone_x86', 'EMULATOR29X3X4X0', 'ranchu', '27', 'cpoFMRAkTvKbMbXDCA8ilt:APA91bFAwtzQPndE2EievrXub1bNmjRmFRGTN2feqvMiOAMDRULgxTSRG1A__b9VwTbqba6E63odlH1KpOYzIjfIN1WDA_-ARPUyureBI53ZcA8PDD4DT1FLS5Spc9NYKiHDJl-ZmVVR', '2020-08-31 12:44:42', '2020-06-30 11:48:08'),
(17, '1c1b0d9f1a6c5351', 'greatlte', 'samsung', 'samsung', 'SM-N950F', 'greatltexx', 'd9f1a6c53511c1b0', 'samsungexynos8895', '19', 'dBZW1_v6R4i3pyebhm7ncU:APA91bGeuRfOAaVx6LyqTAYBUYnwwWr4cHhsqReCt5_mIdpf_uR43jC-bS9bX2vDAuJwnQfn7ov3eyXkku0e5D9-oMzoUxKj9Dc0J0FZkgS5GUBPNxkKGqZuC8vEQGIT2KqvzCDEjTXf', '2020-07-28 11:24:16', '2020-07-05 01:48:42'),
(18, '182bb50673695dc1', 'onc', 'xiaomi', 'Xiaomi', 'Redmi 7', 'onc', 'unknown', 'qcom', '28', 'ewM0fAMgQEil7N3a-9JQLH:APA91bG6eghEyLEvMVEXjKU3rxb_x1SK_FUKkvMrn7PfXhupGYfJoG74bQONlXRTg5_sf02DPawdP9MDGpYZ614IBTQhaiN83morYZTocXDnUIWtKajd9PhC7LUUv1zyKMRDCj0JDgRw', '2020-09-01 15:03:42', '2020-09-01 15:03:42'),
(19, 'a4e52ccd879bbd20', 'kenzo', 'Xiaomi', 'Xiaomi', 'Redmi Note 3', 'kenzo', '52df4758', 'qcom', '23', 'doOf-lSLQJWTx4QI5aX1X3:APA91bHQssrP2CZq3cr_ICKGsJey6_IBWB1kVZ3WS5F5eRJVEjTwrBYIe-YKwGtPgN0Z-Cv-qCyIb7VWMUwd0NCsuD5Y9F29Q0Z0FpJYB-WycIWBaP-VtEt0SXpEFuh14DwBXzOCqvaj', '2020-09-01 15:05:20', '2020-09-01 15:05:20');

-- --------------------------------------------------------

--
-- Struktur dari tabel `harga`
--

CREATE TABLE `harga` (
  `id` int(11) NOT NULL,
  `nama` varchar(100) NOT NULL,
  `kategori` varchar(1) NOT NULL,
  `harga_pokok_granit` int(11) NOT NULL,
  `harga_pokok_keramik` int(11) NOT NULL,
  `harga_jual_granit` int(11) NOT NULL,
  `harga_jual_keramik` int(11) NOT NULL,
  `note_granit` varchar(100) NOT NULL,
  `note_keramik` varchar(100) NOT NULL,
  `created_at` timestamp NOT NULL DEFAULT CURRENT_TIMESTAMP,
  `updated_at` datetime NOT NULL
) ENGINE=InnoDB DEFAULT CHARSET=latin1;

--
-- Dumping data untuk tabel `harga`
--

INSERT INTO `harga` (`id`, `nama`, `kategori`, `harga_pokok_granit`, `harga_pokok_keramik`, `harga_jual_granit`, `harga_jual_keramik`, `note_granit`, `note_keramik`, `created_at`, `updated_at`) VALUES
(2, 'Pintu Bawah', '1', 880000, 640000, 1400000, 1100000, 'Ukuran 60x60', 'Ukuran 50x50', '2020-06-26 14:11:13', '2020-06-26 21:11:13'),
(3, 'Sekat Vertikal', '1', 320000, 320000, 550000, 550000, '+ Ambalan', '+ Ambalan Granit', '2020-06-26 14:13:16', '2020-06-26 21:13:16'),
(4, 'Rak Piring 2 Susun + Nampan', '1', 450000, 450000, 550000, 550000, '', '', '2020-06-26 14:13:16', '2020-06-26 21:13:16'),
(5, 'Rak Piring 3 Susun + Nampan', '1', 500000, 500000, 600000, 600000, '', '', '2020-06-26 14:15:38', '2020-06-26 21:15:38'),
(6, 'Lacik Tarik Drawer (Fiber Semen)', '1', 260000, 260000, 440000, 440000, '', '', '2020-06-26 14:15:38', '2020-06-26 21:15:38'),
(7, 'Nampan Sendok', '1', 100000, 100000, 130000, 130000, '', '', '2020-06-26 14:18:16', '2020-06-26 21:18:16'),
(8, 'Kabinet Bawah (60x80)', '1', 1880000, 1650000, 3000000, 2300000, 'Full Granit (60x80)', 'Granit Keramik (60x80)', '2020-06-26 14:18:16', '2020-06-26 21:18:16'),
(9, 'Kabinet Atas', '2', 1800000, 1440000, 2700000, 2200000, '(30x70)', '(40x80)', '2020-06-26 14:25:03', '2020-06-26 21:25:03'),
(10, 'Kabinet Atas', '2', 1880000, 1120000, 3000000, 1900000, '(40x70)', '(40x60)', '2020-06-26 14:25:03', '2020-06-26 21:25:03'),
(11, 'Sekat Vertikal Lemari Atas', '2', 200000, 160000, 300000, 250000, '', '', '2020-06-26 14:27:27', '2020-06-26 21:27:27'),
(12, 'Rak Piring Gantung Melamin', '2', 120000, 120000, 275000, 275000, '', '', '2020-06-26 14:27:27', '2020-06-26 21:27:27'),
(13, 'Rak Piring Gelas Gantung Melamin + Nampan', '2', 250000, 350000, 400000, 400000, '', '', '2020-06-26 14:30:34', '2020-06-26 21:30:34'),
(14, 'Rak Piring Gantung Stainless', '2', 250000, 350000, 550000, 550000, '', '', '2020-06-26 14:30:34', '2020-06-26 21:30:34'),
(16, 'Lampu Downlight', '2', 160000, 160000, 330000, 330000, '', '', '2020-06-26 14:37:10', '2020-06-26 21:37:10'),
(17, 'Lampu LED Strip Bawah Kabinet', '2', 200000, 200000, 300000, 330000, '', '', '2020-06-26 14:37:10', '2020-06-26 21:37:10'),
(18, 'Rak Terbuka', '2', 320000, 300000, 550000, 450000, 'Granit (Lebar 30 cm)', 'Keramik (Lebar 40 cm)', '2020-06-26 14:37:10', '2020-06-26 21:37:10'),
(19, 'Meja Island (Lebar 60 cm)', '3', 880000, 880000, 1500000, 1500000, '', '', '2020-06-26 14:41:43', '2020-06-26 21:41:43'),
(20, 'Top Table Kompor Tanam', '3', 880000, 880000, 1500000, 1500000, '', '', '2020-06-26 14:41:43', '2020-06-26 21:41:43'),
(21, 'Minibar', '3', 4500000, 5500000, 7000000, 5500000, 'Full Granit', 'Top Table Granit + Full Keramik', '2020-06-26 14:41:43', '2020-06-26 21:41:43'),
(22, 'Pintu Kaca List Aluminium + Rel Hidrolis', '4', 300000, 300000, 465000, 465000, 'Full Granit', 'Top Table Granit + Full Keramik', '2020-06-26 14:45:36', '2020-06-26 21:45:36'),
(23, 'Desain 3D', '4', 0, 0, 300000, 300000, 'Full Granit', 'Top Table Granit + Full Keramik', '2020-06-26 14:45:36', '2020-06-26 21:45:36'),
(24, 'Ongkos Pasang Hood', '2', 75000, 75000, 150000, 150000, 'Full Granit', 'Top Table Granit + Full Keramik', '2020-06-26 14:45:36', '2020-06-26 21:45:36'),
(25, 'Ongkos Pasang Kompor Tanam', '1', 160000, 160000, 200000, 200000, '', '', '2020-06-26 14:45:36', '2020-06-26 21:45:36'),
(26, 'Ongkos Kirim', '4', 0, 0, 150000, 150000, 'Full Granit', 'Top Table Granit + Full Keramik', '2020-06-26 14:45:36', '2020-06-26 21:45:36'),
(27, 'Kabinet Bawah (60x80) + Badukan', '1', 2500000, 2250000, 3700000, 3000000, '', '', '2020-06-29 12:10:01', '2020-06-29 19:10:01'),
(28, 'Lubang Ventilasi Aluminium', '1', 50000, 50000, 75000, 75000, '', '', '2020-06-29 12:10:01', '2020-06-29 19:10:01'),
(29, 'Minibar Half Version (Kaki Bisa Masuk Bawah Meja)', '3', 3500000, 3000000, 6000000, 4500000, '', '', '2020-06-29 12:23:13', '2020-06-29 19:23:13'),
(30, 'Pintu Kaca List', '4', 200000, 200000, 400000, 400000, 'Granit', 'Keramik', '2020-06-29 12:36:27', '2020-06-29 19:36:27'),
(31, 'Keramik Dinding (Antara meja dan kabinet )\r\n', '4', 250000, 250000, 400000, 400000, '', '', '2020-06-29 12:41:11', '2020-06-29 19:41:11'),
(32, 'Ongkos Bongkar Kitchenset Lama\r\n', '4', 0, 0, 0, 0, '', '', '2020-06-29 12:42:02', '2020-06-29 19:42:02');

-- --------------------------------------------------------

--
-- Stand-in struktur untuk tampilan `harga_view`
-- (Lihat di bawah untuk tampilan aktual)
--
CREATE TABLE `harga_view` (
`id` int(11)
,`nama_harga` varchar(100)
,`id_kategori` varchar(1)
,`kategori` varchar(100)
,`harga_pokok_granit` int(11)
,`harga_pokok_keramik` int(11)
,`harga_jual_granit` int(11)
,`harga_jual_keramik` int(11)
,`note_granit` varchar(100)
,`note_keramik` varchar(100)
,`created_at` timestamp
,`updated_at` datetime
);

-- --------------------------------------------------------

--
-- Struktur dari tabel `jenis_pembayaran`
--

CREATE TABLE `jenis_pembayaran` (
  `id` int(11) NOT NULL,
  `nama` varchar(30) NOT NULL,
  `tipe` int(11) NOT NULL DEFAULT '1',
  `created_at` timestamp NOT NULL DEFAULT CURRENT_TIMESTAMP ON UPDATE CURRENT_TIMESTAMP
) ENGINE=MyISAM DEFAULT CHARSET=latin1;

--
-- Dumping data untuk tabel `jenis_pembayaran`
--

INSERT INTO `jenis_pembayaran` (`id`, `nama`, `tipe`, `created_at`) VALUES
(1, 'GAJI', 2, '2020-08-21 07:33:18'),
(2, 'DOWNPAYMENT', 1, '2020-07-28 00:54:09'),
(3, 'PELUNASAN', 1, '2020-07-28 00:54:09'),
(4, 'TANDA JADI', 1, '2020-07-28 00:54:09'),
(5, 'SYSTEM', 2, '2020-08-21 07:33:22'),
(6, 'PRODUKSI', 2, '2020-08-21 07:33:24');

-- --------------------------------------------------------

--
-- Struktur dari tabel `kategori_produk`
--

CREATE TABLE `kategori_produk` (
  `id` int(11) NOT NULL,
  `nama` varchar(100) NOT NULL,
  `created_at` timestamp NOT NULL DEFAULT CURRENT_TIMESTAMP
) ENGINE=InnoDB DEFAULT CHARSET=latin1;

--
-- Dumping data untuk tabel `kategori_produk`
--

INSERT INTO `kategori_produk` (`id`, `nama`, `created_at`) VALUES
(1, 'AREA BAWAH', '2020-06-26 14:21:37'),
(2, 'AREA ATAS', '2020-06-26 14:21:37'),
(3, 'MEJA TAMBAHAN', '2020-06-26 14:21:37'),
(4, 'PEKERJAAN TAMBAHAN', '2020-06-26 14:21:37');

-- --------------------------------------------------------

--
-- Struktur dari tabel `komplain`
--

CREATE TABLE `komplain` (
  `id` int(11) NOT NULL,
  `tgl_komplain` date NOT NULL,
  `tgl_jatuh_tempo` date NOT NULL,
  `tgl_acc_konsumen` date NOT NULL,
  `description` text NOT NULL,
  `pesanan_id` int(11) NOT NULL,
  `user_id` int(11) NOT NULL,
  `status` int(11) NOT NULL,
  `flow_id` int(11) NOT NULL,
  `mitra_pemasang_kusen` int(11) NOT NULL,
  `mitra_pemasang_finish` int(11) NOT NULL,
  `created_at` timestamp NOT NULL DEFAULT CURRENT_TIMESTAMP ON UPDATE CURRENT_TIMESTAMP,
  `updated_at` timestamp NOT NULL DEFAULT '0000-00-00 00:00:00',
  `is_deleted` int(11) NOT NULL DEFAULT '0'
) ENGINE=MyISAM DEFAULT CHARSET=latin1;

--
-- Dumping data untuk tabel `komplain`
--

INSERT INTO `komplain` (`id`, `tgl_komplain`, `tgl_jatuh_tempo`, `tgl_acc_konsumen`, `description`, `pesanan_id`, `user_id`, `status`, `flow_id`, `mitra_pemasang_kusen`, `mitra_pemasang_finish`, `created_at`, `updated_at`, `is_deleted`) VALUES
(5, '2020-06-23', '2020-09-14', '2020-08-15', 'lem2an lepas dr pintu', 130, 27, 0, 8, 32, 0, '2020-08-15 07:29:58', '2020-08-15 07:29:58', 0),
(6, '2020-06-23', '1970-01-31', '0000-00-00', 'lem2an lepas dr pintu', 130, 27, 0, 3, 36, 0, '2020-07-23 02:18:18', '2020-07-23 02:18:18', 1),
(7, '2020-06-24', '2020-07-24', '2020-07-20', 'plat besi lepas', 141, 27, 0, 4, 36, 0, '2020-07-23 02:38:11', '2020-07-23 02:38:11', 1),
(8, '2020-06-24', '2020-08-27', '2020-07-28', 'plat engsel lem2an lepas', 143, 27, 0, 8, 32, 0, '2020-07-28 07:50:07', '2020-07-28 07:50:07', 0),
(9, '2020-06-24', '2020-08-22', '2020-07-23', 'plat engsel lem2an lepas', 143, 27, 0, 8, 36, 0, '2020-07-23 03:53:02', '2020-07-23 03:53:02', 1),
(10, '2020-07-10', '2020-08-09', '2020-08-15', 'engsel lepas', 148, 27, 0, 8, 33, 0, '2020-08-15 13:19:07', '2020-08-15 13:19:07', 0),
(11, '2020-03-18', '2020-08-23', '2020-07-24', 'pintu lepas, udah dr maret belum ditindaklanjuti.', 154, 27, 0, 8, 31, 0, '2020-07-24 09:52:05', '2020-07-24 09:52:05', 0),
(12, '2020-07-14', '2020-08-23', '2020-07-24', 'lem2an plat besinlepas dr pintunya baru 3 bulan', 155, 27, 0, 8, 31, 0, '2020-07-24 10:00:48', '2020-07-24 10:00:48', 0),
(13, '2020-07-05', '2020-08-04', '0000-00-00', 'handle pintu lepas bautnya, tinggal ngencangi', 156, 27, 0, 2, 0, 0, '2020-08-16 11:44:08', '2020-08-16 11:44:08', 1),
(14, '2020-02-29', '2020-03-30', '0000-00-00', 'lem pintu lepas udah 5 bulan belum diperbaiki', 158, 27, 0, 4, 31, 0, '2020-08-16 02:09:35', '2020-08-16 02:09:35', 0),
(15, '2020-08-09', '2020-09-30', '2020-08-31', 'Pintu lepas dari rangka dan pecah', 178, 28, 0, 8, 31, 0, '2020-08-31 04:40:25', '2020-08-31 04:40:25', 0),
(16, '2020-08-16', '2020-09-15', '0000-00-00', 'sinc lepas dr meja, sblmnya sdh pernah. minta disemen atau bgmn bgtu agar tidak mudah lepas.', 182, 27, 0, 2, 0, 0, '2020-08-16 05:47:37', '2020-08-16 05:47:37', 0);

-- --------------------------------------------------------

--
-- Struktur dari tabel `komplain_files`
--

CREATE TABLE `komplain_files` (
  `id` int(11) NOT NULL,
  `komplain_id` int(11) NOT NULL,
  `tipe` char(5) NOT NULL,
  `nama_file` varchar(200) NOT NULL,
  `created_at` timestamp NOT NULL DEFAULT CURRENT_TIMESTAMP ON UPDATE CURRENT_TIMESTAMP,
  `updated_at` timestamp NOT NULL DEFAULT '0000-00-00 00:00:00'
) ENGINE=MyISAM DEFAULT CHARSET=latin1;

--
-- Dumping data untuk tabel `komplain_files`
--

INSERT INTO `komplain_files` (`id`, `komplain_id`, `tipe`, `nama_file`, `created_at`, `updated_at`) VALUES
(6, 11, 'OM', '1594711999192.jpg', '2020-07-14 07:33:22', '2020-07-14 07:33:22'),
(5, 11, 'OM', '1594711999047.jpg', '2020-07-14 07:33:22', '2020-07-14 07:33:22'),
(4, 10, 'OM', '1594343968600.jpg', '2020-07-10 01:19:34', '2020-07-10 01:19:34'),
(7, 11, 'OM', '1594711999416.jpg', '2020-07-14 07:33:22', '2020-07-14 07:33:22'),
(8, 12, 'OM', '1594728998377.jpg', '2020-07-14 12:16:47', '2020-07-14 12:16:47'),
(9, 12, 'OM', '1594728998482.jpg', '2020-07-14 12:16:47', '2020-07-14 12:16:47'),
(10, 12, 'OM', '1594728998548.jpg', '2020-07-14 12:16:47', '2020-07-14 12:16:47'),
(11, 13, 'OM', '1594773033333.jpg', '2020-07-15 00:30:38', '2020-07-15 00:30:38'),
(12, 14, 'OM', '1594951933391.jpg', '2020-07-17 02:12:17', '2020-07-17 02:12:17'),
(13, 15, 'OM', '1597197847240.jpg', '2020-08-12 02:04:17', '2020-08-12 02:04:17'),
(14, 15, 'OM', '1597197847310.jpg', '2020-08-12 02:04:17', '2020-08-12 02:04:17'),
(15, 10, 'PF', '1597497540058.jpg', '2020-08-15 13:19:07', '2020-08-15 13:19:07'),
(16, 16, 'OM', '1597556809754.jpg', '2020-08-16 05:47:37', '2020-08-16 05:47:37'),
(17, 16, 'OM', '1597556828628.jpg', '2020-08-16 05:47:37', '2020-08-16 05:47:37');

-- --------------------------------------------------------

--
-- Struktur dari tabel `komplain_log`
--

CREATE TABLE `komplain_log` (
  `id` int(11) NOT NULL,
  `user_id` int(11) NOT NULL,
  `komplain_id` int(11) NOT NULL,
  `aktivitas` text NOT NULL,
  `created_at` timestamp NOT NULL DEFAULT CURRENT_TIMESTAMP ON UPDATE CURRENT_TIMESTAMP
) ENGINE=MyISAM DEFAULT CHARSET=latin1;

--
-- Dumping data untuk tabel `komplain_log`
--

INSERT INTO `komplain_log` (`id`, `user_id`, `komplain_id`, `aktivitas`, `created_at`) VALUES
(1, 27, 6, 'Komplain dihapus', '2020-06-23 07:17:41'),
(2, 27, 7, 'Komplain dihapus', '2020-06-24 09:00:43'),
(3, 27, 9, 'Komplain dihapus', '2020-06-24 09:02:16'),
(4, 27, 10, 'menginputkan data komplain \"engsel lepas\" dari kode order \"COMPLAIN 10 JULI\"', '2020-07-10 01:19:34'),
(5, 27, 11, 'menginputkan data komplain \"pintu lepas, udah dr maret bel...\" dari kode order \"LAWANG\"', '2020-07-14 07:33:22'),
(6, 27, 12, 'menginputkan data komplain \"lem2an plat besinlepas dr pint...\" dari kode order \"PKMD145\"', '2020-07-14 12:16:47'),
(7, 27, 13, 'menginputkan data komplain \"handle pintu lepas bautnya, ti...\" dari kode order \"PGMD208\"', '2020-07-15 00:30:38'),
(8, 27, 14, 'menginputkan data komplain \"lem pintu lepas udah 5 bulan b...\" dari kode order \"PKMD104\"', '2020-07-17 02:12:17'),
(9, 37, 12, 'mengajukan jadwal pasang kusen pada komplain \"lem2an plat besinlepas dr pint...\" ', '2020-07-23 02:19:02'),
(10, 37, 13, 'mengajukan jadwal pasang kusen pada komplain \"handle pintu lepas bautnya, ti...\" ', '2020-07-23 03:04:10'),
(11, 28, 15, 'menginputkan data komplain \"Pintu lepas dari rangka dan pe...\" dari kode order \"KSGK32\"', '2020-08-12 02:04:17'),
(12, 29, 14, 'mengajukan jadwal penanganan pada komplain \"lem pintu lepas udah 5 bulan b...\" ', '2020-08-15 07:26:53'),
(13, 29, 15, 'mengajukan jadwal penanganan pada komplain \"Pintu lepas dari rangka dan pe...\" ', '2020-08-15 07:27:15'),
(14, 27, 14, 'menerima pengajuan jadwal penanganan pada komplain \"lem pintu lepas udah 5 bulan belum diperbaiki\" ', '2020-08-16 02:09:35'),
(15, 27, 16, 'menginputkan data komplain \"sinc lepas dr meja, sblmnya sd...\" dari kode order \"KSGK REVI\"', '2020-08-16 05:47:37'),
(16, 27, 13, 'Komplain dihapus', '2020-08-16 11:44:08'),
(17, 27, 15, 'menolak jadwal penanganan pada komplain \"Pintu lepas dari rangka dan pecah\" ', '2020-08-22 12:21:04'),
(18, 29, 15, 'menerima perubahan jadwal penanganan pada komplain \"Pintu lepas dari rangka dan pecah\" ', '2020-08-22 12:22:23');

-- --------------------------------------------------------

--
-- Struktur dari tabel `komplain_usulan`
--

CREATE TABLE `komplain_usulan` (
  `id` int(11) NOT NULL,
  `jadwal_usulan` date NOT NULL,
  `status` char(2) NOT NULL,
  `rencana_kerja_id` int(11) NOT NULL,
  `flow_id` int(11) NOT NULL,
  `komplain_id` int(11) NOT NULL,
  `created_at` timestamp NOT NULL DEFAULT CURRENT_TIMESTAMP ON UPDATE CURRENT_TIMESTAMP,
  `updated_at` timestamp NOT NULL DEFAULT '0000-00-00 00:00:00',
  `user_id` int(11) NOT NULL,
  `approver_id` int(11) NOT NULL,
  `rescheduler_id` int(11) NOT NULL
) ENGINE=MyISAM DEFAULT CHARSET=latin1;

--
-- Dumping data untuk tabel `komplain_usulan`
--

INSERT INTO `komplain_usulan` (`id`, `jadwal_usulan`, `status`, `rencana_kerja_id`, `flow_id`, `komplain_id`, `created_at`, `updated_at`, `user_id`, `approver_id`, `rescheduler_id`) VALUES
(4, '2020-06-27', 'P', 1, 2, 8, '2020-06-25 02:32:41', '2020-06-25 02:32:41', 29, 0, 0),
(3, '2020-06-27', 'P', 1, 2, 5, '2020-06-25 02:32:21', '2020-06-25 02:32:21', 29, 0, 0),
(5, '2020-07-15', 'P', 1, 2, 10, '2020-07-11 02:03:29', '2020-07-11 02:03:29', 29, 0, 0),
(6, '2020-07-21', 'P', 1, 2, 12, '2020-07-15 04:15:20', '2020-07-15 04:15:20', 29, 0, 0),
(7, '2020-07-21', 'D', 1, 2, 11, '2020-07-23 02:38:11', '2020-07-23 02:38:11', 29, 37, 0),
(13, '2020-07-31', 'D', 1, 2, 9, '2020-07-23 03:13:54', '2020-07-23 03:13:54', 37, 37, 0),
(12, '2020-07-24', 'P', 1, 2, 7, '2020-07-23 02:19:02', '2020-07-23 02:19:02', 37, 0, 0),
(11, '2020-07-24', 'P', 1, 2, 6, '2020-07-23 02:18:18', '2020-07-23 02:18:18', 37, 0, 0),
(14, '2020-07-29', 'D', 2, 5, 10, '2020-08-16 02:09:35', '2020-08-16 02:09:35', 29, 27, 0),
(18, '2020-08-26', 'P', 1, 2, 15, '2020-08-22 12:21:04', '2020-08-22 12:21:04', 27, 0, 0),
(16, '2020-08-24', 'P', 1, 2, 14, '2020-08-15 07:26:53', '2020-08-15 07:26:53', 29, 0, 0),
(17, '2020-08-24', 'R', 1, 2, 15, '2020-08-22 12:21:04', '2020-08-22 12:21:04', 29, 27, 0);

-- --------------------------------------------------------

--
-- Stand-in struktur untuk tampilan `komplain_view`
-- (Lihat di bawah untuk tampilan aktual)
--
CREATE TABLE `komplain_view` (
`id` int(11)
,`tgl_komplain` date
,`tgl_jatuh_tempo` date
,`tgl_acc_konsumen` date
,`description` text
,`pesanan_id` int(11)
,`user_id` int(11)
,`status` int(11)
,`flow_id` int(11)
,`mitra_pemasang_kusen` int(11)
,`mitra_pemasang_finish` int(11)
,`created_at` timestamp
,`updated_at` timestamp
,`is_deleted` int(11)
,`kode_order` varchar(20)
,`tgl_order_masuk` date
,`tanggal_pasang_kusen_pesanan` date
,`tanggal_pasang_finish_pesanan` date
,`tgl_acc_konsumen_pesanan` date
,`nama_pemasang_kusen` varchar(100)
,`nama_pemasang_finish` varchar(100)
,`tanggal_pasang_kusen` date
,`tanggal_pasang_finish` date
,`flow_name` varchar(100)
,`rencana_kerja_id` int(11)
,`rencana_kerja_nama` varchar(50)
,`nama_konsumen` varchar(100)
,`alamat_konsumen` text
,`no_hp_konsumen` varchar(15)
);

-- --------------------------------------------------------

--
-- Struktur dari tabel `konsumen`
--

CREATE TABLE `konsumen` (
  `id` int(11) NOT NULL,
  `nama` varchar(100) NOT NULL,
  `alamat` text NOT NULL,
  `no_hp` varchar(15) NOT NULL,
  `created_at` timestamp NOT NULL DEFAULT '0000-00-00 00:00:00',
  `updated_at` timestamp NOT NULL DEFAULT '0000-00-00 00:00:00'
) ENGINE=InnoDB DEFAULT CHARSET=latin1;

--
-- Dumping data untuk tabel `konsumen`
--

INSERT INTO `konsumen` (`id`, `nama`, `alamat`, `no_hp`, `created_at`, `updated_at`) VALUES
(37, 'FITRI', 'Sedati, Sidoarjo', '+62 813-3299-46', '2020-03-01 03:53:29', '2020-03-01 03:53:29'),
(38, 'Tyas', 'Sawojajar, Malang', '-', '2020-03-03 08:12:18', '2020-03-03 08:12:18'),
(39, 'JULIA', 'Perum Taman Sukodono,Sidoarjo', '082264330003', '2020-03-05 04:06:54', '2020-03-05 04:06:54'),
(40, 'ESTI', 'Pendem, Kota batu', '082334566070', '2020-03-05 04:21:26', '2020-03-05 04:21:26'),
(41, 'PKMD148', 'Pendem, Batu', '082334566070', '2020-03-05 04:46:50', '2020-03-05 04:46:50'),
(42, 'SUAJARNO', 'Kalipare, Kab.Malang', '085608955100', '2020-03-05 04:50:00', '2020-03-05 04:50:00'),
(43, 'GABRIEL', 'Mondoroko, Malang', '08155558468', '2020-03-05 04:55:27', '2020-03-05 04:55:27'),
(44, 'PGBT10', 'Sulfat, Malang', '082232772013', '2020-03-05 06:46:05', '2020-03-05 06:46:05'),
(45, 'VITO', 'Taman Sulfat, Malang', '08889963599', '2020-03-05 06:48:58', '2020-03-05 06:48:58'),
(46, 'DINO', 'Perum GPA, Malang', '081330349339', '2020-03-05 06:51:51', '2020-03-05 06:51:51'),
(47, 'FIRA', 'Perum Citra Home, Malang', '081555866851', '2020-03-06 08:45:14', '2020-03-06 08:45:14'),
(48, 'SHABRINA', 'Perum Bukit Dieng Regency Kav.26 Kota Malang', '08121014593', '2020-03-09 05:20:56', '2020-03-09 05:20:56'),
(49, 'BU LUSIA', 'Jl.danau Rawa Pening, Malang', '081334960909', '2020-03-13 10:02:27', '2020-03-13 10:02:27'),
(50, 'FATHUR', 'Jl. Raya Jombok Kaumrejo, Kec. Ngantang Kota Malang', '081336577235', '2020-03-18 09:48:42', '2020-03-18 09:48:42'),
(53, 'MADIAN', 'Patra Garden Blok E7, Kepuharjo Kab. Malang', '081235714398', '2020-03-28 06:46:57', '2020-03-28 06:46:57'),
(54, 'BAYU RAGIL', 'Jl.sidomulyo 1 Gang Arjuno, Bululawang Kab. Malang', '08563557712', '2020-03-28 06:51:49', '2020-03-28 06:51:49'),
(55, 'BU KARIN', 'Perum Karanglo Indah Blok R No 29', '081555737818', '2020-04-07 00:10:12', '2020-04-07 00:10:12'),
(56, 'PAK HARY', 'Polowijen Garden D7 Blimbing, Malang', '082114535666', '2020-04-07 04:22:13', '2020-04-07 04:22:13'),
(57, 'BU ANNA', 'Perum Ikip Tegalgondo, Malang', '081334582413', '2020-04-17 02:34:40', '2020-04-17 02:34:40'),
(58, 'Yerry', 'Kecamatan Belimbing, Malang', '082139500501', '2020-04-22 01:01:33', '2020-04-22 01:01:33'),
(59, 'BU DIAN', 'Dau, Malang', '085235269767', '2020-04-25 02:16:35', '2020-04-25 02:16:35'),
(60, 'DIANA', 'Sulfat, Malang', '082232772013', '2020-04-27 08:00:29', '2020-04-27 08:00:29'),
(61, 'BU MARIA', 'Graha Kencana Utara 8 No.1', '081334334458', '2020-05-04 02:08:00', '2020-05-04 02:08:00'),
(62, 'CHESSY', 'Jl. Simpang Titian Asri Blok M Nomer 6', '082245917873', '2020-05-04 02:53:25', '2020-05-04 02:53:25'),
(63, 'BU AZNI', 'Batu Villa Park, Batu', '052245577175', '2020-05-06 07:26:25', '2020-05-06 07:26:25'),
(64, 'PAK INDRA', 'Jl.kolonel Sugiono 3A/297, Malang', '081332787931', '2020-05-07 05:07:17', '2020-05-07 05:07:17'),
(65, 'BU DINA', 'Peruma Malang Anggun Sejahtera, Lawang,malang', '085390923637', '2020-05-08 03:56:04', '2020-05-08 03:56:04'),
(66, 'BU SHABRINA', 'Perum Bukit Dieng Regency Kav. 26 Malang', '08121014593', '2020-05-09 02:19:34', '2020-05-09 02:19:34'),
(67, 'BU SHABRINA', 'Perum Bukit Dieng Regency Kav. 26 Malang', '08121014593', '2020-05-09 02:19:37', '2020-05-09 02:19:37'),
(68, 'BU SHABRINA', 'Perum Bukit Dieng Regency Kav. 26 Malang', '08121014593', '2020-05-09 02:19:39', '2020-05-09 02:19:39'),
(69, 'BU SHABRINA', 'Perum Bukit Dieng Regency Kav. 26 Malang', '08121014593', '2020-05-09 02:19:44', '2020-05-09 02:19:44'),
(70, 'BU SHABRINA', 'Perum Bukit Dieng Regency Kav. 26 Malang', '08121014593', '2020-05-09 02:47:46', '2020-05-09 02:47:46'),
(71, 'TRI WIDIANTI', 'Perum Citra Arjosari Recidence, Malang', '081232232431', '2020-05-11 08:01:12', '2020-05-11 08:01:12'),
(72, 'DANANG', 'Belimbing, Kota Malang', '082220077984', '2020-05-18 08:25:21', '2020-05-18 08:25:21'),
(73, 'NURUL', 'Buring Indah, Kedungkandang, Malang', '081233398119', '2020-05-19 03:25:21', '2020-05-19 03:25:21'),
(74, 'FATAN', 'Jl.candra Kirana 02, Singosari, Malang', '087751246231', '2020-05-20 02:32:10', '2020-05-20 02:32:10'),
(75, 'TUTUK', 'Griya Asri Purwosari, Pasuruan', '085889506890', '2020-05-22 23:41:44', '2020-05-22 23:41:44'),
(76, 'NURUL', 'Jl. Pesona Buring Indah, Kedungkandang, Malang', '081233898119', '2020-05-22 23:44:47', '2020-05-22 23:44:47'),
(77, 'NURUL', 'Jl. Pesona Buring Indah, Kedungkandang, Malang', '081233898119', '2020-05-22 23:44:50', '2020-05-22 23:44:50'),
(78, 'NURUL', 'Jl. Pesona Buring Indah, Kedungkandang, Malang', '081233898119', '2020-05-22 23:44:54', '2020-05-22 23:44:54'),
(79, 'Bu Fety', 'Perumahan griya tanjung priok jaya 2 blok G.4 bakalan krajan. sukun', '081805000938', '2020-05-28 09:20:51', '2020-05-28 09:20:51'),
(80, 'Aisyah', 'Perum Malang Anggun Sejahtera Blok E2/2, sumber porong, lawang, kab. Malang', '+62 822-3362-66', '2020-05-28 09:24:47', '2020-05-28 09:24:47'),
(81, 'Pak Stevan', 'Tidar Villa Estate blok Af No.12 a.', '+62 813-3207-29', '2020-05-28 09:29:50', '2020-05-28 09:29:50'),
(82, 'Pak Riza ', 'Griya Singosari Inside Blok AA no 40\nCandirenggo, Singosari\nKab.Malang', '+62 857-5550-67', '2020-05-28 09:37:56', '2020-05-28 09:37:56'),
(83, 'PAK SUGI', 'PBI Araya, A1-15 Malang', '-', '2020-05-29 01:57:34', '2020-05-29 01:57:34'),
(84, 'Sri Rahayu', 'Alamat : Perum Citra Pesona Buring Raya blok D6 no 2\r\nKota Malang', '081216320625', '2020-06-02 05:47:03', '2020-06-02 05:47:03'),
(85, 'Bu Sherley', 'Jl Dr Saleh No 44 Kota Probolinggo ', '+62 852-3632-23', '2020-06-02 06:54:25', '2020-06-02 06:54:25'),
(86, 'Bu Sri Rahayu', 'Perum Citra Pesona Buring Raya Blok D6 No.2, Malang', '-', '2020-06-02 06:57:10', '2020-06-02 06:57:10'),
(87, 'Bu Sri Rahayu', 'Perum Citra Pesona Buring Raya Blok D6 No.2, Malang', '-', '2020-06-02 06:57:15', '2020-06-02 06:57:15'),
(88, 'Bu Sri Rahayu', 'Perum Citra Pesona Buring Raya Blok D6 No.2, Malang', '-', '2020-06-02 06:57:28', '2020-06-02 06:57:28'),
(89, 'Bu Sri Rahayu', 'Perum Citra Pesona Buring Raya Blok D6 No.2, Malang', '-', '2020-06-02 06:57:59', '2020-06-02 06:57:59'),
(90, 'Bu Sri Rahayu', 'Perum Citra Pesona Buring Raya Blok D6 No.2, Malang', '-', '2020-06-02 06:58:53', '2020-06-02 06:58:53'),
(91, 'BU SRI RAHAYU', 'Perum Citra Pesona Buring Raya Blok D6 NO 2, Malang', '-', '2020-06-02 07:00:46', '2020-06-02 07:00:46'),
(92, 'Zaenal Arifin', 'jl.kenanga indah 12o\njatimulyo, lowokwaru\nkota malang', '+62 856-4674-61', '2020-06-04 02:02:39', '2020-06-04 02:02:39'),
(93, 'Bu Aulia ', 'Permata jingga west area C.21. (Rumah Pojokan)', '+62 812-3582-31', '2020-06-04 09:27:41', '2020-06-04 09:27:41'),
(94, 'Bu Titin', 'jl Tirto Mulyo 64 RT 3 RW9 Landungsari Dau', '+62 813-3482-69', '2020-06-06 01:22:11', '2020-06-06 01:22:11'),
(95, 'Bu Lisa', 'Jl. Kodya, Krajan, Tegalweru, Kec. Dau, Malang, Jawa Timur 65151', '+62 852-5886-49', '2020-06-06 07:54:21', '2020-06-06 07:54:21'),
(96, 'Bu Ika Noer', 'Grand Arumba Blok C19/C20', '085335284349', '2020-06-06 08:05:50', '2020-06-06 08:05:50'),
(97, 'Ning Fatmah', 'pondok surya kencana 1 no D15', '+62 819-3331-33', '2020-06-08 02:16:07', '2020-06-08 02:16:07'),
(98, 'Bu Elizabeth', 'Perum Royal Permata Garden Cluster II No.15 Malang', '+62 812-3327-27', '2020-06-09 02:24:43', '2020-06-09 02:24:43'),
(99, 'Pak Rendra', 'perum Cityside Residence blok K2 no 5 lowokdoro - malang', '+62 857-4871-31', '2020-06-09 09:32:52', '2020-06-09 09:32:52'),
(100, 'Pak Rendra', 'perum Cityside Residence blok K2 no 5 lowokdoro - malang', '+62 857-4871-31', '2020-06-09 09:32:54', '2020-06-09 09:32:54'),
(101, 'Pak Jonatan', 'Perumahan Permata Pulosari kav.59 Purwodadi kec. Blimbing Malang', '+62 812-4707-33', '2020-06-10 06:14:17', '2020-06-10 06:14:17'),
(102, 'Bu Karin', 'Karanglo indah Blok R 29 Malang', '081555737818', '2020-06-15 15:24:07', '2020-06-15 15:24:07'),
(103, 'Bu Novie', 'Perum pirnaha Garden B3 MALANG', '+62 813-5780-49', '2020-06-15 15:27:27', '2020-06-15 15:27:27'),
(104, 'Bu Novvi', 'Perum Piranha Garden B3 Kota Malang', '+62 813-5780-49', '2020-06-15 23:57:39', '2020-06-15 23:57:39'),
(105, 'Bu Novvi', 'Perum Piranha Garden B3 Kota Malang', '+62 813-5780-49', '2020-06-15 23:57:42', '2020-06-15 23:57:42'),
(106, 'Bu Novvi', 'Perum Piranha Garden B3 Kota Malang', '+62 813-5780-49', '2020-06-15 23:57:45', '2020-06-15 23:57:45'),
(107, 'Bu Novvi', 'Perum Piranha Garden B3 Kota Malang', '+62 813-5780-49', '2020-06-15 23:57:47', '2020-06-15 23:57:47'),
(108, 'Bu Fajar', 'Simpang Sulfat Utara 9 Malang', '+62 821-4572-28', '2020-06-16 06:33:07', '2020-06-16 06:33:07'),
(109, 'Bu Annisa Rizka', 'Perumahan Banjar Arum Asri', '082131177188', '2020-06-19 06:31:05', '2020-06-19 06:31:05'),
(110, 'Pak Taufiq', 'P.Patra Garden blok Tulip no.22 Kepuh Malang', '+62 822-3020-19', '2020-06-19 06:33:36', '2020-06-19 06:33:36'),
(111, 'Bu Fela Susanto', 'Perum karanglo indah blok w no 5 Malang', '+62 822-1408-22', '2020-06-20 08:35:24', '2020-06-20 08:35:24'),
(112, 'Bu Titin', 'DeDaun Residence B10\nTasikmadu (Jl. Atletik)', '+62 856-4696-96', '2020-06-21 07:00:45', '2020-06-21 07:00:45'),
(113, 'Anton Kurniawan', 'Bukit Dieng Permai C12 A', '085100307654', '2020-06-22 03:08:34', '2020-06-22 03:08:34'),
(114, 'Anton Kurniawan', 'Bukit Dieng Permai C12 A', '085100307654', '2020-06-22 03:25:09', '2020-06-22 03:25:09'),
(123, 'Susan', 'Rich Garden Cluster Alviro No.B8', '+62 821-3255-55', '2020-06-24 08:06:51', '2020-06-24 08:06:51'),
(124, 'Ahmad Riza \"Pak Fauzi\"', 'Jl. MT Haryono Gg. 19 No.Jalan M.T. Haryono Gang 19 No.98, Dinoyo, Kec. Lowokwaru, Kota Malang', '+62 813-3324-66', '2020-06-24 08:55:19', '2020-06-24 08:55:19'),
(125, 'Bu Susan', 'd rich garden cluster alviro nomer B-8 ', '+62 821-3255-55', '2020-06-24 09:01:49', '2020-06-24 09:01:49'),
(126, 'Bu Anna ', 'Perum IKIP tegalgondo Asri Blok 3E No.14 Malang', '+62 813-3458-24', '2020-06-24 10:24:17', '2020-06-24 10:24:17'),
(127, ' Pak Heri', 'Gang mondoroko 4, perum taman bhayangkara indah no B7, banjararum, malang 65153', '+62 813-2827-34', '2020-06-26 15:30:46', '2020-06-26 15:30:46'),
(128, 'Siti Rofi\'ah', 'Jl Arjuna no 30 desa tumpang', '+974 5023 8362', '2020-07-01 06:37:44', '2020-07-01 06:37:44'),
(130, 'Bu Luvita', 'Jln danau sarangan atas f6B19', '+62 857-4851-03', '2020-07-10 01:19:34', '2020-07-10 01:19:34'),
(131, 'Bu Ratih', 'Perum Patra Land B1/1 RT4 Rw 04 Tasikmadu malang', '+62 812-3317-84', '2020-07-10 08:21:47', '2020-07-10 08:21:47'),
(132, 'Bu Tanti', 'Jl. Danau paniai IV, H4-F35 Sawojajar', '+62 818-779-703', '2020-07-10 08:46:53', '2020-07-10 08:46:53'),
(133, 'Bu Ellen', 'Araya blok J7-29 Malang', '+62 822-3295-80', '2020-07-11 04:41:37', '2020-07-11 04:41:37'),
(134, 'Pak Heru', 'Graha valensia B1 no.22 Pakis Malang', '+62 812-5216-83', '2020-07-13 07:22:49', '2020-07-13 07:22:49'),
(135, 'Bu Anna ', 'Villa tidar estate blok AB no.4 Malang', '+62 812-3536-71', '2020-07-14 06:31:41', '2020-07-14 06:31:41'),
(136, 'Bu Tatik', 'Perum griya husada G3/11 Ds. Sumber porong kec. Lawang Malang', '+62 856-4990-70', '2020-07-14 07:33:22', '2020-07-14 07:33:22'),
(137, 'Pak Gunawan', 'Alamat lengkapnya di graha sumbersewu no.B3 , Pandaan..', '+62 812-3252-83', '2020-07-14 12:16:47', '2020-07-14 12:16:47'),
(138, 'Jessica', 'Riverside Hiltop B3 No.8', '+62 812-3393-53', '2020-07-15 00:30:38', '2020-07-15 00:30:38'),
(139, 'Pak Ihsan', 'Jln Simpang Pisang Kipas no 54-A\nJatimulyo,lowokwaru\n(Dekat SMP kristen setia budi, rumah pojok, ada gerbang masuk aja)', '+62 812-3090-70', '2020-07-16 08:48:59', '2020-07-16 08:48:59'),
(140, 'Bu Ima Kepanjen', 'Jl Melati No.303 Cepokomulyo Kepanjen', '+62 856-4290-36', '2020-07-17 02:12:17', '2020-07-17 02:12:17'),
(141, 'Bu Pratiwi Pasuruan', 'melian rt08 rw01 desa kejapanan kec gempol kab pasuruan', '+62 822-5786-92', '2020-07-21 00:30:11', '2020-07-21 00:30:11'),
(142, 'Bu Pratiwi Pasuruan', 'melian rt08 rw01 desa kejapanan kec gempol kab pasuruan', '+62 822-5786-92', '2020-07-21 00:30:15', '2020-07-21 00:30:15'),
(143, 'Bu Pratiwi Pasuruan', 'melian rt08 rw01 desa kejapanan kec gempol kab pasuruan', '+62 822-5786-92', '2020-07-21 00:30:18', '2020-07-21 00:30:18'),
(144, 'Bu Pratiwi Pasuruan', 'melian rt08 rw01 desa kejapanan kec gempol kab pasuruan', '+62 822-5786-92', '2020-07-21 00:30:36', '2020-07-21 00:30:36'),
(145, 'Bu Pratiwi Pasuruan', 'melian rt08 rw01 desa kejapanan kec gempol kab pasuruan', '+62 822-5786-92', '2020-07-21 00:30:38', '2020-07-21 00:30:38'),
(146, 'Bu Pratiwi Pasuruan', 'melian rt08 rw01 desa kejapanan kec gempol kab pasuruan', '+62 822-5786-92', '2020-07-21 00:30:47', '2020-07-21 00:30:47'),
(147, 'Bu Pratiwi', 'melian rt08 rw01 desa kejapanan kec gempol kab pasuruan', '+62 822-5786-92', '2020-07-21 00:30:58', '2020-07-21 00:30:58'),
(148, 'Bu Pratiwi', 'melian rt08 rw01 desa kejapanan kec gempol kab pasuruan', '+62 822-5786-92', '2020-07-21 00:35:51', '2020-07-21 00:35:51'),
(149, 'Bu Pratiwi', 'melian rt08 rw01 desa kejapanan kec gempol kab pasuruan', '+62 822-5786-92', '2020-07-21 00:35:53', '2020-07-21 00:35:53'),
(150, 'Bu Pratiwi', 'melian rt08 rw01 desa kejapanan kec gempol kab pasuruan', '+62 822-5786-92', '2020-07-21 00:35:55', '2020-07-21 00:35:55'),
(151, 'Bu Pratiwi', 'melian rt08 rw01 desa kejapanan kec gempol kab pasuruan', '+62 822-5786-92', '2020-07-21 00:37:52', '2020-07-21 00:37:52'),
(152, 'Bu Pratiwi', 'melian rt08 rw01 desa kejapanan kec gempol kab pasuruan', '+62 822-5786-92', '2020-07-21 00:38:02', '2020-07-21 00:38:02'),
(153, 'Bu Sofi', 'jl lembah dieng blok d9g balik gereja pathekosta sebelum rumah makan ayam jogjakarta.', '+62 856-4664-14', '2020-07-21 00:41:23', '2020-07-21 00:41:23'),
(154, 'Bu Pratiwi', 'melian rt08 rw01 desa kejapanan kec gempol kab pasuruan', '+62 822-5786-92', '2020-07-21 01:30:26', '2020-07-21 01:30:26'),
(155, 'Bu Priatna', 'Jl. Terusan Kayan A135', '+62 816-517-559', '2020-08-04 08:59:56', '2020-08-04 08:59:56'),
(156, 'Bu Renata', 'Austin Ville Blok B49, Kalisongo, Dau - Malang', '+62 878-6059-49', '2020-08-06 02:40:42', '2020-08-06 02:40:42'),
(157, 'Bu Renata', 'Austin Ville Blok B49, Kalisongo, Dau - Malang', '+62 878-6059-49', '2020-08-06 02:40:46', '2020-08-06 02:40:46'),
(158, 'Bu Renata', 'Austin Ville Blok B49, Kalisongo, Dau - Malang', '+62 878-6059-49', '2020-08-06 02:40:51', '2020-08-06 02:40:51'),
(159, 'Bu Renata', 'Austin Ville Blok B49, Kalisongo, Dau - Malang', '+62 878-6059-49', '2020-08-06 02:53:42', '2020-08-06 02:53:42'),
(160, 'Agung', 'Perumahan 2 Talangagung blok N.1 Talangagung Kepanjen', '0813-3423-6663', '2020-08-12 02:04:17', '2020-08-12 02:04:17'),
(161, 'Pak Andhika', 'Perumahan Green Icon No. 8 Sukun Malang', '+62 822-5484-71', '2020-08-12 11:08:58', '2020-08-12 11:08:58'),
(162, 'Pak Santok', 'taman tectona residence D18', '+62 811-411-022', '2020-08-15 02:59:15', '2020-08-15 02:59:15'),
(163, 'Revi', 'De cassablanca residence cluster nizar mansion Blok C5 No.17, Cemorokandang, Malang', '+62 812-1696-37', '2020-08-16 05:43:22', '2020-08-16 05:43:22'),
(164, 'Revi', 'De cassablanca residence cluster nizar mansion Blok C5 No.17, Cemorokandang, Malang', '+62 812-1696-37', '2020-08-16 05:47:37', '2020-08-16 05:47:37'),
(165, 'Pak Indronyono', 'Perumahan edelweis jalan sarimun beji kota batu', '+62 812-3091-34', '2020-08-21 08:34:50', '2020-08-21 08:34:50'),
(166, 'Bu Yugowati', 'Jl. Danau Sentani Utara\nH2F15\nSawojajar', '+62 878-5950-82', '2020-08-21 12:23:08', '2020-08-21 12:23:08'),
(167, 'Choiriyah', 'Desa Karangsari, Jl. Balaidesa Selatan, Kec. bantur, Malang', '***', '2020-08-22 10:54:27', '2020-08-22 10:54:27'),
(168, 'BU CHOIRIYAH', 'Desa Karangsari, Kec. Bantur, Kab. Malang', '***', '2020-08-24 08:21:45', '2020-08-24 08:21:45'),
(169, 'BU CHOIRIYAH', 'Desa Karangsari, Kec. Bantur, Kab. Malang', '***', '2020-08-24 08:21:55', '2020-08-24 08:21:55'),
(170, 'BU CHOIRIYAH', 'Desa Karangsari, Kec. Bantur, Kab. Malang', '085855721119', '2020-08-24 08:29:52', '2020-08-24 08:29:52'),
(171, 'BU CHOIRIYAH', 'Desa Karangsari, Kec. Bantur, Kab. Malang', '085855721119', '2020-08-24 08:29:55', '2020-08-24 08:29:55'),
(172, 'BU CHOIRIYAH', 'Desa Karangsari, Kec. Bantur, Kab. Malang', '085855721119', '2020-08-24 08:29:56', '2020-08-24 08:29:56'),
(173, 'BU CHOIRIYAH', 'Desa Karangsari, Kec. Bantur, Kab. Malang', '085855721119', '2020-08-24 08:30:01', '2020-08-24 08:30:01'),
(174, 'BU CHOIRIYAH', 'Desa Karangsari, Kec. Bantur, Kab. Malang', '085855721119', '2020-08-24 08:30:06', '2020-08-24 08:30:06'),
(175, 'BU CHOIRIYAH', 'Desa Karangsari, Kec. Bantur, Kab. Malang', '085855721119', '2020-08-24 08:31:49', '2020-08-24 08:31:49'),
(176, 'PAK INDROYONO', 'Perum Adelweis, Jln. Karimum Beji, Kota Batu', '081230913414', '2020-08-24 08:38:59', '2020-08-24 08:38:59'),
(177, 'PAK INDROYONO', 'Perum Adelweis, Jln. Karimum Beji, Kota Batu', '081230913414', '2020-08-24 08:39:01', '2020-08-24 08:39:01'),
(178, 'PAK INDROYONO', 'Perum Adelweis, Jln. Karimum Beji, Kota Batu', '081230913414', '2020-08-24 08:39:05', '2020-08-24 08:39:05'),
(179, 'PAK INDROYONO', 'Perum Adelweis, Jln. Karimum Beji, Kota Batu', '081230913414', '2020-08-24 08:39:39', '2020-08-24 08:39:39'),
(180, 'Bu Isya', 'Greenland AC 10 Malang', '+62 823-5113-56', '2020-08-25 04:34:45', '2020-08-25 04:34:45'),
(181, 'Bu Nita', 'perumahan oma indah kapuk block edelweis g3 no 03.\nKelurahan suwayuwo kecamatan sukorejo Pasuruan', '+62 853-3017-53', '2020-08-31 08:15:21', '2020-08-31 08:15:21');

-- --------------------------------------------------------

--
-- Struktur dari tabel `notifications`
--

CREATE TABLE `notifications` (
  `id` int(11) NOT NULL,
  `reference_id` int(11) NOT NULL,
  `message` text NOT NULL,
  `reference_type` varchar(20) NOT NULL,
  `action` varchar(100) NOT NULL,
  `created_at` timestamp NOT NULL DEFAULT CURRENT_TIMESTAMP ON UPDATE CURRENT_TIMESTAMP,
  `updated_at` timestamp NOT NULL DEFAULT '0000-00-00 00:00:00'
) ENGINE=MyISAM DEFAULT CHARSET=latin1;

--
-- Dumping data untuk tabel `notifications`
--

INSERT INTO `notifications` (`id`, `reference_id`, `message`, `reference_type`, `action`, `created_at`, `updated_at`) VALUES
(16, 60, 'menginputkan data konsumen dengan kode order \"ESTI\"', 'PPP', 'PC', '2020-03-05 04:46:50', '2020-03-05 04:46:50'),
(15, 59, 'menginputkan data konsumen dengan kode order \"PKMD148\"', 'PPP', 'PC', '2020-03-05 04:21:26', '2020-03-05 04:21:26'),
(14, 58, 'menginputkan data konsumen dengan kode order \"KSFG58\"', 'PPP', 'PC', '2020-03-05 04:06:54', '2020-03-05 04:06:54'),
(13, 57, 'mengajukan jadwal pasang kusen untuk kode order \"PGMD123r\" ', 'UPK', 'AJK', '2020-03-04 06:39:15', '2020-03-04 06:39:15'),
(12, 57, 'menginputkan data konsumen dengan kode order \"PGMD123r\"', 'PPP', 'PC', '2020-03-03 08:12:18', '2020-03-03 08:12:18'),
(11, 56, 'menolak jadwal pasang kusen untuk kode order \"PKMD146\" ', 'RJK', 'RJK', '2020-03-03 01:08:50', '2020-03-03 01:08:50'),
(10, 56, 'mengajukan jadwal pasang kusen untuk kode order \"PKMD146\" ', 'UPK', 'AJK', '2020-03-02 10:31:59', '2020-03-02 10:31:59'),
(9, 56, 'menginputkan data konsumen dengan kode order \"PKMD146\"', 'PPP', 'PC', '2020-03-01 03:53:29', '2020-03-01 03:53:29'),
(17, 61, 'menginputkan data konsumen dengan kode order \"PGMD243\"', 'PPP', 'PC', '2020-03-05 04:50:00', '2020-03-05 04:50:00'),
(18, 62, 'menginputkan data konsumen dengan kode order \"PKMD147\"', 'PPP', 'PC', '2020-03-05 04:55:27', '2020-03-05 04:55:27'),
(19, 63, 'menginputkan data konsumen dengan kode order \"DIANA\"', 'PPP', 'PC', '2020-03-05 06:46:05', '2020-03-05 06:46:05'),
(20, 64, 'menginputkan data konsumen dengan kode order \"KSGK38\"', 'PPP', 'PC', '2020-03-05 06:48:58', '2020-03-05 06:48:58'),
(21, 65, 'menginputkan data konsumen dengan kode order \"PKMD149\"', 'PPP', 'PC', '2020-03-05 06:51:51', '2020-03-05 06:51:51'),
(22, 56, 'menerima perubahan jadwal pasang kusen untuk kode order \"PKMD146\" ', 'CRK', 'CRK', '2020-03-06 01:43:56', '2020-03-06 01:43:56'),
(23, 66, 'menginputkan data konsumen dengan kode order \"PKMD107\"', 'PPP', 'PC', '2020-03-06 08:45:14', '2020-03-06 08:45:14'),
(24, 67, 'menginputkan data konsumen dengan kode order \"PGMD244\"', 'PPP', 'PC', '2020-03-09 05:20:56', '2020-03-09 05:20:56'),
(25, 68, 'menginputkan data konsumen dengan kode order \"PGMD246\"', 'PPP', 'PC', '2020-03-13 10:02:27', '2020-03-13 10:02:27'),
(26, 69, 'menginputkan data konsumen dengan kode order \"PGMD245\"', 'PPP', 'PC', '2020-03-18 09:48:42', '2020-03-18 09:48:42'),
(27, 57, 'menerima pengajuan jadwal pasang kusen untuk kode order \"PGMD123r\" ', 'CJK', 'CJK', '2020-03-24 07:15:04', '2020-03-24 07:15:04'),
(30, 58, 'mengajukan jadwal pasang kusen untuk kode order \"KSFG58\" ', 'UPK', 'AJK', '2020-03-26 13:20:24', '2020-03-26 13:20:24'),
(31, 58, 'menerima pengajuan jadwal pasang kusen untuk kode order \"KSFG58\" ', 'CJK', 'CJK', '2020-03-26 13:20:40', '2020-03-26 13:20:40'),
(32, 59, 'mengajukan jadwal pasang kusen untuk kode order \"PKMD148\" ', 'UPK', 'AJK', '2020-03-26 13:22:50', '2020-03-26 13:22:50'),
(33, 59, 'menerima pengajuan jadwal pasang kusen untuk kode order \"PKMD148\" ', 'CJK', 'CJK', '2020-03-26 13:23:12', '2020-03-26 13:23:12'),
(34, 58, 'telah menyelesaikan pasang kusen untuk kode order \"KSFG58\" ', 'DJK', 'DJK', '2020-03-26 13:27:50', '2020-03-26 13:27:50'),
(35, 59, 'telah menyelesaikan pasang kusen untuk kode order \"PKMD148\" ', 'DJK', 'DJK', '2020-03-26 13:27:54', '2020-03-26 13:27:54'),
(36, 56, 'telah menyelesaikan pasang kusen untuk kode order \"PKMD146\" ', 'DJK', 'DJK', '2020-03-26 13:49:47', '2020-03-26 13:49:47'),
(37, 72, 'menginputkan data konsumen dengan kode order \"PGMD247\"', 'PPP', 'PC', '2020-03-28 06:46:57', '2020-03-28 06:46:57'),
(38, 73, 'menginputkan data konsumen dengan kode order \"PGMD249\"', 'PPP', 'PC', '2020-03-28 06:51:49', '2020-03-28 06:51:49'),
(39, 74, 'menginputkan data konsumen dengan kode order \"PKMD150\"', 'PPP', 'PC', '2020-04-07 00:10:12', '2020-04-07 00:10:12'),
(40, 75, 'menginputkan data konsumen dengan kode order \"ADG10\"', 'PPP', 'PC', '2020-04-07 04:22:13', '2020-04-07 04:22:13'),
(41, 76, 'menginputkan data konsumen dengan kode order \"PKMD151\"', 'PPP', 'PC', '2020-04-17 02:34:40', '2020-04-17 02:34:40'),
(42, 73, 'mengajukan jadwal pasang kusen untuk kode order \"PGMD249\" ', 'UPK', 'AJK', '2020-04-18 02:57:29', '2020-04-18 02:57:29'),
(43, 68, 'mengajukan jadwal pasang kusen untuk kode order \"PGMD246\" ', 'UPK', 'AJK', '2020-04-18 03:01:35', '2020-04-18 03:01:35'),
(44, 69, 'mengajukan jadwal pasang kusen untuk kode order \"PGMD245\" ', 'UPK', 'AJK', '2020-04-18 03:51:37', '2020-04-18 03:51:37'),
(45, 74, 'mengajukan jadwal pasang kusen untuk kode order \"PKMD150\" ', 'UPK', 'AJK', '2020-04-18 04:05:52', '2020-04-18 04:05:52'),
(46, 75, 'mengajukan jadwal pasang kusen untuk kode order \"ADG10\" ', 'UPK', 'AJK', '2020-04-18 04:06:22', '2020-04-18 04:06:22'),
(47, 76, 'mengajukan jadwal pasang kusen untuk kode order \"PKMD151\" ', 'UPK', 'AJK', '2020-04-18 04:07:21', '2020-04-18 04:07:21'),
(48, 67, 'mengajukan jadwal pasang kusen untuk kode order \"PGMD244\" ', 'UPK', 'AJK', '2020-04-18 04:11:17', '2020-04-18 04:11:17'),
(49, 67, 'menerima pengajuan jadwal pasang kusen untuk kode order \"PGMD244\" ', 'CJK', 'CJK', '2020-04-18 04:12:08', '2020-04-18 04:12:08'),
(50, 76, 'menerima pengajuan jadwal pasang kusen untuk kode order \"PKMD151\" ', 'CJK', 'CJK', '2020-04-18 04:12:18', '2020-04-18 04:12:18'),
(51, 75, 'menerima pengajuan jadwal pasang kusen untuk kode order \"ADG10\" ', 'CJK', 'CJK', '2020-04-18 04:12:22', '2020-04-18 04:12:22'),
(52, 69, 'menerima pengajuan jadwal pasang kusen untuk kode order \"PGMD245\" ', 'CJK', 'CJK', '2020-04-18 04:12:31', '2020-04-18 04:12:31'),
(53, 74, 'menerima pengajuan jadwal pasang kusen untuk kode order \"PKMD150\" ', 'CJK', 'CJK', '2020-04-18 04:12:36', '2020-04-18 04:12:36'),
(54, 68, 'menerima pengajuan jadwal pasang kusen untuk kode order \"PGMD246\" ', 'CJK', 'CJK', '2020-04-18 04:12:52', '2020-04-18 04:12:52'),
(55, 73, 'menerima pengajuan jadwal pasang kusen untuk kode order \"PGMD249\" ', 'CJK', 'CJK', '2020-04-18 04:12:59', '2020-04-18 04:12:59'),
(56, 72, 'mengajukan jadwal pasang kusen untuk kode order \"PGMD247\" ', 'UPK', 'AJK', '2020-04-18 04:14:50', '2020-04-18 04:14:50'),
(57, 65, 'mengajukan jadwal pasang kusen untuk kode order \"PKMD149\" ', 'UPK', 'AJK', '2020-04-18 04:16:13', '2020-04-18 04:16:13'),
(58, 66, 'mengajukan jadwal pasang kusen untuk kode order \"PKMD107\" ', 'UPK', 'AJK', '2020-04-18 04:16:48', '2020-04-18 04:16:48'),
(59, 62, 'mengajukan jadwal pasang kusen untuk kode order \"PKMD147\" ', 'UPK', 'AJK', '2020-04-18 04:19:53', '2020-04-18 04:19:53'),
(60, 77, 'menginputkan data konsumen dengan kode order \"PKMD152\"', 'PPP', 'PC', '2020-04-22 01:01:33', '2020-04-22 01:01:33'),
(61, 77, 'mengajukan jadwal pasang kusen untuk kode order \"PKMD152\" ', 'UPK', 'AJK', '2020-04-22 02:29:47', '2020-04-22 02:29:47'),
(62, 62, 'menerima pengajuan jadwal pasang kusen untuk kode order \"PKMD147\" ', 'CJK', 'CJK', '2020-04-22 03:01:13', '2020-04-22 03:01:13'),
(63, 66, 'menerima pengajuan jadwal pasang kusen untuk kode order \"PKMD107\" ', 'CJK', 'CJK', '2020-04-22 03:01:22', '2020-04-22 03:01:22'),
(64, 65, 'menerima pengajuan jadwal pasang kusen untuk kode order \"PKMD149\" ', 'CJK', 'CJK', '2020-04-22 03:01:28', '2020-04-22 03:01:28'),
(65, 72, 'menerima pengajuan jadwal pasang kusen untuk kode order \"PGMD247\" ', 'CJK', 'CJK', '2020-04-22 03:01:33', '2020-04-22 03:01:33'),
(66, 77, 'menerima pengajuan jadwal pasang kusen untuk kode order \"PKMD152\" ', 'CJK', 'CJK', '2020-04-23 05:47:48', '2020-04-23 05:47:48'),
(67, 68, 'telah menyelesaikan pasang kusen untuk kode order \"PGMD246\" ', 'DJK', 'DJK', '2020-04-24 01:19:05', '2020-04-24 01:19:05'),
(68, 57, 'telah menyelesaikan pasang kusen untuk kode order \"PGMD123r\" ', 'DJK', 'DJK', '2020-04-24 01:20:16', '2020-04-24 01:20:16'),
(69, 69, 'telah menyelesaikan pasang kusen untuk kode order \"PGMD245\" ', 'DJK', 'DJK', '2020-04-24 01:20:50', '2020-04-24 01:20:50'),
(70, 73, 'telah menyelesaikan pasang kusen untuk kode order \"PGMD249\" ', 'DJK', 'DJK', '2020-04-24 01:21:47', '2020-04-24 01:21:47'),
(71, 74, 'telah menyelesaikan pasang kusen untuk kode order \"PKMD150\" ', 'DJK', 'DJK', '2020-04-24 01:22:34', '2020-04-24 01:22:34'),
(72, 77, 'telah menyelesaikan pasang kusen untuk kode order \"PKMD152\" ', 'DJK', 'DJK', '2020-04-24 01:22:54', '2020-04-24 01:22:54'),
(73, 62, 'telah menyelesaikan pasang kusen untuk kode order \"PKMD147\" ', 'DJK', 'DJK', '2020-04-24 01:23:09', '2020-04-24 01:23:09'),
(74, 66, 'telah menyelesaikan pasang kusen untuk kode order \"PKMD107\" ', 'DJK', 'DJK', '2020-04-24 01:25:58', '2020-04-24 01:25:58'),
(75, 65, 'telah menyelesaikan pasang kusen untuk kode order \"PKMD149\" ', 'DJK', 'DJK', '2020-04-24 01:27:41', '2020-04-24 01:27:41'),
(76, 72, 'telah menyelesaikan pasang kusen untuk kode order \"PGMD247\" ', 'DJK', 'DJK', '2020-04-24 01:28:10', '2020-04-24 01:28:10'),
(77, 67, 'telah menyelesaikan pasang kusen untuk kode order \"PGMD244\" ', 'DJK', 'DJK', '2020-04-24 01:28:27', '2020-04-24 01:28:27'),
(78, 76, 'telah menyelesaikan pasang kusen untuk kode order \"PKMD151\" ', 'DJK', 'DJK', '2020-04-24 01:28:55', '2020-04-24 01:28:55'),
(79, 75, 'telah menyelesaikan pasang kusen untuk kode order \"ADG10\" ', 'DJK', 'DJK', '2020-04-24 01:30:44', '2020-04-24 01:30:44'),
(80, 78, 'menginputkan data konsumen dengan kode order \"PGMD251\"', 'PPP', 'PC', '2020-04-25 02:16:35', '2020-04-25 02:16:35'),
(81, 78, 'mengajukan jadwal pasang kusen untuk kode order \"PGMD251\" ', 'UPK', 'AJK', '2020-04-27 07:01:43', '2020-04-27 07:01:43'),
(82, 79, 'menginputkan data konsumen dengan kode order \"PGMD250\"', 'PPP', 'PC', '2020-04-27 08:00:29', '2020-04-27 08:00:29'),
(83, 78, 'menerima pengajuan jadwal pasang kusen untuk kode order \"PGMD251\" ', 'CJK', 'CJK', '2020-04-30 22:50:18', '2020-04-30 22:50:18'),
(84, 79, 'mengajukan jadwal pasang kusen untuk kode order \"PGMD250\" ', 'UPK', 'AJK', '2020-05-01 11:46:03', '2020-05-01 11:46:03'),
(85, 79, 'menerima pengajuan jadwal pasang kusen untuk kode order \"PGMD250\" ', 'CJK', 'CJK', '2020-05-04 00:58:00', '2020-05-04 00:58:00'),
(86, 80, 'menginputkan data konsumen dengan kode order \"PGMD252\"', 'PPP', 'PC', '2020-05-04 02:08:00', '2020-05-04 02:08:00'),
(87, 81, 'menginputkan data konsumen dengan kode order \"PGMD248\"', 'PPP', 'PC', '2020-05-04 02:53:26', '2020-05-04 02:53:26'),
(88, 78, 'telah menyelesaikan pasang kusen untuk kode order \"PGMD251\" ', 'DJK', 'DJK', '2020-05-04 02:58:09', '2020-05-04 02:58:09'),
(89, 79, 'telah menyelesaikan pasang kusen untuk kode order \"PGMD250\" ', 'DJK', 'DJK', '2020-05-04 03:11:37', '2020-05-04 03:11:37'),
(90, 81, 'mengajukan jadwal pasang kusen untuk kode order \"PGMD248\" ', 'UPK', 'AJK', '2020-05-04 11:56:37', '2020-05-04 11:56:37'),
(91, 80, 'mengajukan jadwal pasang kusen untuk kode order \"PGMD252\" ', 'UPK', 'AJK', '2020-05-04 11:57:31', '2020-05-04 11:57:31'),
(92, 81, 'menerima pengajuan jadwal pasang kusen untuk kode order \"PGMD248\" ', 'CJK', 'CJK', '2020-05-05 01:33:53', '2020-05-05 01:33:53'),
(93, 80, 'menolak jadwal pasang kusen untuk kode order \"PGMD252\" ', 'RJK', 'RJK', '2020-05-05 02:21:37', '2020-05-05 02:21:37'),
(94, 81, 'telah menyelesaikan pasang kusen untuk kode order \"PGMD248\" ', 'DJK', 'DJK', '2020-05-05 02:23:06', '2020-05-05 02:23:06'),
(95, 80, 'menerima perubahan jadwal pasang kusen untuk kode order \"PGMD252\" ', 'CRK', 'CRK', '2020-05-05 02:23:58', '2020-05-05 02:23:58'),
(96, 82, 'menginputkan data konsumen dengan kode order \"PKMD153\"', 'PPP', 'PC', '2020-05-06 07:26:25', '2020-05-06 07:26:25'),
(97, 65, 'menolak perubahan jadwal pasang finish untuk kode order \"PKMD149\" ', 'RRF', 'RRF', '2020-05-07 02:31:54', '2020-05-07 02:31:54'),
(98, 83, 'menginputkan data konsumen dengan kode order \"PKMD154\"', 'PPP', 'PC', '2020-05-07 05:07:17', '2020-05-07 05:07:17'),
(99, 82, 'mengajukan jadwal pasang kusen untuk kode order \"PKMD153\" ', 'UPK', 'AJK', '2020-05-08 02:47:20', '2020-05-08 02:47:20'),
(100, 82, 'menerima pengajuan jadwal pasang kusen untuk kode order \"PKMD153\" ', 'CJK', 'CJK', '2020-05-08 03:15:32', '2020-05-08 03:15:32'),
(101, 84, 'menginputkan data konsumen dengan kode order \"PKMD155\"', 'PPP', 'PC', '2020-05-08 03:56:04', '2020-05-08 03:56:04'),
(102, 84, 'mengajukan jadwal pasang kusen untuk kode order \"PKMD155\" ', 'UPK', 'AJK', '2020-05-09 01:20:09', '2020-05-09 01:20:09'),
(103, 89, 'menginputkan data konsumen dengan kode order \"PKBT01\"', 'PPP', 'PC', '2020-05-09 02:47:46', '2020-05-09 02:47:46'),
(104, 89, 'mengajukan jadwal pasang kusen untuk kode order \"PKBT01\" ', 'UPK', 'AJK', '2020-05-09 03:48:45', '2020-05-09 03:48:45'),
(105, 80, 'telah menyelesaikan pasang kusen untuk kode order \"PGMD252\" ', 'DJK', 'DJK', '2020-05-10 01:38:41', '2020-05-10 01:38:41'),
(106, 89, 'menerima pengajuan jadwal pasang kusen untuk kode order \"PKBT01\" ', 'CJK', 'CJK', '2020-05-10 03:02:18', '2020-05-10 03:02:18'),
(107, 84, 'menerima pengajuan jadwal pasang kusen untuk kode order \"PKMD155\" ', 'CJK', 'CJK', '2020-05-10 03:02:33', '2020-05-10 03:02:33'),
(108, 83, 'mengajukan jadwal pasang kusen untuk kode order \"PKMD154\" ', 'UPK', 'AJK', '2020-05-11 01:56:02', '2020-05-11 01:56:02'),
(109, 90, 'menginputkan data konsumen dengan kode order \"PGMD253\"', 'PPP', 'PC', '2020-05-11 08:01:12', '2020-05-11 08:01:12'),
(110, 89, 'telah menyelesaikan pasang kusen untuk kode order \"PKBT01\" ', 'DJK', 'DJK', '2020-05-13 01:26:42', '2020-05-13 01:26:42'),
(111, 90, 'mengajukan jadwal pasang kusen untuk kode order \"PGMD253\" ', 'UPK', 'AJK', '2020-05-13 01:27:35', '2020-05-13 01:27:35'),
(112, 82, 'telah menyelesaikan pasang kusen untuk kode order \"PKMD153\" ', 'DJK', 'DJK', '2020-05-13 01:29:22', '2020-05-13 01:29:22'),
(113, 84, 'telah menyelesaikan pasang kusen untuk kode order \"PKMD155\" ', 'DJK', 'DJK', '2020-05-13 01:29:50', '2020-05-13 01:29:50'),
(114, 90, 'menolak jadwal pasang kusen untuk kode order \"PGMD253\" ', 'RJK', 'RJK', '2020-05-13 02:05:42', '2020-05-13 02:05:42'),
(115, 83, 'menolak jadwal pasang kusen untuk kode order \"PKMD154\" ', 'RJK', 'RJK', '2020-05-16 03:37:24', '2020-05-16 03:37:24'),
(116, 83, 'menolak perubahan jadwal pasang kusen untuk kode order \"PKMD154\" ', 'RRK', 'RRK', '2020-05-16 03:56:53', '2020-05-16 03:56:53'),
(117, 83, 'menerima pengajuan jadwal pasang kusen untuk kode order \"PKMD154\" ', 'CJK', 'CJK', '2020-05-16 04:23:19', '2020-05-16 04:23:19'),
(118, 90, 'menolak perubahan jadwal pasang kusen untuk kode order \"PGMD253\" ', 'RRK', 'RRK', '2020-05-16 08:21:15', '2020-05-16 08:21:15'),
(119, 90, 'menerima pengajuan jadwal pasang kusen untuk kode order \"PGMD253\" ', 'CJK', 'CJK', '2020-05-16 08:21:50', '2020-05-16 08:21:50'),
(120, 91, 'menginputkan data konsumen dengan kode order \"PKMD157\"', 'PPP', 'PC', '2020-05-18 08:25:21', '2020-05-18 08:25:21'),
(121, 91, 'mengajukan jadwal pasang kusen untuk kode order \"PKMD157\" ', 'UPK', 'AJK', '2020-05-18 13:45:47', '2020-05-18 13:45:47'),
(122, 92, 'menginputkan data konsumen dengan kode order \"PGMD254\"', 'PPP', 'PC', '2020-05-19 03:25:21', '2020-05-19 03:25:21'),
(123, 92, 'mengajukan jadwal pasang kusen untuk kode order \"PGMD254\" ', 'UPK', 'AJK', '2020-05-19 07:21:23', '2020-05-19 07:21:23'),
(124, 93, 'menginputkan data konsumen dengan kode order \"PKMD158\"', 'PPP', 'PC', '2020-05-20 02:32:10', '2020-05-20 02:32:10'),
(125, 92, 'menerima pengajuan jadwal pasang kusen untuk kode order \"PGMD254\" ', 'CJK', 'CJK', '2020-05-20 08:21:31', '2020-05-20 08:21:31'),
(126, 91, 'menolak jadwal pasang kusen untuk kode order \"PKMD157\" ', 'RJK', 'RJK', '2020-05-20 08:53:02', '2020-05-20 08:53:02'),
(127, 83, 'telah menyelesaikan pasang kusen untuk kode order \"PKMD154\" ', 'DJK', 'DJK', '2020-05-20 11:00:03', '2020-05-20 11:00:03'),
(128, 92, 'telah menyelesaikan pasang kusen untuk kode order \"PGMD254\" ', 'DJK', 'DJK', '2020-05-20 11:00:20', '2020-05-20 11:00:20'),
(129, 93, 'mengajukan jadwal pasang kusen untuk kode order \"PKMD158\" ', 'UPK', 'AJK', '2020-05-20 11:00:58', '2020-05-20 11:00:58'),
(130, 93, 'menerima pengajuan jadwal pasang kusen untuk kode order \"PKMD158\" ', 'CJK', 'CJK', '2020-05-21 03:33:59', '2020-05-21 03:33:59'),
(131, 91, 'menerima perubahan jadwal pasang kusen untuk kode order \"PKMD157\" ', 'CRK', 'CRK', '2020-05-21 10:07:09', '2020-05-21 10:07:09'),
(132, 91, 'telah menyelesaikan pasang kusen untuk kode order \"PKMD157\" ', 'DJK', 'DJK', '2020-05-21 10:07:22', '2020-05-21 10:07:22'),
(133, 94, 'menginputkan data konsumen dengan kode order \"PKMD159\"', 'PPP', 'PC', '2020-05-22 23:41:44', '2020-05-22 23:41:44'),
(134, 93, 'melakukan reschedule jadwal pasang kusen untuk kode order \"PKMD158\" ', 'SJK', 'SJK', '2020-05-28 09:17:47', '2020-05-28 09:17:47'),
(135, 98, 'menginputkan data konsumen dengan kode order \"PGMD255\"', 'PPP', 'PC', '2020-05-28 09:20:51', '2020-05-28 09:20:51'),
(136, 99, 'menginputkan data konsumen dengan kode order \"PGMD257\"', 'PPP', 'PC', '2020-05-28 09:24:47', '2020-05-28 09:24:47'),
(137, 100, 'menginputkan data konsumen dengan kode order \"PKMD160\"', 'PPP', 'PC', '2020-05-28 09:29:50', '2020-05-28 09:29:50'),
(138, 101, 'menginputkan data konsumen dengan kode order \"PGMD256\"', 'PPP', 'PC', '2020-05-28 09:37:56', '2020-05-28 09:37:56'),
(139, 98, 'mengajukan jadwal pasang kusen untuk kode order \"PGMD255\" ', 'UPK', 'AJK', '2020-05-28 14:49:53', '2020-05-28 14:49:53'),
(140, 99, 'mengajukan jadwal pasang kusen untuk kode order \"PGMD257\" ', 'UPK', 'AJK', '2020-05-28 14:50:49', '2020-05-28 14:50:49'),
(141, 101, 'mengajukan jadwal pasang kusen untuk kode order \"PGMD256\" ', 'UPK', 'AJK', '2020-05-28 14:51:11', '2020-05-28 14:51:11'),
(142, 93, 'menerima perubahan jadwal pasang kusen untuk kode order \"PKMD158\" ', 'CRK', 'CRK', '2020-05-28 15:08:55', '2020-05-28 15:08:55'),
(143, 93, 'telah menyelesaikan pasang kusen untuk kode order \"PKMD158\" ', 'DJK', 'DJK', '2020-05-28 15:09:09', '2020-05-28 15:09:09'),
(144, 102, 'menginputkan data konsumen dengan kode order \"MK01\"', 'PPP', 'PC', '2020-05-29 01:57:34', '2020-05-29 01:57:34'),
(145, 101, 'menerima pengajuan jadwal pasang kusen untuk kode order \"PGMD256\" ', 'CJK', 'CJK', '2020-05-29 02:50:36', '2020-05-29 02:50:36'),
(146, 99, 'menerima pengajuan jadwal pasang kusen untuk kode order \"PGMD257\" ', 'CJK', 'CJK', '2020-05-29 02:50:40', '2020-05-29 02:50:40'),
(147, 98, 'menerima pengajuan jadwal pasang kusen untuk kode order \"PGMD255\" ', 'CJK', 'CJK', '2020-05-29 02:50:42', '2020-05-29 02:50:42'),
(148, 102, 'mengajukan jadwal pasang kusen untuk kode order \"MK01\" ', 'UPK', 'AJK', '2020-05-29 12:34:25', '2020-05-29 12:34:25'),
(149, 102, 'menerima pengajuan jadwal pasang kusen untuk kode order \"MK01\" ', 'CJK', 'CJK', '2020-05-29 15:58:13', '2020-05-29 15:58:13'),
(150, 99, 'telah menyelesaikan pasang kusen untuk kode order \"PGMD257\" ', 'DJK', 'DJK', '2020-06-02 04:25:43', '2020-06-02 04:25:43'),
(151, 98, 'telah menyelesaikan pasang kusen untuk kode order \"PGMD255\" ', 'DJK', 'DJK', '2020-06-02 04:25:54', '2020-06-02 04:25:54'),
(152, 101, 'telah menyelesaikan pasang kusen untuk kode order \"PGMD256\" ', 'DJK', 'DJK', '2020-06-02 04:26:01', '2020-06-02 04:26:01'),
(153, 103, 'menginputkan data konsumen dengan kode order \"PKMD162\"', 'PPP', 'PC', '2020-06-02 05:47:03', '2020-06-02 05:47:03'),
(154, 104, 'menginputkan data konsumen dengan kode order \"PKMD161\"', 'PPP', 'PC', '2020-06-02 06:54:25', '2020-06-02 06:54:25'),
(155, 102, 'melakukan reschedule jadwal pasang kusen untuk kode order \"MK01\" ', 'SJK', 'SJK', '2020-06-04 01:57:29', '2020-06-04 01:57:29'),
(156, 111, 'menginputkan data konsumen dengan kode order \"PGMD258\"', 'PPP', 'PC', '2020-06-04 02:02:39', '2020-06-04 02:02:39'),
(157, 102, 'menerima perubahan jadwal pasang kusen untuk kode order \"MK01\" ', 'CRK', 'CRK', '2020-06-04 02:38:23', '2020-06-04 02:38:23'),
(158, 102, 'telah menyelesaikan pasang kusen untuk kode order \"MK01\" ', 'DJK', 'DJK', '2020-06-04 02:38:28', '2020-06-04 02:38:28'),
(159, 94, 'mengajukan jadwal pasang kusen untuk kode order \"PKMD159\" ', 'UPK', 'AJK', '2020-06-04 03:17:06', '2020-06-04 03:17:06'),
(160, 104, 'mengajukan jadwal pasang kusen untuk kode order \"PKMD161\" ', 'UPK', 'AJK', '2020-06-04 03:17:44', '2020-06-04 03:17:44'),
(161, 103, 'mengajukan jadwal pasang kusen untuk kode order \"PKMD162\" ', 'UPK', 'AJK', '2020-06-04 03:30:02', '2020-06-04 03:30:02'),
(162, 112, 'menginputkan data konsumen dengan kode order \"KSGK39\"', 'PPP', 'PC', '2020-06-04 09:27:41', '2020-06-04 09:27:41'),
(163, 94, 'menolak jadwal pasang kusen untuk kode order \"PKMD159\" ', 'RJK', 'RJK', '2020-06-04 11:04:52', '2020-06-04 11:04:52'),
(164, 104, 'menerima pengajuan jadwal pasang kusen untuk kode order \"PKMD161\" ', 'CJK', 'CJK', '2020-06-04 11:05:00', '2020-06-04 11:05:00'),
(165, 103, 'menerima pengajuan jadwal pasang kusen untuk kode order \"PKMD162\" ', 'CJK', 'CJK', '2020-06-04 14:57:54', '2020-06-04 14:57:54'),
(166, 111, 'mengajukan jadwal pasang kusen untuk kode order \"PGMD258\" ', 'UPK', 'AJK', '2020-06-04 15:10:04', '2020-06-04 15:10:04'),
(167, 94, 'menerima perubahan jadwal pasang kusen untuk kode order \"PKMD159\" ', 'CRK', 'CRK', '2020-06-04 15:10:30', '2020-06-04 15:10:30'),
(168, 94, 'telah menyelesaikan pasang kusen untuk kode order \"PKMD159\" ', 'DJK', 'DJK', '2020-06-04 15:10:34', '2020-06-04 15:10:34'),
(169, 111, 'menerima pengajuan jadwal pasang kusen untuk kode order \"PGMD258\" ', 'CJK', 'CJK', '2020-06-04 15:25:01', '2020-06-04 15:25:01'),
(170, 112, 'mengajukan jadwal pasang kusen untuk kode order \"KSGK39\" ', 'UPK', 'AJK', '2020-06-05 06:22:09', '2020-06-05 06:22:09'),
(171, 112, 'menerima pengajuan jadwal pasang kusen untuk kode order \"KSGK39\" ', 'CJK', 'CJK', '2020-06-05 06:44:47', '2020-06-05 06:44:47'),
(172, 113, 'menginputkan data konsumen dengan kode order \"ADK05\"', 'PPP', 'PC', '2020-06-06 01:22:11', '2020-06-06 01:22:11'),
(173, 114, 'menginputkan data konsumen dengan kode order \"PGMD259\"', 'PPP', 'PC', '2020-06-06 07:54:21', '2020-06-06 07:54:21'),
(174, 115, 'menginputkan data konsumen dengan kode order \"PKMD128\"', 'PPP', 'PC', '2020-06-06 08:05:51', '2020-06-06 08:05:51'),
(175, 104, 'telah menyelesaikan pasang kusen untuk kode order \"PKMD161\" ', 'DJK', 'DJK', '2020-06-06 10:45:52', '2020-06-06 10:45:52'),
(176, 115, 'mengajukan jadwal pasang kusen untuk kode order \"PKMD128\" ', 'UPK', 'AJK', '2020-06-06 10:47:53', '2020-06-06 10:47:53'),
(177, 115, 'menerima pengajuan jadwal pasang kusen untuk kode order \"PKMD128\" ', 'CJK', 'CJK', '2020-06-06 11:16:00', '2020-06-06 11:16:00'),
(178, 115, 'telah menyelesaikan pasang kusen untuk kode order \"PKMD128\" ', 'DJK', 'DJK', '2020-06-06 22:44:20', '2020-06-06 22:44:20'),
(179, 112, 'telah menyelesaikan pasang kusen untuk kode order \"KSGK39\" ', 'DJK', 'DJK', '2020-06-07 01:26:05', '2020-06-07 01:26:05'),
(180, 113, 'mengajukan jadwal pasang kusen untuk kode order \"ADK05\" ', 'UPK', 'AJK', '2020-06-07 02:35:17', '2020-06-07 02:35:17'),
(181, 114, 'mengajukan jadwal pasang kusen untuk kode order \"PGMD259\" ', 'UPK', 'AJK', '2020-06-07 02:35:34', '2020-06-07 02:35:34'),
(182, 114, 'menerima pengajuan jadwal pasang kusen untuk kode order \"PGMD259\" ', 'CJK', 'CJK', '2020-06-07 02:41:09', '2020-06-07 02:41:09'),
(183, 113, 'menerima pengajuan jadwal pasang kusen untuk kode order \"ADK05\" ', 'CJK', 'CJK', '2020-06-07 02:41:14', '2020-06-07 02:41:14'),
(184, 116, 'menginputkan data konsumen dengan kode order \"KSGK40\"', 'PPP', 'PC', '2020-06-08 02:16:07', '2020-06-08 02:16:07'),
(185, 116, 'mengajukan jadwal pasang kusen untuk kode order \"KSGK40\" ', 'UPK', 'AJK', '2020-06-08 03:02:25', '2020-06-08 03:02:25'),
(186, 80, 'menolak perubahan jadwal pasang finish untuk kode order \"PGMD252\" ', 'RRF', 'RRF', '2020-06-08 03:02:48', '2020-06-08 03:02:48'),
(187, 116, 'menerima pengajuan jadwal pasang kusen untuk kode order \"KSGK40\" ', 'CJK', 'CJK', '2020-06-08 03:27:59', '2020-06-08 03:27:59'),
(188, 90, 'telah menyelesaikan pasang kusen untuk kode order \"PGMD253\" ', 'DJK', 'DJK', '2020-06-08 11:28:54', '2020-06-08 11:28:54'),
(189, 111, 'telah menyelesaikan pasang kusen untuk kode order \"PGMD258\" ', 'DJK', 'DJK', '2020-06-08 11:29:05', '2020-06-08 11:29:05'),
(190, 113, 'telah menyelesaikan pasang kusen untuk kode order \"ADK05\" ', 'DJK', 'DJK', '2020-06-08 11:29:13', '2020-06-08 11:29:13'),
(191, 114, 'telah menyelesaikan pasang kusen untuk kode order \"PGMD259\" ', 'DJK', 'DJK', '2020-06-08 11:29:21', '2020-06-08 11:29:21'),
(192, 116, 'telah menyelesaikan pasang kusen untuk kode order \"KSGK40\" ', 'DJK', 'DJK', '2020-06-08 11:29:29', '2020-06-08 11:29:29'),
(193, 103, 'telah menyelesaikan pasang kusen untuk kode order \"PKMD162\" ', 'DJK', 'DJK', '2020-06-09 01:33:51', '2020-06-09 01:33:51'),
(194, 117, 'menginputkan data konsumen dengan kode order \"KSGK26\"', 'PPP', 'PC', '2020-06-09 02:24:43', '2020-06-09 02:24:43'),
(195, 118, 'menginputkan data konsumen dengan kode order \"PKMD163\"', 'PPP', 'PC', '2020-06-09 09:32:52', '2020-06-09 09:32:52'),
(196, 119, 'menginputkan data konsumen dengan kode order \"PKMD164\"', 'PPP', 'PC', '2020-06-10 06:14:17', '2020-06-10 06:14:17'),
(197, 117, 'mengajukan jadwal pasang kusen untuk kode order \"KSGK26\" ', 'UPK', 'AJK', '2020-06-12 01:56:30', '2020-06-12 01:56:30'),
(198, 118, 'mengajukan jadwal pasang kusen untuk kode order \"PKMD163\" ', 'UPK', 'AJK', '2020-06-12 01:56:52', '2020-06-12 01:56:52'),
(199, 119, 'mengajukan jadwal pasang kusen untuk kode order \"PKMD164\" ', 'UPK', 'AJK', '2020-06-12 01:57:12', '2020-06-12 01:57:12'),
(200, 118, 'menerima pengajuan jadwal pasang kusen untuk kode order \"PKMD163\" ', 'CJK', 'CJK', '2020-06-12 02:02:55', '2020-06-12 02:02:55'),
(201, 117, 'menerima pengajuan jadwal pasang kusen untuk kode order \"KSGK26\" ', 'CJK', 'CJK', '2020-06-12 02:03:17', '2020-06-12 02:03:17'),
(202, 119, 'menerima pengajuan jadwal pasang kusen untuk kode order \"PKMD164\" ', 'CJK', 'CJK', '2020-06-12 02:03:23', '2020-06-12 02:03:23'),
(203, 120, 'menginputkan data konsumen dengan kode order \"PKMd150b\"', 'PPP', 'PC', '2020-06-15 15:24:07', '2020-06-15 15:24:07'),
(204, 121, 'menginputkan data konsumen dengan kode order \"PKMD156\"', 'PPP', 'PC', '2020-06-15 15:27:27', '2020-06-15 15:27:27'),
(205, 121, 'mengajukan jadwal pasang kusen untuk kode order \"PKMD156\" ', 'UPK', 'AJK', '2020-06-16 02:51:52', '2020-06-16 02:51:52'),
(206, 120, 'mengajukan jadwal pasang kusen untuk kode order \"PKMd150b\" ', 'UPK', 'AJK', '2020-06-16 02:52:40', '2020-06-16 02:52:40'),
(207, 120, 'menerima pengajuan jadwal pasang kusen untuk kode order \"PKMd150b\" ', 'CJK', 'CJK', '2020-06-16 03:08:52', '2020-06-16 03:08:52'),
(208, 126, 'menginputkan data konsumen dengan kode order \"PKMD165\"', 'PPP', 'PC', '2020-06-16 06:33:08', '2020-06-16 06:33:08'),
(209, 117, 'telah menyelesaikan pasang kusen untuk kode order \"KSGK26\" ', 'DJK', 'DJK', '2020-06-18 06:30:16', '2020-06-18 06:30:16'),
(210, 119, 'telah menyelesaikan pasang kusen untuk kode order \"PKMD164\" ', 'DJK', 'DJK', '2020-06-18 06:30:22', '2020-06-18 06:30:22'),
(211, 120, 'telah menyelesaikan pasang kusen untuk kode order \"PKMd150b\" ', 'DJK', 'DJK', '2020-06-18 06:30:43', '2020-06-18 06:30:43'),
(212, 126, 'mengajukan jadwal pasang kusen untuk kode order \"PKMD165\" ', 'UPK', 'AJK', '2020-06-18 07:25:34', '2020-06-18 07:25:34'),
(213, 118, 'telah menyelesaikan pasang kusen untuk kode order \"PKMD163\" ', 'DJK', 'DJK', '2020-06-18 07:28:47', '2020-06-18 07:28:47'),
(214, 127, 'menginputkan data konsumen dengan kode order \"PGMD260\"', 'PPP', 'PC', '2020-06-19 06:31:05', '2020-06-19 06:31:05'),
(215, 128, 'menginputkan data konsumen dengan kode order \"KSGK41\"', 'PPP', 'PC', '2020-06-19 06:33:36', '2020-06-19 06:33:36'),
(216, 126, 'menerima pengajuan jadwal pasang kusen untuk kode order \"PKMD165\" ', 'CJK', 'CJK', '2020-06-20 01:01:29', '2020-06-20 01:01:29'),
(217, 129, 'menginputkan data konsumen dengan kode order \"PKMD166\"', 'PPP', 'PC', '2020-06-20 08:35:25', '2020-06-20 08:35:25'),
(218, 128, 'mengajukan jadwal pasang kusen untuk kode order \"KSGK41\" ', 'UPK', 'AJK', '2020-06-21 06:33:17', '2020-06-21 06:33:17'),
(219, 121, 'menolak jadwal pasang kusen untuk kode order \"PKMD156\" ', 'RJK', 'RJK', '2020-06-21 06:33:22', '2020-06-21 06:33:22'),
(220, 129, 'mengajukan jadwal pasang kusen untuk kode order \"PKMD166\" ', 'UPK', 'AJK', '2020-06-21 06:33:35', '2020-06-21 06:33:35'),
(221, 129, 'menolak jadwal pasang kusen untuk kode order \"PKMD166\" ', 'RJK', 'RJK', '2020-06-21 06:35:14', '2020-06-21 06:35:14'),
(222, 121, 'menerima perubahan jadwal pasang kusen untuk kode order \"PKMD156\" ', 'CRK', 'CRK', '2020-06-21 06:58:24', '2020-06-21 06:58:24'),
(223, 129, 'menerima perubahan jadwal pasang kusen untuk kode order \"PKMD166\" ', 'CRK', 'CRK', '2020-06-21 06:58:29', '2020-06-21 06:58:29'),
(224, 130, 'menginputkan data konsumen dengan kode order \"PKMD120\"', 'PPP', 'PC', '2020-06-21 07:00:45', '2020-06-21 07:00:45'),
(225, 131, 'menginputkan data konsumen dengan kode order \"PRIORITAS\"', 'PPP', 'PC', '2020-06-22 03:08:34', '2020-06-22 03:08:34'),
(226, 132, 'menginputkan data konsumen dengan kode order \"KSFG17\"', 'PPP', 'PC', '2020-06-22 03:25:09', '2020-06-22 03:25:09'),
(227, 129, 'melakukan reschedule jadwal pasang kusen untuk kode order \"PKMD166\" ', 'SJK', 'SJK', '2020-06-24 05:54:15', '2020-06-24 05:54:15'),
(228, 129, 'menerima perubahan jadwal pasang kusen untuk kode order \"PKMD166\" ', 'CRK', 'CRK', '2020-06-24 08:27:42', '2020-06-24 08:27:42'),
(229, 129, 'telah menyelesaikan pasang kusen untuk kode order \"PKMD166\" ', 'DJK', 'DJK', '2020-06-24 08:27:53', '2020-06-24 08:27:53'),
(230, 115, 'menolak perubahan jadwal pasang finish untuk kode order \"PKMD128\" ', 'RRF', 'RRF', '2020-06-24 08:28:21', '2020-06-24 08:28:21'),
(231, 127, 'mengajukan jadwal pasang kusen untuk kode order \"PGMD260\" ', 'UPK', 'AJK', '2020-06-24 08:30:10', '2020-06-24 08:30:10'),
(232, 132, 'mengajukan jadwal pasang kusen untuk kode order \"KSFG17\" ', 'UPK', 'AJK', '2020-06-24 08:30:37', '2020-06-24 08:30:37'),
(233, 142, 'menginputkan data konsumen dengan kode order \"PGMD262\"', 'PPP', 'PC', '2020-06-24 08:55:19', '2020-06-24 08:55:19'),
(234, 127, 'menerima pengajuan jadwal pasang kusen untuk kode order \"PGMD260\" ', 'CJK', 'CJK', '2020-06-24 08:56:30', '2020-06-24 08:56:30'),
(235, 132, 'menerima pengajuan jadwal pasang kusen untuk kode order \"KSFG17\" ', 'CJK', 'CJK', '2020-06-24 08:56:42', '2020-06-24 08:56:42'),
(236, 144, 'menginputkan data konsumen dengan kode order \"PKMD151B\"', 'PPP', 'PC', '2020-06-24 10:24:17', '2020-06-24 10:24:17'),
(237, 132, 'telah menyelesaikan pasang kusen untuk kode order \"KSFG17\" ', 'DJK', 'DJK', '2020-06-26 08:36:53', '2020-06-26 08:36:53'),
(238, 121, 'telah menyelesaikan pasang kusen untuk kode order \"PKMD156\" ', 'DJK', 'DJK', '2020-06-26 11:58:19', '2020-06-26 11:58:19'),
(239, 145, 'menginputkan data konsumen dengan kode order \"PGMD261\"', 'PPP', 'PC', '2020-06-26 15:30:46', '2020-06-26 15:30:46'),
(240, 145, 'mengajukan jadwal pasang kusen untuk kode order \"PGMD261\" ', 'UPK', 'AJK', '2020-06-27 02:15:42', '2020-06-27 02:15:42'),
(241, 145, 'menerima pengajuan jadwal pasang kusen untuk kode order \"PGMD261\" ', 'CJK', 'CJK', '2020-06-27 02:24:06', '2020-06-27 02:24:06'),
(242, 126, 'telah menyelesaikan pasang kusen untuk kode order \"PKMD165\" ', 'DJK', 'DJK', '2020-06-27 06:40:32', '2020-06-27 06:40:32'),
(243, 127, 'telah menyelesaikan pasang kusen untuk kode order \"PGMD260\" ', 'DJK', 'DJK', '2020-06-28 09:24:41', '2020-06-28 09:24:41'),
(244, 145, 'telah menyelesaikan pasang kusen untuk kode order \"PGMD261\" ', 'DJK', 'DJK', '2020-06-28 09:24:54', '2020-06-28 09:24:54'),
(245, 142, 'mengajukan jadwal pasang kusen untuk kode order \"PGMD262\" ', 'UPK', 'AJK', '2020-06-30 11:52:44', '2020-06-30 11:52:44'),
(246, 142, 'menerima pengajuan jadwal pasang kusen untuk kode order \"PGMD262\" ', 'CJK', 'CJK', '2020-07-01 04:31:29', '2020-07-01 04:31:29'),
(247, 146, 'menginputkan data konsumen dengan kode order \"KSFG70\"', 'PPP', 'PC', '2020-07-01 06:37:44', '2020-07-01 06:37:44'),
(312, 171, 'mengajukan jadwal pasang kusen untuk kode order \"PKMD172\" ', 'UPK', 'AJK', '2020-07-22 02:38:31', '2020-07-22 02:38:31'),
(249, 121, 'menolak perubahan jadwal pasang finish untuk kode order \"PKMD156\" ', 'RRF', 'RRF', '2020-07-03 14:14:02', '2020-07-03 14:14:02'),
(250, 126, 'menolak perubahan jadwal pasang finish untuk kode order \"PKMD165\" ', 'RRF', 'RRF', '2020-07-03 14:17:39', '2020-07-03 14:17:39'),
(251, 146, 'mengajukan jadwal pasang kusen untuk kode order \"KSFG70\" ', 'UPK', 'AJK', '2020-07-03 14:18:23', '2020-07-03 14:18:23'),
(252, 146, 'menerima pengajuan jadwal pasang kusen untuk kode order \"KSFG70\" ', 'CJK', 'CJK', '2020-07-03 14:39:18', '2020-07-03 14:39:18'),
(253, 142, 'telah menyelesaikan pasang kusen untuk kode order \"PGMD262\" ', 'DJK', 'DJK', '2020-07-04 01:24:24', '2020-07-04 01:24:24'),
(254, 126, 'menolak perubahan jadwal pasang finish untuk kode order \"PKMD165\" ', 'RRF', 'RRF', '2020-07-04 01:25:44', '2020-07-04 01:25:44'),
(311, 172, 'menerima pengajuan jadwal pasang kusen untuk kode order \"PGMD263\" ', 'CJK', 'CJK', '2020-07-21 06:30:30', '2020-07-21 06:30:30'),
(256, 144, 'mengajukan jadwal pasang kusen untuk kode order \"PKMD151B\" ', 'UPK', 'AJK', '2020-07-04 14:48:00', '2020-07-04 14:48:00'),
(310, 172, 'mengajukan jadwal pasang kusen untuk kode order \"PGMD263\" ', 'UPK', 'AJK', '2020-07-21 01:46:14', '2020-07-21 01:46:14'),
(258, 144, 'menerima pengajuan jadwal pasang kusen untuk kode order \"PKMD151B\" ', 'CJK', 'CJK', '2020-07-05 04:35:33', '2020-07-05 04:35:33'),
(259, 115, 'mengubah gambar kerja untuk kode order \"PKMD128\" ', 'RGK', 'RVK', '2020-07-05 04:53:48', '2020-07-05 04:53:48'),
(260, 144, 'telah menyelesaikan pasang kusen untuk kode order \"PKMD151B\" ', 'DJK', 'DJK', '2020-07-06 02:59:48', '2020-07-06 02:59:48'),
(261, 116, 'mengubah gambar kerja untuk kode order \"KSGK40\" ', 'RGK', 'RVK', '2020-07-06 03:25:46', '2020-07-06 03:25:46'),
(262, 116, 'mengubah gambar kerja untuk kode order \"KSGK40\" ', 'RGK', 'RVK', '2020-07-06 03:26:35', '2020-07-06 03:26:35'),
(263, 146, 'telah menyelesaikan pasang kusen untuk kode order \"KSFG70\" ', 'DJK', 'DJK', '2020-07-06 14:12:23', '2020-07-06 14:12:23'),
(309, 172, 'menginputkan data konsumen dengan kode order \"PGMD263\"', 'PPP', 'PC', '2020-07-21 01:30:26', '2020-07-21 01:30:26'),
(265, 10, 'menginputkan data komplain \"engsel lepas\" dari kode order \"COMPLAIN 10 JULI\"', 'KPPP', 'KC', '2020-07-10 01:19:34', '2020-07-10 01:19:34'),
(266, 149, 'menginputkan data konsumen dengan kode order \"PKMD167\"', 'PPP', 'PC', '2020-07-10 08:21:48', '2020-07-10 08:21:48'),
(267, 150, 'menginputkan data konsumen dengan kode order \"PKMD168\"', 'PPP', 'PC', '2020-07-10 08:46:53', '2020-07-10 08:46:53'),
(268, 151, 'menginputkan data konsumen dengan kode order \"KSFG71\"', 'PPP', 'PC', '2020-07-11 04:41:37', '2020-07-11 04:41:37'),
(269, 151, 'mengajukan jadwal pasang kusen untuk kode order \"KSFG71\" ', 'UPK', 'AJK', '2020-07-11 04:45:44', '2020-07-11 04:45:44'),
(270, 150, 'mengajukan jadwal pasang kusen untuk kode order \"PKMD168\" ', 'UPK', 'AJK', '2020-07-11 04:47:11', '2020-07-11 04:47:11'),
(271, 150, 'menolak jadwal pasang kusen untuk kode order \"PKMD168\" ', 'RJK', 'RJK', '2020-07-11 05:11:02', '2020-07-11 05:11:02'),
(272, 151, 'menolak jadwal pasang kusen untuk kode order \"KSFG71\" ', 'RJK', 'RJK', '2020-07-11 05:24:00', '2020-07-11 05:24:00'),
(273, 151, 'menerima perubahan jadwal pasang kusen untuk kode order \"KSFG71\" ', 'CRK', 'CRK', '2020-07-11 08:03:49', '2020-07-11 08:03:49'),
(274, 150, 'menerima perubahan jadwal pasang kusen untuk kode order \"PKMD168\" ', 'CRK', 'CRK', '2020-07-11 08:03:56', '2020-07-11 08:03:56'),
(275, 126, 'menolak perubahan jadwal pasang finish untuk kode order \"PKMD165\" ', 'RRF', 'RRF', '2020-07-13 03:56:22', '2020-07-13 03:56:22'),
(276, 152, 'menginputkan data konsumen dengan kode order \"PKMD170\"', 'PPP', 'PC', '2020-07-13 07:22:49', '2020-07-13 07:22:49'),
(277, 149, 'mengajukan jadwal pasang kusen untuk kode order \"PKMD167\" ', 'UPK', 'AJK', '2020-07-14 05:45:07', '2020-07-14 05:45:07'),
(278, 153, 'menginputkan data konsumen dengan kode order \"PKMD169\"', 'PPP', 'PC', '2020-07-14 06:31:41', '2020-07-14 06:31:41'),
(279, 150, 'melakukan reschedule jadwal pasang kusen untuk kode order \"PKMD168\" ', 'SJK', 'SJK', '2020-07-14 06:56:47', '2020-07-14 06:56:47'),
(280, 100, 'mengubah gambar kerja untuk kode order \"PKMD160\" ', 'RGK', 'RVK', '2020-07-14 07:28:08', '2020-07-14 07:28:08'),
(281, 11, 'menginputkan data komplain \"pintu lepas, udah dr maret bel...\" dari kode order \"LAWANG\"', 'KPPP', 'KC', '2020-07-14 07:33:22', '2020-07-14 07:33:22'),
(282, 94, 'mengubah gambar kerja untuk kode order \"PKMD159\" ', 'RGK', 'RVK', '2020-07-14 08:33:45', '2020-07-14 08:33:45'),
(283, 94, 'mengubah gambar kerja untuk kode order \"PKMD159\" ', 'RGK', 'RVK', '2020-07-14 08:33:48', '2020-07-14 08:33:48'),
(284, 12, 'menginputkan data komplain \"lem2an plat besinlepas dr pint...\" dari kode order \"PKMD145\"', 'KPPP', 'KC', '2020-07-14 12:16:47', '2020-07-14 12:16:47'),
(285, 13, 'menginputkan data komplain \"handle pintu lepas bautnya, ti...\" dari kode order \"PGMD208\"', 'KPPP', 'KC', '2020-07-15 00:30:38', '2020-07-15 00:30:38'),
(286, 150, 'menerima perubahan jadwal pasang kusen untuk kode order \"PKMD168\" ', 'CRK', 'CRK', '2020-07-15 01:10:34', '2020-07-15 01:10:34'),
(287, 153, 'mengubah gambar kerja untuk kode order \"PKMD169\" ', 'RGK', 'RVK', '2020-07-15 04:32:51', '2020-07-15 04:32:51'),
(288, 152, 'mengubah gambar kerja untuk kode order \"PKMD170\" ', 'RGK', 'RVK', '2020-07-15 04:33:32', '2020-07-15 04:33:32'),
(289, 152, 'mengajukan jadwal pasang kusen untuk kode order \"PKMD170\" ', 'UPK', 'AJK', '2020-07-16 04:53:18', '2020-07-16 04:53:18'),
(290, 152, 'menerima pengajuan jadwal pasang kusen untuk kode order \"PKMD170\" ', 'CJK', 'CJK', '2020-07-16 06:39:08', '2020-07-16 06:39:08'),
(291, 149, 'menolak jadwal pasang kusen untuk kode order \"PKMD167\" ', 'RJK', 'RJK', '2020-07-16 06:39:26', '2020-07-16 06:39:26'),
(292, 157, 'menginputkan data konsumen dengan kode order \"PKMD171\"', 'PPP', 'PC', '2020-07-16 08:48:59', '2020-07-16 08:48:59'),
(293, 94, 'menolak perubahan jadwal pasang finish untuk kode order \"PKMD159\" ', 'RRF', 'RRF', '2020-07-17 00:53:14', '2020-07-17 00:53:14'),
(294, 149, 'menolak perubahan jadwal pasang kusen untuk kode order \"PKMD167\" ', 'RRK', 'RRK', '2020-07-17 00:55:01', '2020-07-17 00:55:01'),
(295, 14, 'menginputkan data komplain \"lem pintu lepas udah 5 bulan b...\" dari kode order \"PKMD104\"', 'KPPP', 'KC', '2020-07-17 02:12:17', '2020-07-17 02:12:17'),
(296, 152, 'melakukan reschedule jadwal pasang kusen untuk kode order \"PKMD170\" ', 'SJK', 'SJK', '2020-07-17 10:33:20', '2020-07-17 10:33:20'),
(297, 100, 'mengajukan jadwal pasang kusen untuk kode order \"PKMD160\" ', 'UPK', 'AJK', '2020-07-20 05:38:10', '2020-07-20 05:38:10'),
(298, 153, 'mengajukan jadwal pasang kusen untuk kode order \"PKMD169\" ', 'UPK', 'AJK', '2020-07-20 05:38:44', '2020-07-20 05:38:44'),
(299, 157, 'mengajukan jadwal pasang kusen untuk kode order \"PKMD171\" ', 'UPK', 'AJK', '2020-07-20 05:43:38', '2020-07-20 05:43:38'),
(300, 100, 'menerima pengajuan jadwal pasang kusen untuk kode order \"PKMD160\" ', 'CJK', 'CJK', '2020-07-20 06:49:10', '2020-07-20 06:49:10'),
(301, 150, 'telah menyelesaikan pasang kusen untuk kode order \"PKMD168\" ', 'DJK', 'DJK', '2020-07-20 07:03:17', '2020-07-20 07:03:17'),
(302, 152, 'menolak perubahan jadwal pasang kusen untuk kode order \"PKMD170\" ', 'RRK', 'RRK', '2020-07-20 07:03:55', '2020-07-20 07:03:55'),
(303, 152, 'menerima pengajuan jadwal pasang kusen untuk kode order \"PKMD170\" ', 'CJK', 'CJK', '2020-07-20 07:06:51', '2020-07-20 07:06:51'),
(304, 149, 'menolak jadwal pasang kusen untuk kode order \"PKMD167\" ', 'RJK', 'RJK', '2020-07-20 14:04:42', '2020-07-20 14:04:42'),
(305, 153, 'menerima pengajuan jadwal pasang kusen untuk kode order \"PKMD169\" ', 'CJK', 'CJK', '2020-07-20 14:09:33', '2020-07-20 14:09:33'),
(306, 149, 'menerima perubahan jadwal pasang kusen untuk kode order \"PKMD167\" ', 'CRK', 'CRK', '2020-07-21 00:29:18', '2020-07-21 00:29:18'),
(307, 149, 'telah menyelesaikan pasang kusen untuk kode order \"PKMD167\" ', 'DJK', 'DJK', '2020-07-21 00:29:23', '2020-07-21 00:29:23'),
(308, 171, 'menginputkan data konsumen dengan kode order \"PKMD172\"', 'PPP', 'PC', '2020-07-21 00:41:23', '2020-07-21 00:41:23'),
(313, 171, 'menerima pengajuan jadwal pasang kusen untuk kode order \"PKMD172\" ', 'CJK', 'CJK', '2020-07-22 07:03:44', '2020-07-22 07:03:44'),
(314, 172, 'telah menyelesaikan pasang kusen untuk kode order \"PGMD263\" ', 'DJK', 'DJK', '2020-07-22 07:16:45', '2020-07-22 07:16:45'),
(315, 151, 'telah menyelesaikan pasang kusen untuk kode order \"KSFG71\" ', 'DJK', 'DJK', '2020-07-22 07:17:05', '2020-07-22 07:17:05'),
(316, 157, 'menerima pengajuan jadwal pasang kusen untuk kode order \"PKMD171\" ', 'CJK', 'CJK', '2020-07-22 08:16:37', '2020-07-22 08:16:37'),
(317, 157, 'melakukan reschedule jadwal pasang kusen untuk kode order \"PKMD171\" ', 'SJK', 'SJK', '2020-07-22 08:17:20', '2020-07-22 08:17:20'),
(318, 157, 'menolak perubahan jadwal pasang kusen untuk kode order \"PKMD171\" ', 'RRK', 'RRK', '2020-07-22 09:21:00', '2020-07-22 09:21:00'),
(319, 100, 'mengubah gambar kerja untuk kode order \"PKMD160\" ', 'RGK', 'RVK', '2020-07-24 04:12:23', '2020-07-24 04:12:23'),
(320, 172, 'mengubah gambar kerja untuk kode order \"PGMD263\" ', 'RGK', 'RVK', '2020-07-24 08:06:38', '2020-07-24 08:06:38'),
(321, 100, 'telah menyelesaikan pasang kusen untuk kode order \"PKMD160\" ', 'DJK', 'DJK', '2020-07-24 09:53:01', '2020-07-24 09:53:01'),
(322, 153, 'telah menyelesaikan pasang kusen untuk kode order \"PKMD169\" ', 'DJK', 'DJK', '2020-07-24 09:53:09', '2020-07-24 09:53:09'),
(323, 171, 'telah menyelesaikan pasang kusen untuk kode order \"PKMD172\" ', 'DJK', 'DJK', '2020-07-25 14:59:02', '2020-07-25 14:59:02'),
(324, 152, 'telah menyelesaikan pasang kusen untuk kode order \"PKMD170\" ', 'DJK', 'DJK', '2020-07-26 06:37:02', '2020-07-26 06:37:02'),
(325, 157, 'menerima pengajuan jadwal pasang kusen untuk kode order \"PKMD171\" ', 'CJK', 'CJK', '2020-07-27 05:15:44', '2020-07-27 05:15:44'),
(326, 157, 'melakukan reschedule jadwal pasang kusen untuk kode order \"PKMD171\" ', 'SJK', 'SJK', '2020-07-27 05:16:49', '2020-07-27 05:16:49'),
(327, 157, 'menerima perubahan jadwal pasang kusen untuk kode order \"PKMD171\" ', 'CRK', 'CRK', '2020-07-27 06:01:20', '2020-07-27 06:01:20'),
(328, 157, 'telah menyelesaikan pasang kusen untuk kode order \"PKMD171\" ', 'DJK', 'DJK', '2020-07-28 06:41:05', '2020-07-28 06:41:05'),
(329, 173, 'menginputkan data konsumen dengan kode order \"PGMW10\"', 'PPP', 'PC', '2020-08-04 08:59:56', '2020-08-04 08:59:56'),
(330, 177, 'menginputkan data konsumen dengan kode order \"PKMD173\"', 'PPP', 'PC', '2020-08-06 02:53:42', '2020-08-06 02:53:42'),
(331, 177, 'mengajukan jadwal pasang kusen untuk kode order \"PKMD173\" ', 'UPK', 'AJK', '2020-08-07 02:57:01', '2020-08-07 02:57:01'),
(332, 177, 'menerima pengajuan jadwal pasang kusen untuk kode order \"PKMD173\" ', 'CJK', 'CJK', '2020-08-07 03:12:59', '2020-08-07 03:12:59'),
(333, 177, 'telah menyelesaikan pasang kusen untuk kode order \"PKMD173\" ', 'DJK', 'DJK', '2020-08-11 11:34:45', '2020-08-11 11:34:45'),
(334, 15, 'menginputkan data komplain \"Pintu lepas dari rangka dan pe...\" dari kode order \"KSGK32\"', 'KPPP', 'KC', '2020-08-12 02:04:17', '2020-08-12 02:04:17'),
(335, 173, 'mengajukan jadwal pasang kusen untuk kode order \"PGMW10\" ', 'UPK', 'AJK', '2020-08-12 04:50:04', '2020-08-12 04:50:04'),
(336, 179, 'menginputkan data konsumen dengan kode order \"PGMD264\"', 'PPP', 'PC', '2020-08-12 11:08:58', '2020-08-12 11:08:58'),
(337, 173, 'menerima pengajuan jadwal pasang kusen untuk kode order \"PGMW10\" ', 'CJK', 'CJK', '2020-08-13 02:32:53', '2020-08-13 02:32:53'),
(338, 180, 'menginputkan data konsumen dengan kode order \"PKMD174\"', 'PPP', 'PC', '2020-08-15 02:59:15', '2020-08-15 02:59:15'),
(339, 180, 'mengajukan jadwal pasang kusen untuk kode order \"PKMD174\" ', 'UPK', 'AJK', '2020-08-15 07:18:34', '2020-08-15 07:18:34'),
(340, 179, 'mengajukan jadwal pasang kusen untuk kode order \"PGMD264\" ', 'UPK', 'AJK', '2020-08-15 07:19:00', '2020-08-15 07:19:00'),
(341, 14, 'mengajukan jadwal penanganan pada komplain \"lem pintu lepas udah 5 bulan b...\" ', 'KUPK', 'AJK', '2020-08-15 07:26:53', '2020-08-15 07:26:53'),
(342, 15, 'mengajukan jadwal penanganan pada komplain \"Pintu lepas dari rangka dan pe...\" ', 'KUPK', 'AJK', '2020-08-15 07:27:15', '2020-08-15 07:27:15'),
(343, 179, 'menerima pengajuan jadwal pasang kusen untuk kode order \"PGMD264\" ', 'CJK', 'CJK', '2020-08-15 11:22:02', '2020-08-15 11:22:02'),
(344, 180, 'menerima pengajuan jadwal pasang kusen untuk kode order \"PKMD174\" ', 'CJK', 'CJK', '2020-08-15 11:41:16', '2020-08-15 11:41:16'),
(345, 14, 'menerima pengajuan jadwal penanganan pada komplain \"lem pintu lepas udah 5 bulan belum diperbaiki\" ', 'KCJK', 'CJK', '2020-08-16 02:09:35', '2020-08-16 02:09:35'),
(346, 181, 'menginputkan data konsumen dengan kode order \"KSGK BU REVI\"', 'PPP', 'PC', '2020-08-16 05:43:22', '2020-08-16 05:43:22'),
(347, 16, 'menginputkan data komplain \"sinc lepas dr meja, sblmnya sd...\" dari kode order \"KSGK REVI\"', 'KPPP', 'KC', '2020-08-16 05:47:37', '2020-08-16 05:47:37'),
(348, 180, 'telah menyelesaikan pasang kusen untuk kode order \"PKMD174\" ', 'DJK', 'DJK', '2020-08-17 04:23:25', '2020-08-17 04:23:25'),
(349, 179, 'melakukan reschedule jadwal pasang kusen untuk kode order \"PGMD264\" ', 'SJK', 'SJK', '2020-08-18 05:47:32', '2020-08-18 05:47:32'),
(350, 179, 'menerima perubahan jadwal pasang kusen untuk kode order \"PGMD264\" ', 'CRK', 'CRK', '2020-08-18 05:53:04', '2020-08-18 05:53:04'),
(351, 100, 'mengubah gambar kerja untuk kode order \"PKMD160\" ', 'RGK', 'RVK', '2020-08-18 11:47:34', '2020-08-18 11:47:34'),
(352, 152, 'mengubah gambar kerja untuk kode order \"PKMD170\" ', 'RGK', 'RVK', '2020-08-18 11:48:02', '2020-08-18 11:48:02'),
(353, 152, 'mengubah gambar kerja untuk kode order \"PKMD170\" ', 'RGK', 'RVK', '2020-08-18 11:48:18', '2020-08-18 11:48:18'),
(354, 173, 'telah menyelesaikan pasang kusen untuk kode order \"PGMW10\" ', 'DJK', 'DJK', '2020-08-18 13:06:53', '2020-08-18 13:06:53'),
(355, 183, 'menginputkan data konsumen dengan kode order \"PGMD265\"', 'PPP', 'PC', '2020-08-21 08:34:50', '2020-08-21 08:34:50'),
(356, 184, 'menginputkan data konsumen dengan kode order \"PGMD266\"', 'PPP', 'PC', '2020-08-21 12:23:08', '2020-08-21 12:23:08'),
(357, 184, 'mengajukan jadwal pasang kusen untuk kode order \"PGMD266\" ', 'UPK', 'AJK', '2020-08-22 01:32:49', '2020-08-22 01:32:49'),
(358, 152, 'mengubah gambar kerja untuk kode order \"PKMD170\" ', 'RGK', 'RVK', '2020-08-22 07:22:44', '2020-08-22 07:22:44'),
(359, 185, 'menginputkan data konsumen dengan kode order \"PKMD175\"', 'PPP', 'PC', '2020-08-22 10:54:27', '2020-08-22 10:54:27'),
(360, 184, 'menerima pengajuan jadwal pasang kusen untuk kode order \"PGMD266\" ', 'CJK', 'CJK', '2020-08-22 11:05:34', '2020-08-22 11:05:34'),
(361, 15, 'menolak jadwal penanganan pada komplain \"Pintu lepas dari rangka dan pecah\" ', 'KRJK', 'RJK', '2020-08-22 12:21:04', '2020-08-22 12:21:04'),
(362, 15, 'menerima perubahan jadwal penanganan pada komplain \"Pintu lepas dari rangka dan pecah\" ', 'KCRK', 'CRK', '2020-08-22 12:22:23', '2020-08-22 12:22:23'),
(363, 185, 'mengajukan jadwal pasang kusen untuk kode order \"PKMD175\" ', 'UPK', 'AJK', '2020-08-22 12:35:30', '2020-08-22 12:35:30'),
(364, 183, 'mengajukan jadwal pasang kusen untuk kode order \"PGMD265\" ', 'UPK', 'AJK', '2020-08-22 13:10:38', '2020-08-22 13:10:38'),
(365, 185, 'menolak jadwal pasang kusen untuk kode order \"PKMD175\" ', 'RJK', 'RJK', '2020-08-22 13:23:05', '2020-08-22 13:23:05'),
(366, 184, 'telah menyelesaikan pasang kusen untuk kode order \"PGMD266\" ', 'DJK', 'DJK', '2020-08-22 13:26:17', '2020-08-22 13:26:17'),
(367, 179, 'telah menyelesaikan pasang kusen untuk kode order \"PGMD264\" ', 'DJK', 'DJK', '2020-08-22 13:26:28', '2020-08-22 13:26:28'),
(368, 183, 'menerima pengajuan jadwal pasang kusen untuk kode order \"PGMD265\" ', 'CJK', 'CJK', '2020-08-22 14:27:35', '2020-08-22 14:27:35'),
(369, 185, 'menerima perubahan jadwal pasang kusen untuk kode order \"PKMD175\" ', 'CRK', 'CRK', '2020-08-22 15:03:50', '2020-08-22 15:03:50'),
(370, 185, 'telah menyelesaikan pasang kusen untuk kode order \"PKMD175\" ', 'DJK', 'DJK', '2020-08-22 15:03:54', '2020-08-22 15:03:54'),
(371, 185, 'mengubah gambar kerja untuk kode order \"PKMD175\" ', 'RGK', 'RVK', '2020-08-24 06:47:56', '2020-08-24 06:47:56'),
(372, 183, 'mengubah gambar kerja untuk kode order \"PGMD265\" ', 'RGK', 'RVK', '2020-08-24 08:40:11', '2020-08-24 08:40:11'),
(373, 183, 'mengubah gambar kerja untuk kode order \"PGMD265\" ', 'RGK', 'RVK', '2020-08-24 08:40:14', '2020-08-24 08:40:14'),
(374, 183, 'mengubah gambar kerja untuk kode order \"PGMD265\" ', 'RGK', 'RVK', '2020-08-24 08:40:17', '2020-08-24 08:40:17'),
(375, 185, 'mengajukan jadwal pasang kusen untuk kode order \"PKMD175\" ', 'UPK', 'AJK', '2020-08-24 08:43:45', '2020-08-24 08:43:45'),
(376, 185, 'menerima pengajuan jadwal pasang kusen untuk kode order \"PKMD175\" ', 'CJK', 'CJK', '2020-08-24 08:54:25', '2020-08-24 08:54:25'),
(377, 183, 'mengubah gambar kerja untuk kode order \"PGMD265\" ', 'RGK', 'RVK', '2020-08-24 09:34:39', '2020-08-24 09:34:39'),
(378, 128, 'menolak jadwal pasang kusen untuk kode order \"KSGK41\" ', 'RJK', 'RJK', '2020-08-24 09:42:06', '2020-08-24 09:42:06'),
(379, 198, 'menginputkan data konsumen dengan kode order \"ADK08\"', 'PPP', 'PC', '2020-08-25 04:34:45', '2020-08-25 04:34:45'),
(380, 183, 'telah menyelesaikan pasang kusen untuk kode order \"PGMD265\" ', 'DJK', 'DJK', '2020-08-25 05:08:24', '2020-08-25 05:08:24'),
(381, 128, 'menolak perubahan jadwal pasang kusen untuk kode order \"KSGK41\" ', 'RRK', 'RRK', '2020-08-25 10:12:56', '2020-08-25 10:12:56'),
(382, 198, 'mengajukan jadwal pasang kusen untuk kode order \"ADK08\" ', 'UPK', 'AJK', '2020-08-25 10:15:27', '2020-08-25 10:15:27'),
(383, 149, 'mengubah gambar kerja untuk kode order \"PKMD167\" ', 'RGK', 'RVK', '2020-08-25 10:33:16', '2020-08-25 10:33:16');
INSERT INTO `notifications` (`id`, `reference_id`, `message`, `reference_type`, `action`, `created_at`, `updated_at`) VALUES
(384, 149, 'mengubah gambar kerja untuk kode order \"PKMD167\" ', 'RGK', 'RVK', '2020-08-25 10:33:18', '2020-08-25 10:33:18'),
(385, 149, 'mengubah gambar kerja untuk kode order \"PKMD167\" ', 'RGK', 'RVK', '2020-08-25 10:33:38', '2020-08-25 10:33:38'),
(386, 149, 'mengubah gambar kerja untuk kode order \"PKMD167\" ', 'RGK', 'RVK', '2020-08-25 10:33:57', '2020-08-25 10:33:57'),
(387, 198, 'menerima pengajuan jadwal pasang kusen untuk kode order \"ADK08\" ', 'CJK', 'CJK', '2020-08-26 04:39:27', '2020-08-26 04:39:27'),
(388, 149, 'mengajukan jadwal pasang kusen untuk kode order \"PKMD167\" ', 'UPK', 'AJK', '2020-08-26 07:20:02', '2020-08-26 07:20:02'),
(389, 198, 'telah menyelesaikan pasang kusen untuk kode order \"ADK08\" ', 'DJK', 'DJK', '2020-08-26 10:08:40', '2020-08-26 10:08:40'),
(390, 128, 'menerima pengajuan jadwal pasang kusen untuk kode order \"KSGK41\" ', 'CJK', 'CJK', '2020-08-28 00:59:18', '2020-08-28 00:59:18'),
(391, 149, 'menerima pengajuan jadwal pasang kusen untuk kode order \"PKMD167\" ', 'CJK', 'CJK', '2020-08-28 01:08:07', '2020-08-28 01:08:07'),
(392, 185, 'telah menyelesaikan pasang kusen untuk kode order \"PKMD175\" ', 'DJK', 'DJK', '2020-08-28 02:59:31', '2020-08-28 02:59:31'),
(393, 149, 'melakukan reschedule jadwal pasang kusen untuk kode order \"PKMD167\" ', 'SJK', 'SJK', '2020-08-31 08:13:23', '2020-08-31 08:13:23'),
(394, 199, 'menginputkan data konsumen dengan kode order \"PKMD176\"', 'PPP', 'PC', '2020-08-31 08:15:21', '2020-08-31 08:15:21'),
(395, 128, 'telah menyelesaikan pasang kusen untuk kode order \"KSGK41\" ', 'DJK', 'DJK', '2020-08-31 11:17:04', '2020-08-31 11:17:04'),
(396, 149, 'menerima perubahan jadwal pasang kusen untuk kode order \"PKMD167\" ', 'CRK', 'CRK', '2020-08-31 11:17:16', '2020-08-31 11:17:16');

-- --------------------------------------------------------

--
-- Struktur dari tabel `notification_senders`
--

CREATE TABLE `notification_senders` (
  `id` int(11) NOT NULL,
  `notification_id` int(11) NOT NULL,
  `user_id` int(11) NOT NULL,
  `created_at` timestamp NOT NULL DEFAULT CURRENT_TIMESTAMP ON UPDATE CURRENT_TIMESTAMP,
  `updated_at` timestamp NOT NULL DEFAULT '0000-00-00 00:00:00'
) ENGINE=MyISAM DEFAULT CHARSET=latin1;

--
-- Dumping data untuk tabel `notification_senders`
--

INSERT INTO `notification_senders` (`id`, `notification_id`, `user_id`, `created_at`, `updated_at`) VALUES
(16, 16, 28, '2020-03-05 04:46:50', '2020-03-05 04:46:50'),
(15, 15, 28, '2020-03-05 04:21:26', '2020-03-05 04:21:26'),
(14, 14, 28, '2020-03-05 04:06:54', '2020-03-05 04:06:54'),
(13, 13, 30, '2020-03-04 06:39:15', '2020-03-04 06:39:15'),
(12, 12, 28, '2020-03-03 08:12:18', '2020-03-03 08:12:18'),
(11, 11, 27, '2020-03-03 01:08:50', '2020-03-03 01:08:50'),
(10, 10, 29, '2020-03-02 10:31:59', '2020-03-02 10:31:59'),
(9, 9, 28, '2020-03-01 03:53:29', '2020-03-01 03:53:29'),
(17, 17, 28, '2020-03-05 04:50:00', '2020-03-05 04:50:00'),
(18, 18, 28, '2020-03-05 04:55:27', '2020-03-05 04:55:27'),
(19, 19, 28, '2020-03-05 06:46:05', '2020-03-05 06:46:05'),
(20, 20, 28, '2020-03-05 06:48:58', '2020-03-05 06:48:58'),
(21, 21, 28, '2020-03-05 06:51:51', '2020-03-05 06:51:51'),
(22, 22, 30, '2020-03-06 01:43:56', '2020-03-06 01:43:56'),
(23, 23, 28, '2020-03-06 08:45:14', '2020-03-06 08:45:14'),
(24, 24, 28, '2020-03-09 05:20:56', '2020-03-09 05:20:56'),
(25, 25, 28, '2020-03-13 10:02:27', '2020-03-13 10:02:27'),
(26, 26, 28, '2020-03-18 09:48:42', '2020-03-18 09:48:42'),
(27, 27, 27, '2020-03-24 07:15:04', '2020-03-24 07:15:04'),
(31, 31, 27, '2020-03-26 13:20:40', '2020-03-26 13:20:40'),
(30, 30, 30, '2020-03-26 13:20:24', '2020-03-26 13:20:24'),
(32, 32, 30, '2020-03-26 13:22:50', '2020-03-26 13:22:50'),
(33, 33, 27, '2020-03-26 13:23:12', '2020-03-26 13:23:12'),
(34, 34, 36, '2020-03-26 13:27:50', '2020-03-26 13:27:50'),
(35, 35, 36, '2020-03-26 13:27:54', '2020-03-26 13:27:54'),
(36, 36, 33, '2020-03-26 13:49:47', '2020-03-26 13:49:47'),
(37, 37, 28, '2020-03-28 06:46:57', '2020-03-28 06:46:57'),
(38, 38, 28, '2020-03-28 06:51:49', '2020-03-28 06:51:49'),
(39, 39, 28, '2020-04-07 00:10:12', '2020-04-07 00:10:12'),
(40, 40, 28, '2020-04-07 04:22:13', '2020-04-07 04:22:13'),
(41, 41, 28, '2020-04-17 02:34:40', '2020-04-17 02:34:40'),
(42, 42, 29, '2020-04-18 02:57:29', '2020-04-18 02:57:29'),
(43, 43, 29, '2020-04-18 03:01:35', '2020-04-18 03:01:35'),
(44, 44, 29, '2020-04-18 03:51:37', '2020-04-18 03:51:37'),
(45, 45, 29, '2020-04-18 04:05:52', '2020-04-18 04:05:52'),
(46, 46, 29, '2020-04-18 04:06:22', '2020-04-18 04:06:22'),
(47, 47, 29, '2020-04-18 04:07:21', '2020-04-18 04:07:21'),
(48, 48, 29, '2020-04-18 04:11:17', '2020-04-18 04:11:17'),
(49, 49, 27, '2020-04-18 04:12:08', '2020-04-18 04:12:08'),
(50, 50, 27, '2020-04-18 04:12:18', '2020-04-18 04:12:18'),
(51, 51, 27, '2020-04-18 04:12:22', '2020-04-18 04:12:22'),
(52, 52, 27, '2020-04-18 04:12:31', '2020-04-18 04:12:31'),
(53, 53, 27, '2020-04-18 04:12:36', '2020-04-18 04:12:36'),
(54, 54, 27, '2020-04-18 04:12:52', '2020-04-18 04:12:52'),
(55, 55, 27, '2020-04-18 04:12:59', '2020-04-18 04:12:59'),
(56, 56, 29, '2020-04-18 04:14:50', '2020-04-18 04:14:50'),
(57, 57, 29, '2020-04-18 04:16:13', '2020-04-18 04:16:13'),
(58, 58, 29, '2020-04-18 04:16:48', '2020-04-18 04:16:48'),
(59, 59, 29, '2020-04-18 04:19:53', '2020-04-18 04:19:53'),
(60, 60, 28, '2020-04-22 01:01:33', '2020-04-22 01:01:33'),
(61, 61, 29, '2020-04-22 02:29:47', '2020-04-22 02:29:47'),
(62, 62, 27, '2020-04-22 03:01:13', '2020-04-22 03:01:13'),
(63, 63, 27, '2020-04-22 03:01:22', '2020-04-22 03:01:22'),
(64, 64, 27, '2020-04-22 03:01:28', '2020-04-22 03:01:28'),
(65, 65, 27, '2020-04-22 03:01:33', '2020-04-22 03:01:33'),
(66, 66, 27, '2020-04-23 05:47:48', '2020-04-23 05:47:48'),
(67, 67, 29, '2020-04-24 01:19:05', '2020-04-24 01:19:05'),
(68, 68, 29, '2020-04-24 01:20:16', '2020-04-24 01:20:16'),
(69, 69, 29, '2020-04-24 01:20:50', '2020-04-24 01:20:50'),
(70, 70, 29, '2020-04-24 01:21:47', '2020-04-24 01:21:47'),
(71, 71, 29, '2020-04-24 01:22:34', '2020-04-24 01:22:34'),
(72, 72, 29, '2020-04-24 01:22:54', '2020-04-24 01:22:54'),
(73, 73, 29, '2020-04-24 01:23:09', '2020-04-24 01:23:09'),
(74, 74, 29, '2020-04-24 01:25:58', '2020-04-24 01:25:58'),
(75, 75, 29, '2020-04-24 01:27:41', '2020-04-24 01:27:41'),
(76, 76, 29, '2020-04-24 01:28:10', '2020-04-24 01:28:10'),
(77, 77, 29, '2020-04-24 01:28:27', '2020-04-24 01:28:27'),
(78, 78, 29, '2020-04-24 01:28:55', '2020-04-24 01:28:55'),
(79, 79, 29, '2020-04-24 01:30:44', '2020-04-24 01:30:44'),
(80, 80, 28, '2020-04-25 02:16:35', '2020-04-25 02:16:35'),
(81, 81, 29, '2020-04-27 07:01:43', '2020-04-27 07:01:43'),
(82, 82, 28, '2020-04-27 08:00:29', '2020-04-27 08:00:29'),
(83, 83, 27, '2020-04-30 22:50:18', '2020-04-30 22:50:18'),
(84, 84, 29, '2020-05-01 11:46:03', '2020-05-01 11:46:03'),
(85, 85, 28, '2020-05-04 00:58:00', '2020-05-04 00:58:00'),
(86, 86, 28, '2020-05-04 02:08:00', '2020-05-04 02:08:00'),
(87, 87, 28, '2020-05-04 02:53:26', '2020-05-04 02:53:26'),
(88, 88, 29, '2020-05-04 02:58:09', '2020-05-04 02:58:09'),
(89, 89, 29, '2020-05-04 03:11:37', '2020-05-04 03:11:37'),
(90, 90, 29, '2020-05-04 11:56:37', '2020-05-04 11:56:37'),
(91, 91, 29, '2020-05-04 11:57:31', '2020-05-04 11:57:31'),
(92, 92, 28, '2020-05-05 01:33:53', '2020-05-05 01:33:53'),
(93, 93, 27, '2020-05-05 02:21:37', '2020-05-05 02:21:37'),
(94, 94, 29, '2020-05-05 02:23:06', '2020-05-05 02:23:06'),
(95, 95, 29, '2020-05-05 02:23:58', '2020-05-05 02:23:58'),
(96, 96, 28, '2020-05-06 07:26:25', '2020-05-06 07:26:25'),
(97, 97, 29, '2020-05-07 02:31:54', '2020-05-07 02:31:54'),
(98, 98, 28, '2020-05-07 05:07:17', '2020-05-07 05:07:17'),
(99, 99, 29, '2020-05-08 02:47:20', '2020-05-08 02:47:20'),
(100, 100, 28, '2020-05-08 03:15:32', '2020-05-08 03:15:32'),
(101, 101, 28, '2020-05-08 03:56:04', '2020-05-08 03:56:04'),
(102, 102, 29, '2020-05-09 01:20:09', '2020-05-09 01:20:09'),
(103, 103, 28, '2020-05-09 02:47:46', '2020-05-09 02:47:46'),
(104, 104, 29, '2020-05-09 03:48:45', '2020-05-09 03:48:45'),
(105, 105, 29, '2020-05-10 01:38:41', '2020-05-10 01:38:41'),
(106, 106, 28, '2020-05-10 03:02:18', '2020-05-10 03:02:18'),
(107, 107, 28, '2020-05-10 03:02:33', '2020-05-10 03:02:33'),
(108, 108, 29, '2020-05-11 01:56:02', '2020-05-11 01:56:02'),
(109, 109, 28, '2020-05-11 08:01:12', '2020-05-11 08:01:12'),
(110, 110, 29, '2020-05-13 01:26:42', '2020-05-13 01:26:42'),
(111, 111, 29, '2020-05-13 01:27:35', '2020-05-13 01:27:35'),
(112, 112, 29, '2020-05-13 01:29:22', '2020-05-13 01:29:22'),
(113, 113, 29, '2020-05-13 01:29:50', '2020-05-13 01:29:50'),
(114, 114, 28, '2020-05-13 02:05:42', '2020-05-13 02:05:42'),
(115, 115, 28, '2020-05-16 03:37:24', '2020-05-16 03:37:24'),
(116, 116, 29, '2020-05-16 03:56:53', '2020-05-16 03:56:53'),
(117, 117, 28, '2020-05-16 04:23:19', '2020-05-16 04:23:19'),
(118, 118, 29, '2020-05-16 08:21:15', '2020-05-16 08:21:15'),
(119, 119, 28, '2020-05-16 08:21:50', '2020-05-16 08:21:50'),
(120, 120, 28, '2020-05-18 08:25:21', '2020-05-18 08:25:21'),
(121, 121, 29, '2020-05-18 13:45:47', '2020-05-18 13:45:47'),
(122, 122, 28, '2020-05-19 03:25:21', '2020-05-19 03:25:21'),
(123, 123, 29, '2020-05-19 07:21:23', '2020-05-19 07:21:23'),
(124, 124, 28, '2020-05-20 02:32:10', '2020-05-20 02:32:10'),
(125, 125, 27, '2020-05-20 08:21:31', '2020-05-20 08:21:31'),
(126, 126, 27, '2020-05-20 08:53:02', '2020-05-20 08:53:02'),
(127, 127, 29, '2020-05-20 11:00:03', '2020-05-20 11:00:03'),
(128, 128, 29, '2020-05-20 11:00:20', '2020-05-20 11:00:20'),
(129, 129, 29, '2020-05-20 11:00:58', '2020-05-20 11:00:58'),
(130, 130, 27, '2020-05-21 03:33:59', '2020-05-21 03:33:59'),
(131, 131, 29, '2020-05-21 10:07:09', '2020-05-21 10:07:09'),
(132, 132, 29, '2020-05-21 10:07:22', '2020-05-21 10:07:22'),
(133, 133, 28, '2020-05-22 23:41:44', '2020-05-22 23:41:44'),
(134, 134, 27, '2020-05-28 09:17:47', '2020-05-28 09:17:47'),
(135, 135, 38, '2020-05-28 09:20:51', '2020-05-28 09:20:51'),
(136, 136, 38, '2020-05-28 09:24:47', '2020-05-28 09:24:47'),
(137, 137, 38, '2020-05-28 09:29:50', '2020-05-28 09:29:50'),
(138, 138, 38, '2020-05-28 09:37:56', '2020-05-28 09:37:56'),
(139, 139, 29, '2020-05-28 14:49:53', '2020-05-28 14:49:53'),
(140, 140, 29, '2020-05-28 14:50:49', '2020-05-28 14:50:49'),
(141, 141, 29, '2020-05-28 14:51:11', '2020-05-28 14:51:11'),
(142, 142, 29, '2020-05-28 15:08:55', '2020-05-28 15:08:55'),
(143, 143, 29, '2020-05-28 15:09:09', '2020-05-28 15:09:09'),
(144, 144, 28, '2020-05-29 01:57:34', '2020-05-29 01:57:34'),
(145, 145, 38, '2020-05-29 02:50:36', '2020-05-29 02:50:36'),
(146, 146, 38, '2020-05-29 02:50:40', '2020-05-29 02:50:40'),
(147, 147, 38, '2020-05-29 02:50:42', '2020-05-29 02:50:42'),
(148, 148, 29, '2020-05-29 12:34:25', '2020-05-29 12:34:25'),
(149, 149, 27, '2020-05-29 15:58:13', '2020-05-29 15:58:13'),
(150, 150, 29, '2020-06-02 04:25:43', '2020-06-02 04:25:43'),
(151, 151, 29, '2020-06-02 04:25:54', '2020-06-02 04:25:54'),
(152, 152, 29, '2020-06-02 04:26:01', '2020-06-02 04:26:01'),
(153, 153, 27, '2020-06-02 05:47:03', '2020-06-02 05:47:03'),
(154, 154, 38, '2020-06-02 06:54:25', '2020-06-02 06:54:25'),
(155, 155, 28, '2020-06-04 01:57:29', '2020-06-04 01:57:29'),
(156, 156, 38, '2020-06-04 02:02:39', '2020-06-04 02:02:39'),
(157, 157, 29, '2020-06-04 02:38:23', '2020-06-04 02:38:23'),
(158, 158, 29, '2020-06-04 02:38:28', '2020-06-04 02:38:28'),
(159, 159, 29, '2020-06-04 03:17:06', '2020-06-04 03:17:06'),
(160, 160, 29, '2020-06-04 03:17:44', '2020-06-04 03:17:44'),
(161, 161, 29, '2020-06-04 03:30:02', '2020-06-04 03:30:02'),
(162, 162, 38, '2020-06-04 09:27:41', '2020-06-04 09:27:41'),
(163, 163, 27, '2020-06-04 11:04:52', '2020-06-04 11:04:52'),
(164, 164, 27, '2020-06-04 11:05:00', '2020-06-04 11:05:00'),
(165, 165, 27, '2020-06-04 14:57:54', '2020-06-04 14:57:54'),
(166, 166, 29, '2020-06-04 15:10:04', '2020-06-04 15:10:04'),
(167, 167, 29, '2020-06-04 15:10:30', '2020-06-04 15:10:30'),
(168, 168, 29, '2020-06-04 15:10:34', '2020-06-04 15:10:34'),
(169, 169, 27, '2020-06-04 15:25:01', '2020-06-04 15:25:01'),
(170, 170, 29, '2020-06-05 06:22:09', '2020-06-05 06:22:09'),
(171, 171, 27, '2020-06-05 06:44:47', '2020-06-05 06:44:47'),
(172, 172, 38, '2020-06-06 01:22:11', '2020-06-06 01:22:11'),
(173, 173, 38, '2020-06-06 07:54:21', '2020-06-06 07:54:21'),
(174, 174, 38, '2020-06-06 08:05:51', '2020-06-06 08:05:51'),
(175, 175, 29, '2020-06-06 10:45:52', '2020-06-06 10:45:52'),
(176, 176, 29, '2020-06-06 10:47:53', '2020-06-06 10:47:53'),
(177, 177, 27, '2020-06-06 11:16:00', '2020-06-06 11:16:00'),
(178, 178, 29, '2020-06-06 22:44:20', '2020-06-06 22:44:20'),
(179, 179, 29, '2020-06-07 01:26:05', '2020-06-07 01:26:05'),
(180, 180, 29, '2020-06-07 02:35:17', '2020-06-07 02:35:17'),
(181, 181, 29, '2020-06-07 02:35:34', '2020-06-07 02:35:34'),
(182, 182, 27, '2020-06-07 02:41:09', '2020-06-07 02:41:09'),
(183, 183, 27, '2020-06-07 02:41:14', '2020-06-07 02:41:14'),
(184, 184, 38, '2020-06-08 02:16:07', '2020-06-08 02:16:07'),
(185, 185, 29, '2020-06-08 03:02:25', '2020-06-08 03:02:25'),
(186, 186, 29, '2020-06-08 03:02:48', '2020-06-08 03:02:48'),
(187, 187, 28, '2020-06-08 03:27:59', '2020-06-08 03:27:59'),
(188, 188, 29, '2020-06-08 11:28:54', '2020-06-08 11:28:54'),
(189, 189, 29, '2020-06-08 11:29:05', '2020-06-08 11:29:05'),
(190, 190, 29, '2020-06-08 11:29:13', '2020-06-08 11:29:13'),
(191, 191, 29, '2020-06-08 11:29:21', '2020-06-08 11:29:21'),
(192, 192, 29, '2020-06-08 11:29:29', '2020-06-08 11:29:29'),
(193, 193, 29, '2020-06-09 01:33:51', '2020-06-09 01:33:51'),
(194, 194, 38, '2020-06-09 02:24:43', '2020-06-09 02:24:43'),
(195, 195, 38, '2020-06-09 09:32:52', '2020-06-09 09:32:52'),
(196, 196, 38, '2020-06-10 06:14:17', '2020-06-10 06:14:17'),
(197, 197, 29, '2020-06-12 01:56:30', '2020-06-12 01:56:30'),
(198, 198, 29, '2020-06-12 01:56:52', '2020-06-12 01:56:52'),
(199, 199, 29, '2020-06-12 01:57:12', '2020-06-12 01:57:12'),
(200, 200, 27, '2020-06-12 02:02:55', '2020-06-12 02:02:55'),
(201, 201, 27, '2020-06-12 02:03:17', '2020-06-12 02:03:17'),
(202, 202, 27, '2020-06-12 02:03:23', '2020-06-12 02:03:23'),
(203, 203, 27, '2020-06-15 15:24:07', '2020-06-15 15:24:07'),
(204, 204, 27, '2020-06-15 15:27:27', '2020-06-15 15:27:27'),
(205, 205, 29, '2020-06-16 02:51:52', '2020-06-16 02:51:52'),
(206, 206, 29, '2020-06-16 02:52:40', '2020-06-16 02:52:40'),
(207, 207, 27, '2020-06-16 03:08:52', '2020-06-16 03:08:52'),
(208, 208, 38, '2020-06-16 06:33:08', '2020-06-16 06:33:08'),
(209, 209, 29, '2020-06-18 06:30:16', '2020-06-18 06:30:16'),
(210, 210, 29, '2020-06-18 06:30:22', '2020-06-18 06:30:22'),
(211, 211, 29, '2020-06-18 06:30:43', '2020-06-18 06:30:43'),
(212, 212, 29, '2020-06-18 07:25:34', '2020-06-18 07:25:34'),
(213, 213, 29, '2020-06-18 07:28:47', '2020-06-18 07:28:47'),
(214, 214, 38, '2020-06-19 06:31:05', '2020-06-19 06:31:05'),
(215, 215, 38, '2020-06-19 06:33:36', '2020-06-19 06:33:36'),
(216, 216, 27, '2020-06-20 01:01:29', '2020-06-20 01:01:29'),
(217, 217, 38, '2020-06-20 08:35:25', '2020-06-20 08:35:25'),
(218, 218, 29, '2020-06-21 06:33:17', '2020-06-21 06:33:17'),
(219, 219, 27, '2020-06-21 06:33:22', '2020-06-21 06:33:22'),
(220, 220, 29, '2020-06-21 06:33:35', '2020-06-21 06:33:35'),
(221, 221, 27, '2020-06-21 06:35:14', '2020-06-21 06:35:14'),
(222, 222, 29, '2020-06-21 06:58:24', '2020-06-21 06:58:24'),
(223, 223, 29, '2020-06-21 06:58:29', '2020-06-21 06:58:29'),
(224, 224, 27, '2020-06-21 07:00:45', '2020-06-21 07:00:45'),
(225, 225, 27, '2020-06-22 03:08:34', '2020-06-22 03:08:34'),
(226, 226, 27, '2020-06-22 03:25:09', '2020-06-22 03:25:09'),
(227, 227, 38, '2020-06-24 05:54:15', '2020-06-24 05:54:15'),
(228, 228, 29, '2020-06-24 08:27:42', '2020-06-24 08:27:42'),
(229, 229, 29, '2020-06-24 08:27:53', '2020-06-24 08:27:53'),
(230, 230, 29, '2020-06-24 08:28:21', '2020-06-24 08:28:21'),
(231, 231, 29, '2020-06-24 08:30:10', '2020-06-24 08:30:10'),
(232, 232, 29, '2020-06-24 08:30:37', '2020-06-24 08:30:37'),
(233, 233, 38, '2020-06-24 08:55:19', '2020-06-24 08:55:19'),
(234, 234, 27, '2020-06-24 08:56:30', '2020-06-24 08:56:30'),
(235, 235, 27, '2020-06-24 08:56:42', '2020-06-24 08:56:42'),
(236, 236, 38, '2020-06-24 10:24:17', '2020-06-24 10:24:17'),
(237, 237, 29, '2020-06-26 08:36:53', '2020-06-26 08:36:53'),
(238, 238, 29, '2020-06-26 11:58:19', '2020-06-26 11:58:19'),
(239, 239, 38, '2020-06-26 15:30:46', '2020-06-26 15:30:46'),
(240, 240, 29, '2020-06-27 02:15:42', '2020-06-27 02:15:42'),
(241, 241, 38, '2020-06-27 02:24:06', '2020-06-27 02:24:06'),
(242, 242, 29, '2020-06-27 06:40:32', '2020-06-27 06:40:32'),
(243, 243, 29, '2020-06-28 09:24:41', '2020-06-28 09:24:41'),
(244, 244, 29, '2020-06-28 09:24:54', '2020-06-28 09:24:54'),
(245, 245, 29, '2020-06-30 11:52:44', '2020-06-30 11:52:44'),
(246, 246, 38, '2020-07-01 04:31:29', '2020-07-01 04:31:29'),
(247, 247, 38, '2020-07-01 06:37:44', '2020-07-01 06:37:44'),
(312, 312, 29, '2020-07-22 02:38:31', '2020-07-22 02:38:31'),
(249, 249, 29, '2020-07-03 14:14:02', '2020-07-03 14:14:02'),
(250, 250, 29, '2020-07-03 14:17:39', '2020-07-03 14:17:39'),
(251, 251, 29, '2020-07-03 14:18:23', '2020-07-03 14:18:23'),
(252, 252, 28, '2020-07-03 14:39:18', '2020-07-03 14:39:18'),
(253, 253, 29, '2020-07-04 01:24:24', '2020-07-04 01:24:24'),
(254, 254, 29, '2020-07-04 01:25:44', '2020-07-04 01:25:44'),
(311, 311, 27, '2020-07-21 06:30:30', '2020-07-21 06:30:30'),
(256, 256, 29, '2020-07-04 14:48:00', '2020-07-04 14:48:00'),
(310, 310, 29, '2020-07-21 01:46:14', '2020-07-21 01:46:14'),
(258, 258, 27, '2020-07-05 04:35:33', '2020-07-05 04:35:33'),
(259, 259, 38, '2020-07-05 04:53:48', '2020-07-05 04:53:48'),
(260, 260, 29, '2020-07-06 02:59:48', '2020-07-06 02:59:48'),
(261, 261, 38, '2020-07-06 03:25:46', '2020-07-06 03:25:46'),
(262, 262, 38, '2020-07-06 03:26:35', '2020-07-06 03:26:35'),
(263, 263, 29, '2020-07-06 14:12:23', '2020-07-06 14:12:23'),
(309, 309, 38, '2020-07-21 01:30:26', '2020-07-21 01:30:26'),
(265, 265, 27, '2020-07-10 01:19:34', '2020-07-10 01:19:34'),
(266, 266, 38, '2020-07-10 08:21:48', '2020-07-10 08:21:48'),
(267, 267, 38, '2020-07-10 08:46:53', '2020-07-10 08:46:53'),
(268, 268, 38, '2020-07-11 04:41:37', '2020-07-11 04:41:37'),
(269, 269, 29, '2020-07-11 04:45:44', '2020-07-11 04:45:44'),
(270, 270, 29, '2020-07-11 04:47:11', '2020-07-11 04:47:11'),
(271, 271, 27, '2020-07-11 05:11:02', '2020-07-11 05:11:02'),
(272, 272, 38, '2020-07-11 05:24:00', '2020-07-11 05:24:00'),
(273, 273, 29, '2020-07-11 08:03:49', '2020-07-11 08:03:49'),
(274, 274, 29, '2020-07-11 08:03:56', '2020-07-11 08:03:56'),
(275, 275, 29, '2020-07-13 03:56:22', '2020-07-13 03:56:22'),
(276, 276, 38, '2020-07-13 07:22:49', '2020-07-13 07:22:49'),
(277, 277, 29, '2020-07-14 05:45:07', '2020-07-14 05:45:07'),
(278, 278, 38, '2020-07-14 06:31:41', '2020-07-14 06:31:41'),
(279, 279, 38, '2020-07-14 06:56:47', '2020-07-14 06:56:47'),
(280, 280, 27, '2020-07-14 07:28:08', '2020-07-14 07:28:08'),
(281, 281, 27, '2020-07-14 07:33:22', '2020-07-14 07:33:22'),
(282, 282, 38, '2020-07-14 08:33:45', '2020-07-14 08:33:45'),
(283, 283, 38, '2020-07-14 08:33:48', '2020-07-14 08:33:48'),
(284, 284, 27, '2020-07-14 12:16:47', '2020-07-14 12:16:47'),
(285, 285, 27, '2020-07-15 00:30:38', '2020-07-15 00:30:38'),
(286, 286, 29, '2020-07-15 01:10:34', '2020-07-15 01:10:34'),
(287, 287, 38, '2020-07-15 04:32:51', '2020-07-15 04:32:51'),
(288, 288, 38, '2020-07-15 04:33:32', '2020-07-15 04:33:32'),
(289, 289, 29, '2020-07-16 04:53:18', '2020-07-16 04:53:18'),
(290, 290, 27, '2020-07-16 06:39:08', '2020-07-16 06:39:08'),
(291, 291, 27, '2020-07-16 06:39:26', '2020-07-16 06:39:26'),
(292, 292, 38, '2020-07-16 08:48:59', '2020-07-16 08:48:59'),
(293, 293, 29, '2020-07-17 00:53:14', '2020-07-17 00:53:14'),
(294, 294, 29, '2020-07-17 00:55:01', '2020-07-17 00:55:01'),
(295, 295, 27, '2020-07-17 02:12:17', '2020-07-17 02:12:17'),
(296, 296, 38, '2020-07-17 10:33:20', '2020-07-17 10:33:20'),
(297, 297, 29, '2020-07-20 05:38:10', '2020-07-20 05:38:10'),
(298, 298, 29, '2020-07-20 05:38:44', '2020-07-20 05:38:44'),
(299, 299, 29, '2020-07-20 05:43:38', '2020-07-20 05:43:38'),
(300, 300, 38, '2020-07-20 06:49:10', '2020-07-20 06:49:10'),
(301, 301, 29, '2020-07-20 07:03:17', '2020-07-20 07:03:17'),
(302, 302, 29, '2020-07-20 07:03:55', '2020-07-20 07:03:55'),
(303, 303, 27, '2020-07-20 07:06:51', '2020-07-20 07:06:51'),
(304, 304, 27, '2020-07-20 14:04:42', '2020-07-20 14:04:42'),
(305, 305, 28, '2020-07-20 14:09:33', '2020-07-20 14:09:33'),
(306, 306, 29, '2020-07-21 00:29:18', '2020-07-21 00:29:18'),
(307, 307, 29, '2020-07-21 00:29:23', '2020-07-21 00:29:23'),
(308, 308, 38, '2020-07-21 00:41:23', '2020-07-21 00:41:23'),
(313, 313, 27, '2020-07-22 07:03:44', '2020-07-22 07:03:44'),
(314, 314, 29, '2020-07-22 07:16:45', '2020-07-22 07:16:45'),
(315, 315, 29, '2020-07-22 07:17:05', '2020-07-22 07:17:05'),
(316, 316, 38, '2020-07-22 08:16:37', '2020-07-22 08:16:37'),
(317, 317, 38, '2020-07-22 08:17:20', '2020-07-22 08:17:20'),
(318, 318, 29, '2020-07-22 09:21:00', '2020-07-22 09:21:00'),
(319, 319, 38, '2020-07-24 04:12:23', '2020-07-24 04:12:23'),
(320, 320, 38, '2020-07-24 08:06:38', '2020-07-24 08:06:38'),
(321, 321, 29, '2020-07-24 09:53:01', '2020-07-24 09:53:01'),
(322, 322, 29, '2020-07-24 09:53:09', '2020-07-24 09:53:09'),
(323, 323, 29, '2020-07-25 14:59:02', '2020-07-25 14:59:02'),
(324, 324, 29, '2020-07-26 06:37:02', '2020-07-26 06:37:02'),
(325, 325, 38, '2020-07-27 05:15:44', '2020-07-27 05:15:44'),
(326, 326, 38, '2020-07-27 05:16:49', '2020-07-27 05:16:49'),
(327, 327, 29, '2020-07-27 06:01:20', '2020-07-27 06:01:20'),
(328, 328, 29, '2020-07-28 06:41:05', '2020-07-28 06:41:05'),
(329, 329, 38, '2020-08-04 08:59:56', '2020-08-04 08:59:56'),
(330, 330, 38, '2020-08-06 02:53:42', '2020-08-06 02:53:42'),
(331, 331, 29, '2020-08-07 02:57:01', '2020-08-07 02:57:01'),
(332, 332, 38, '2020-08-07 03:12:59', '2020-08-07 03:12:59'),
(333, 333, 29, '2020-08-11 11:34:45', '2020-08-11 11:34:45'),
(334, 334, 28, '2020-08-12 02:04:17', '2020-08-12 02:04:17'),
(335, 335, 29, '2020-08-12 04:50:04', '2020-08-12 04:50:04'),
(336, 336, 38, '2020-08-12 11:08:58', '2020-08-12 11:08:58'),
(337, 337, 38, '2020-08-13 02:32:53', '2020-08-13 02:32:53'),
(338, 338, 38, '2020-08-15 02:59:15', '2020-08-15 02:59:15'),
(339, 339, 29, '2020-08-15 07:18:34', '2020-08-15 07:18:34'),
(340, 340, 29, '2020-08-15 07:19:00', '2020-08-15 07:19:00'),
(341, 341, 29, '2020-08-15 07:26:53', '2020-08-15 07:26:53'),
(342, 342, 29, '2020-08-15 07:27:15', '2020-08-15 07:27:15'),
(343, 343, 27, '2020-08-15 11:22:02', '2020-08-15 11:22:02'),
(344, 344, 27, '2020-08-15 11:41:16', '2020-08-15 11:41:16'),
(345, 345, 27, '2020-08-16 02:09:35', '2020-08-16 02:09:35'),
(346, 346, 27, '2020-08-16 05:43:22', '2020-08-16 05:43:22'),
(347, 347, 27, '2020-08-16 05:47:37', '2020-08-16 05:47:37'),
(348, 348, 29, '2020-08-17 04:23:25', '2020-08-17 04:23:25'),
(349, 349, 38, '2020-08-18 05:47:32', '2020-08-18 05:47:32'),
(350, 350, 29, '2020-08-18 05:53:04', '2020-08-18 05:53:04'),
(351, 351, 38, '2020-08-18 11:47:34', '2020-08-18 11:47:34'),
(352, 352, 38, '2020-08-18 11:48:02', '2020-08-18 11:48:02'),
(353, 353, 38, '2020-08-18 11:48:18', '2020-08-18 11:48:18'),
(354, 354, 29, '2020-08-18 13:06:53', '2020-08-18 13:06:53'),
(355, 355, 38, '2020-08-21 08:34:50', '2020-08-21 08:34:50'),
(356, 356, 38, '2020-08-21 12:23:08', '2020-08-21 12:23:08'),
(357, 357, 29, '2020-08-22 01:32:49', '2020-08-22 01:32:49'),
(358, 358, 38, '2020-08-22 07:22:44', '2020-08-22 07:22:44'),
(359, 359, 28, '2020-08-22 10:54:27', '2020-08-22 10:54:27'),
(360, 360, 27, '2020-08-22 11:05:34', '2020-08-22 11:05:34'),
(361, 361, 27, '2020-08-22 12:21:05', '2020-08-22 12:21:05'),
(362, 362, 29, '2020-08-22 12:22:23', '2020-08-22 12:22:23'),
(363, 363, 29, '2020-08-22 12:35:30', '2020-08-22 12:35:30'),
(364, 364, 29, '2020-08-22 13:10:38', '2020-08-22 13:10:38'),
(365, 365, 27, '2020-08-22 13:23:05', '2020-08-22 13:23:05'),
(366, 366, 29, '2020-08-22 13:26:17', '2020-08-22 13:26:17'),
(367, 367, 29, '2020-08-22 13:26:28', '2020-08-22 13:26:28'),
(368, 368, 27, '2020-08-22 14:27:35', '2020-08-22 14:27:35'),
(369, 369, 29, '2020-08-22 15:03:50', '2020-08-22 15:03:50'),
(370, 370, 29, '2020-08-22 15:03:54', '2020-08-22 15:03:54'),
(371, 371, 38, '2020-08-24 06:47:56', '2020-08-24 06:47:56'),
(372, 372, 28, '2020-08-24 08:40:11', '2020-08-24 08:40:11'),
(373, 373, 28, '2020-08-24 08:40:14', '2020-08-24 08:40:14'),
(374, 374, 28, '2020-08-24 08:40:17', '2020-08-24 08:40:17'),
(375, 375, 29, '2020-08-24 08:43:45', '2020-08-24 08:43:45'),
(376, 376, 27, '2020-08-24 08:54:25', '2020-08-24 08:54:25'),
(377, 377, 38, '2020-08-24 09:34:39', '2020-08-24 09:34:39'),
(378, 378, 38, '2020-08-24 09:42:06', '2020-08-24 09:42:06'),
(379, 379, 38, '2020-08-25 04:34:45', '2020-08-25 04:34:45'),
(380, 380, 29, '2020-08-25 05:08:24', '2020-08-25 05:08:24'),
(381, 381, 29, '2020-08-25 10:12:56', '2020-08-25 10:12:56'),
(382, 382, 29, '2020-08-25 10:15:27', '2020-08-25 10:15:27'),
(383, 383, 38, '2020-08-25 10:33:16', '2020-08-25 10:33:16'),
(384, 384, 38, '2020-08-25 10:33:18', '2020-08-25 10:33:18'),
(385, 385, 38, '2020-08-25 10:33:38', '2020-08-25 10:33:38'),
(386, 386, 38, '2020-08-25 10:33:57', '2020-08-25 10:33:57'),
(387, 387, 27, '2020-08-26 04:39:27', '2020-08-26 04:39:27'),
(388, 388, 29, '2020-08-26 07:20:02', '2020-08-26 07:20:02'),
(389, 389, 29, '2020-08-26 10:08:40', '2020-08-26 10:08:40'),
(390, 390, 27, '2020-08-28 00:59:18', '2020-08-28 00:59:18'),
(391, 391, 27, '2020-08-28 01:08:07', '2020-08-28 01:08:07'),
(392, 392, 29, '2020-08-28 02:59:31', '2020-08-28 02:59:31'),
(393, 393, 38, '2020-08-31 08:13:23', '2020-08-31 08:13:23'),
(394, 394, 38, '2020-08-31 08:15:21', '2020-08-31 08:15:21'),
(395, 395, 29, '2020-08-31 11:17:04', '2020-08-31 11:17:04'),
(396, 396, 29, '2020-08-31 11:17:16', '2020-08-31 11:17:16');

-- --------------------------------------------------------

--
-- Struktur dari tabel `notification_users`
--

CREATE TABLE `notification_users` (
  `id` int(11) NOT NULL,
  `notification_id` int(11) NOT NULL,
  `status` char(1) NOT NULL,
  `user_id` int(11) NOT NULL,
  `created_at` timestamp NOT NULL DEFAULT CURRENT_TIMESTAMP ON UPDATE CURRENT_TIMESTAMP,
  `updated_at` timestamp NOT NULL DEFAULT '0000-00-00 00:00:00'
) ENGINE=MyISAM DEFAULT CHARSET=latin1;

--
-- Dumping data untuk tabel `notification_users`
--

INSERT INTO `notification_users` (`id`, `notification_id`, `status`, `user_id`, `created_at`, `updated_at`) VALUES
(36, 18, 'N', 30, '2020-03-05 04:55:27', '2020-03-05 04:55:27'),
(35, 18, 'N', 29, '2020-03-05 04:55:27', '2020-03-05 04:55:27'),
(34, 17, 'N', 30, '2020-03-05 04:50:00', '2020-03-05 04:50:00'),
(33, 17, 'N', 29, '2020-03-05 04:50:00', '2020-03-05 04:50:00'),
(32, 16, 'N', 30, '2020-03-05 04:46:50', '2020-03-05 04:46:50'),
(31, 16, 'N', 29, '2020-03-05 04:46:50', '2020-03-05 04:46:50'),
(30, 15, 'N', 30, '2020-03-05 04:21:26', '2020-03-05 04:21:26'),
(29, 15, 'N', 29, '2020-03-05 04:21:26', '2020-03-05 04:21:26'),
(28, 14, 'N', 30, '2020-03-05 04:06:54', '2020-03-05 04:06:54'),
(27, 14, 'N', 29, '2020-03-05 04:06:54', '2020-03-05 04:06:54'),
(26, 13, 'N', 28, '2020-03-04 06:39:15', '2020-03-04 06:39:15'),
(25, 12, 'N', 30, '2020-03-03 08:12:18', '2020-03-03 08:12:18'),
(24, 12, 'N', 29, '2020-03-03 08:12:18', '2020-03-03 08:12:18'),
(23, 11, 'R', 30, '2020-03-06 07:47:01', '2020-03-03 01:08:50'),
(22, 11, 'N', 29, '2020-03-03 01:08:50', '2020-03-03 01:08:50'),
(21, 10, 'N', 28, '2020-03-02 10:31:59', '2020-03-02 10:31:59'),
(20, 9, 'R', 30, '2020-03-02 10:35:45', '2020-03-01 03:53:29'),
(19, 9, 'N', 29, '2020-03-01 03:53:29', '2020-03-01 03:53:29'),
(37, 19, 'N', 29, '2020-03-05 06:46:05', '2020-03-05 06:46:05'),
(38, 19, 'N', 30, '2020-03-05 06:46:05', '2020-03-05 06:46:05'),
(39, 20, 'N', 29, '2020-03-05 06:48:58', '2020-03-05 06:48:58'),
(40, 20, 'N', 30, '2020-03-05 06:48:58', '2020-03-05 06:48:58'),
(41, 21, 'N', 29, '2020-03-05 06:51:51', '2020-03-05 06:51:51'),
(42, 21, 'N', 30, '2020-03-05 06:51:51', '2020-03-05 06:51:51'),
(43, 22, 'N', 28, '2020-03-06 01:43:56', '2020-03-06 01:43:56'),
(44, 22, 'N', 33, '2020-03-06 01:43:56', '2020-03-06 01:43:56'),
(45, 23, 'N', 29, '2020-03-06 08:45:14', '2020-03-06 08:45:14'),
(46, 23, 'N', 30, '2020-03-06 08:45:14', '2020-03-06 08:45:14'),
(47, 24, 'N', 29, '2020-03-09 05:20:56', '2020-03-09 05:20:56'),
(48, 24, 'R', 30, '2020-03-09 06:31:58', '2020-03-09 05:20:56'),
(49, 25, 'N', 29, '2020-03-13 10:02:27', '2020-03-13 10:02:27'),
(50, 25, 'R', 30, '2020-03-15 00:50:35', '2020-03-13 10:02:27'),
(51, 25, 'N', 37, '2020-03-13 10:02:27', '2020-03-13 10:02:27'),
(52, 26, 'N', 29, '2020-03-18 09:48:42', '2020-03-18 09:48:42'),
(53, 26, 'N', 30, '2020-03-18 09:48:42', '2020-03-18 09:48:42'),
(54, 26, 'N', 37, '2020-03-18 09:48:42', '2020-03-18 09:48:42'),
(55, 27, 'N', 29, '2020-03-24 07:15:04', '2020-03-24 07:15:04'),
(56, 27, 'N', 30, '2020-03-24 07:15:04', '2020-03-24 07:15:04'),
(57, 27, 'N', 35, '2020-03-24 07:15:04', '2020-03-24 07:15:04'),
(58, 27, 'N', 37, '2020-03-24 07:15:04', '2020-03-24 07:15:04'),
(59, 27, 'N', 32, '2020-03-24 07:15:04', '2020-03-24 07:15:04'),
(95, 38, 'N', 30, '2020-03-28 06:51:49', '2020-03-28 06:51:49'),
(94, 38, 'N', 29, '2020-03-28 06:51:49', '2020-03-28 06:51:49'),
(93, 37, 'N', 37, '2020-03-28 06:46:57', '2020-03-28 06:46:57'),
(92, 37, 'N', 30, '2020-03-28 06:46:57', '2020-03-28 06:46:57'),
(91, 37, 'N', 29, '2020-03-28 06:46:57', '2020-03-28 06:46:57'),
(100, 40, 'N', 29, '2020-04-07 04:22:13', '2020-04-07 04:22:13'),
(99, 39, 'N', 37, '2020-04-07 00:10:12', '2020-04-07 00:10:12'),
(98, 39, 'N', 30, '2020-04-07 00:10:12', '2020-04-07 00:10:12'),
(97, 39, 'N', 29, '2020-04-07 00:10:12', '2020-04-07 00:10:12'),
(96, 38, 'N', 37, '2020-03-28 06:51:49', '2020-03-28 06:51:49'),
(70, 30, 'N', 28, '2020-03-26 13:20:24', '2020-03-26 13:20:24'),
(71, 30, 'N', 35, '2020-03-26 13:20:24', '2020-03-26 13:20:24'),
(72, 31, 'N', 29, '2020-03-26 13:20:40', '2020-03-26 13:20:40'),
(73, 31, 'N', 30, '2020-03-26 13:20:40', '2020-03-26 13:20:40'),
(74, 31, 'N', 37, '2020-03-26 13:20:40', '2020-03-26 13:20:40'),
(75, 31, 'N', 36, '2020-03-26 13:20:40', '2020-03-26 13:20:40'),
(76, 32, 'N', 28, '2020-03-26 13:22:50', '2020-03-26 13:22:50'),
(77, 32, 'N', 35, '2020-03-26 13:22:50', '2020-03-26 13:22:50'),
(78, 33, 'N', 29, '2020-03-26 13:23:12', '2020-03-26 13:23:12'),
(79, 33, 'N', 30, '2020-03-26 13:23:12', '2020-03-26 13:23:12'),
(80, 33, 'N', 37, '2020-03-26 13:23:12', '2020-03-26 13:23:12'),
(81, 33, 'N', 36, '2020-03-26 13:23:12', '2020-03-26 13:23:12'),
(82, 34, 'N', 29, '2020-03-26 13:27:50', '2020-03-26 13:27:50'),
(83, 34, 'N', 30, '2020-03-26 13:27:50', '2020-03-26 13:27:50'),
(84, 34, 'N', 37, '2020-03-26 13:27:50', '2020-03-26 13:27:50'),
(85, 35, 'N', 29, '2020-03-26 13:27:54', '2020-03-26 13:27:54'),
(86, 35, 'N', 30, '2020-03-26 13:27:54', '2020-03-26 13:27:54'),
(87, 35, 'R', 37, '2020-03-26 13:39:39', '2020-03-26 13:27:54'),
(88, 36, 'N', 29, '2020-03-26 13:49:47', '2020-03-26 13:49:47'),
(89, 36, 'N', 30, '2020-03-26 13:49:47', '2020-03-26 13:49:47'),
(90, 36, 'R', 37, '2020-03-26 13:50:05', '2020-03-26 13:49:47'),
(101, 40, 'N', 30, '2020-04-07 04:22:13', '2020-04-07 04:22:13'),
(102, 40, 'N', 37, '2020-04-07 04:22:13', '2020-04-07 04:22:13'),
(103, 41, 'N', 29, '2020-04-17 02:34:40', '2020-04-17 02:34:40'),
(104, 41, 'N', 30, '2020-04-17 02:34:40', '2020-04-17 02:34:40'),
(105, 41, 'N', 37, '2020-04-17 02:34:40', '2020-04-17 02:34:40'),
(106, 42, 'N', 28, '2020-04-18 02:57:29', '2020-04-18 02:57:29'),
(107, 42, 'N', 35, '2020-04-18 02:57:29', '2020-04-18 02:57:29'),
(108, 43, 'N', 28, '2020-04-18 03:01:35', '2020-04-18 03:01:35'),
(109, 43, 'N', 35, '2020-04-18 03:01:35', '2020-04-18 03:01:35'),
(110, 44, 'N', 28, '2020-04-18 03:51:37', '2020-04-18 03:51:37'),
(111, 44, 'N', 35, '2020-04-18 03:51:37', '2020-04-18 03:51:37'),
(112, 45, 'N', 28, '2020-04-18 04:05:52', '2020-04-18 04:05:52'),
(113, 45, 'N', 35, '2020-04-18 04:05:52', '2020-04-18 04:05:52'),
(114, 46, 'N', 28, '2020-04-18 04:06:22', '2020-04-18 04:06:22'),
(115, 46, 'N', 35, '2020-04-18 04:06:22', '2020-04-18 04:06:22'),
(116, 47, 'N', 28, '2020-04-18 04:07:21', '2020-04-18 04:07:21'),
(117, 47, 'N', 35, '2020-04-18 04:07:21', '2020-04-18 04:07:21'),
(118, 48, 'N', 28, '2020-04-18 04:11:17', '2020-04-18 04:11:17'),
(119, 48, 'N', 35, '2020-04-18 04:11:17', '2020-04-18 04:11:17'),
(120, 49, 'N', 29, '2020-04-18 04:12:08', '2020-04-18 04:12:08'),
(121, 49, 'N', 30, '2020-04-18 04:12:08', '2020-04-18 04:12:08'),
(122, 49, 'N', 35, '2020-04-18 04:12:08', '2020-04-18 04:12:08'),
(123, 49, 'N', 37, '2020-04-18 04:12:08', '2020-04-18 04:12:08'),
(124, 49, 'N', 33, '2020-04-18 04:12:08', '2020-04-18 04:12:08'),
(125, 50, 'N', 29, '2020-04-18 04:12:18', '2020-04-18 04:12:18'),
(126, 50, 'N', 30, '2020-04-18 04:12:18', '2020-04-18 04:12:18'),
(127, 50, 'N', 35, '2020-04-18 04:12:18', '2020-04-18 04:12:18'),
(128, 50, 'N', 37, '2020-04-18 04:12:18', '2020-04-18 04:12:18'),
(129, 50, 'N', 33, '2020-04-18 04:12:18', '2020-04-18 04:12:18'),
(130, 51, 'N', 29, '2020-04-18 04:12:22', '2020-04-18 04:12:22'),
(131, 51, 'N', 30, '2020-04-18 04:12:22', '2020-04-18 04:12:22'),
(132, 51, 'N', 35, '2020-04-18 04:12:22', '2020-04-18 04:12:22'),
(133, 51, 'N', 37, '2020-04-18 04:12:22', '2020-04-18 04:12:22'),
(134, 51, 'N', 32, '2020-04-18 04:12:22', '2020-04-18 04:12:22'),
(135, 52, 'N', 29, '2020-04-18 04:12:31', '2020-04-18 04:12:31'),
(136, 52, 'N', 30, '2020-04-18 04:12:31', '2020-04-18 04:12:31'),
(137, 52, 'N', 35, '2020-04-18 04:12:31', '2020-04-18 04:12:31'),
(138, 52, 'N', 37, '2020-04-18 04:12:31', '2020-04-18 04:12:31'),
(139, 52, 'N', 31, '2020-04-18 04:12:31', '2020-04-18 04:12:31'),
(140, 53, 'N', 29, '2020-04-18 04:12:36', '2020-04-18 04:12:36'),
(141, 53, 'N', 30, '2020-04-18 04:12:36', '2020-04-18 04:12:36'),
(142, 53, 'N', 35, '2020-04-18 04:12:36', '2020-04-18 04:12:36'),
(143, 53, 'N', 37, '2020-04-18 04:12:36', '2020-04-18 04:12:36'),
(144, 53, 'N', 32, '2020-04-18 04:12:36', '2020-04-18 04:12:36'),
(145, 54, 'N', 29, '2020-04-18 04:12:52', '2020-04-18 04:12:52'),
(146, 54, 'N', 30, '2020-04-18 04:12:52', '2020-04-18 04:12:52'),
(147, 54, 'N', 35, '2020-04-18 04:12:52', '2020-04-18 04:12:52'),
(148, 54, 'N', 37, '2020-04-18 04:12:52', '2020-04-18 04:12:52'),
(149, 54, 'N', 32, '2020-04-18 04:12:52', '2020-04-18 04:12:52'),
(150, 55, 'N', 29, '2020-04-18 04:12:59', '2020-04-18 04:12:59'),
(151, 55, 'N', 30, '2020-04-18 04:12:59', '2020-04-18 04:12:59'),
(152, 55, 'N', 35, '2020-04-18 04:12:59', '2020-04-18 04:12:59'),
(153, 55, 'N', 37, '2020-04-18 04:12:59', '2020-04-18 04:12:59'),
(154, 55, 'N', 33, '2020-04-18 04:12:59', '2020-04-18 04:12:59'),
(155, 56, 'N', 28, '2020-04-18 04:14:50', '2020-04-18 04:14:50'),
(156, 56, 'N', 35, '2020-04-18 04:14:50', '2020-04-18 04:14:50'),
(157, 57, 'N', 28, '2020-04-18 04:16:13', '2020-04-18 04:16:13'),
(158, 57, 'N', 35, '2020-04-18 04:16:13', '2020-04-18 04:16:13'),
(159, 58, 'N', 28, '2020-04-18 04:16:48', '2020-04-18 04:16:48'),
(160, 58, 'N', 35, '2020-04-18 04:16:48', '2020-04-18 04:16:48'),
(161, 59, 'N', 28, '2020-04-18 04:19:53', '2020-04-18 04:19:53'),
(162, 59, 'N', 35, '2020-04-18 04:19:53', '2020-04-18 04:19:53'),
(163, 60, 'N', 29, '2020-04-22 01:01:33', '2020-04-22 01:01:33'),
(164, 60, 'N', 30, '2020-04-22 01:01:33', '2020-04-22 01:01:33'),
(165, 61, 'N', 28, '2020-04-22 02:29:47', '2020-04-22 02:29:47'),
(166, 61, 'N', 35, '2020-04-22 02:29:47', '2020-04-22 02:29:47'),
(167, 61, 'N', 37, '2020-04-22 02:29:47', '2020-04-22 02:29:47'),
(168, 62, 'N', 29, '2020-04-22 03:01:13', '2020-04-22 03:01:13'),
(169, 62, 'N', 30, '2020-04-22 03:01:13', '2020-04-22 03:01:13'),
(170, 62, 'N', 35, '2020-04-22 03:01:13', '2020-04-22 03:01:13'),
(171, 62, 'N', 37, '2020-04-22 03:01:13', '2020-04-22 03:01:13'),
(172, 62, 'N', 32, '2020-04-22 03:01:13', '2020-04-22 03:01:13'),
(173, 63, 'N', 29, '2020-04-22 03:01:22', '2020-04-22 03:01:22'),
(174, 63, 'N', 30, '2020-04-22 03:01:22', '2020-04-22 03:01:22'),
(175, 63, 'N', 35, '2020-04-22 03:01:22', '2020-04-22 03:01:22'),
(176, 63, 'N', 37, '2020-04-22 03:01:22', '2020-04-22 03:01:22'),
(177, 63, 'N', 33, '2020-04-22 03:01:22', '2020-04-22 03:01:22'),
(178, 64, 'N', 29, '2020-04-22 03:01:28', '2020-04-22 03:01:28'),
(179, 64, 'N', 30, '2020-04-22 03:01:28', '2020-04-22 03:01:28'),
(180, 64, 'N', 35, '2020-04-22 03:01:28', '2020-04-22 03:01:28'),
(181, 64, 'N', 37, '2020-04-22 03:01:28', '2020-04-22 03:01:28'),
(182, 64, 'N', 31, '2020-04-22 03:01:28', '2020-04-22 03:01:28'),
(183, 65, 'N', 29, '2020-04-22 03:01:33', '2020-04-22 03:01:33'),
(184, 65, 'N', 30, '2020-04-22 03:01:33', '2020-04-22 03:01:33'),
(185, 65, 'N', 35, '2020-04-22 03:01:33', '2020-04-22 03:01:33'),
(186, 65, 'N', 37, '2020-04-22 03:01:33', '2020-04-22 03:01:33'),
(187, 65, 'N', 32, '2020-04-22 03:01:33', '2020-04-22 03:01:33'),
(188, 66, 'N', 29, '2020-04-23 05:47:48', '2020-04-23 05:47:48'),
(189, 66, 'N', 30, '2020-04-23 05:47:48', '2020-04-23 05:47:48'),
(190, 66, 'N', 35, '2020-04-23 05:47:48', '2020-04-23 05:47:48'),
(191, 66, 'N', 37, '2020-04-23 05:47:48', '2020-04-23 05:47:48'),
(192, 66, 'N', 33, '2020-04-23 05:47:48', '2020-04-23 05:47:48'),
(193, 67, 'N', 30, '2020-04-24 01:19:05', '2020-04-24 01:19:05'),
(194, 67, 'N', 37, '2020-04-24 01:19:05', '2020-04-24 01:19:05'),
(195, 68, 'N', 30, '2020-04-24 01:20:16', '2020-04-24 01:20:16'),
(196, 68, 'N', 37, '2020-04-24 01:20:16', '2020-04-24 01:20:16'),
(197, 69, 'N', 30, '2020-04-24 01:20:50', '2020-04-24 01:20:50'),
(198, 69, 'N', 37, '2020-04-24 01:20:50', '2020-04-24 01:20:50'),
(199, 70, 'N', 30, '2020-04-24 01:21:47', '2020-04-24 01:21:47'),
(200, 70, 'N', 37, '2020-04-24 01:21:47', '2020-04-24 01:21:47'),
(201, 71, 'N', 30, '2020-04-24 01:22:34', '2020-04-24 01:22:34'),
(202, 71, 'N', 37, '2020-04-24 01:22:34', '2020-04-24 01:22:34'),
(203, 72, 'N', 30, '2020-04-24 01:22:54', '2020-04-24 01:22:54'),
(204, 72, 'N', 37, '2020-04-24 01:22:54', '2020-04-24 01:22:54'),
(205, 73, 'N', 30, '2020-04-24 01:23:09', '2020-04-24 01:23:09'),
(206, 73, 'N', 37, '2020-04-24 01:23:09', '2020-04-24 01:23:09'),
(207, 74, 'N', 30, '2020-04-24 01:25:58', '2020-04-24 01:25:58'),
(208, 74, 'N', 37, '2020-04-24 01:25:58', '2020-04-24 01:25:58'),
(209, 75, 'N', 30, '2020-04-24 01:27:41', '2020-04-24 01:27:41'),
(210, 75, 'R', 37, '2020-05-07 03:06:28', '2020-04-24 01:27:41'),
(211, 76, 'N', 30, '2020-04-24 01:28:10', '2020-04-24 01:28:10'),
(212, 76, 'N', 37, '2020-04-24 01:28:10', '2020-04-24 01:28:10'),
(213, 77, 'N', 30, '2020-04-24 01:28:27', '2020-04-24 01:28:27'),
(214, 77, 'N', 37, '2020-04-24 01:28:27', '2020-04-24 01:28:27'),
(215, 78, 'N', 30, '2020-04-24 01:28:55', '2020-04-24 01:28:55'),
(216, 78, 'N', 37, '2020-04-24 01:28:55', '2020-04-24 01:28:55'),
(217, 79, 'N', 30, '2020-04-24 01:30:44', '2020-04-24 01:30:44'),
(218, 79, 'N', 37, '2020-04-24 01:30:44', '2020-04-24 01:30:44'),
(219, 80, 'N', 29, '2020-04-25 02:16:35', '2020-04-25 02:16:35'),
(220, 80, 'N', 30, '2020-04-25 02:16:35', '2020-04-25 02:16:35'),
(221, 80, 'R', 37, '2020-04-25 04:40:15', '2020-04-25 02:16:35'),
(222, 81, 'N', 28, '2020-04-27 07:01:43', '2020-04-27 07:01:43'),
(223, 81, 'N', 35, '2020-04-27 07:01:43', '2020-04-27 07:01:43'),
(224, 81, 'N', 37, '2020-04-27 07:01:43', '2020-04-27 07:01:43'),
(225, 82, 'N', 29, '2020-04-27 08:00:29', '2020-04-27 08:00:29'),
(226, 82, 'N', 30, '2020-04-27 08:00:29', '2020-04-27 08:00:29'),
(227, 82, 'N', 37, '2020-04-27 08:00:29', '2020-04-27 08:00:29'),
(228, 83, 'N', 29, '2020-04-30 22:50:18', '2020-04-30 22:50:18'),
(229, 83, 'N', 30, '2020-04-30 22:50:18', '2020-04-30 22:50:18'),
(230, 83, 'N', 35, '2020-04-30 22:50:18', '2020-04-30 22:50:18'),
(231, 83, 'N', 31, '2020-04-30 22:50:18', '2020-04-30 22:50:18'),
(232, 84, 'N', 28, '2020-05-01 11:46:03', '2020-05-01 11:46:03'),
(233, 84, 'N', 35, '2020-05-01 11:46:03', '2020-05-01 11:46:03'),
(234, 84, 'N', 37, '2020-05-01 11:46:03', '2020-05-01 11:46:03'),
(235, 85, 'N', 29, '2020-05-04 00:58:00', '2020-05-04 00:58:00'),
(236, 85, 'N', 30, '2020-05-04 00:58:00', '2020-05-04 00:58:00'),
(237, 85, 'N', 35, '2020-05-04 00:58:00', '2020-05-04 00:58:00'),
(238, 85, 'N', 32, '2020-05-04 00:58:00', '2020-05-04 00:58:00'),
(239, 86, 'N', 29, '2020-05-04 02:08:00', '2020-05-04 02:08:00'),
(240, 86, 'N', 30, '2020-05-04 02:08:00', '2020-05-04 02:08:00'),
(241, 86, 'N', 37, '2020-05-04 02:08:00', '2020-05-04 02:08:00'),
(242, 87, 'N', 29, '2020-05-04 02:53:26', '2020-05-04 02:53:26'),
(243, 87, 'N', 30, '2020-05-04 02:53:26', '2020-05-04 02:53:26'),
(244, 87, 'N', 37, '2020-05-04 02:53:26', '2020-05-04 02:53:26'),
(245, 88, 'N', 30, '2020-05-04 02:58:09', '2020-05-04 02:58:09'),
(246, 88, 'N', 37, '2020-05-04 02:58:09', '2020-05-04 02:58:09'),
(247, 89, 'N', 30, '2020-05-04 03:11:37', '2020-05-04 03:11:37'),
(248, 89, 'N', 37, '2020-05-04 03:11:37', '2020-05-04 03:11:37'),
(249, 90, 'N', 28, '2020-05-04 11:56:37', '2020-05-04 11:56:37'),
(250, 90, 'N', 35, '2020-05-04 11:56:37', '2020-05-04 11:56:37'),
(251, 90, 'N', 37, '2020-05-04 11:56:37', '2020-05-04 11:56:37'),
(252, 91, 'N', 28, '2020-05-04 11:57:31', '2020-05-04 11:57:31'),
(253, 91, 'N', 35, '2020-05-04 11:57:31', '2020-05-04 11:57:31'),
(254, 91, 'N', 37, '2020-05-04 11:57:31', '2020-05-04 11:57:31'),
(255, 92, 'N', 29, '2020-05-05 01:33:53', '2020-05-05 01:33:53'),
(256, 92, 'N', 30, '2020-05-05 01:33:53', '2020-05-05 01:33:53'),
(257, 92, 'N', 35, '2020-05-05 01:33:53', '2020-05-05 01:33:53'),
(258, 92, 'N', 37, '2020-05-05 01:33:53', '2020-05-05 01:33:53'),
(259, 92, 'N', 33, '2020-05-05 01:33:53', '2020-05-05 01:33:53'),
(260, 93, 'N', 29, '2020-05-05 02:21:37', '2020-05-05 02:21:37'),
(261, 93, 'N', 30, '2020-05-05 02:21:37', '2020-05-05 02:21:37'),
(262, 93, 'N', 35, '2020-05-05 02:21:37', '2020-05-05 02:21:37'),
(263, 93, 'N', 37, '2020-05-05 02:21:37', '2020-05-05 02:21:37'),
(264, 94, 'N', 30, '2020-05-05 02:23:06', '2020-05-05 02:23:06'),
(265, 94, 'N', 37, '2020-05-05 02:23:06', '2020-05-05 02:23:06'),
(266, 95, 'N', 28, '2020-05-05 02:23:58', '2020-05-05 02:23:58'),
(267, 95, 'N', 35, '2020-05-05 02:23:58', '2020-05-05 02:23:58'),
(268, 95, 'N', 33, '2020-05-05 02:23:58', '2020-05-05 02:23:58'),
(269, 96, 'N', 29, '2020-05-06 07:26:25', '2020-05-06 07:26:25'),
(270, 96, 'N', 30, '2020-05-06 07:26:25', '2020-05-06 07:26:25'),
(271, 96, 'N', 37, '2020-05-06 07:26:25', '2020-05-06 07:26:25'),
(272, 97, 'N', 27, '2020-05-07 02:31:54', '2020-05-07 02:31:54'),
(273, 97, 'N', 28, '2020-05-07 02:31:54', '2020-05-07 02:31:54'),
(274, 97, 'N', 30, '2020-05-07 02:31:54', '2020-05-07 02:31:54'),
(275, 97, 'N', 34, '2020-05-07 02:31:54', '2020-05-07 02:31:54'),
(276, 97, 'N', 35, '2020-05-07 02:31:54', '2020-05-07 02:31:54'),
(277, 97, 'N', 37, '2020-05-07 02:31:54', '2020-05-07 02:31:54'),
(278, 98, 'N', 27, '2020-05-07 05:07:17', '2020-05-07 05:07:17'),
(279, 98, 'N', 29, '2020-05-07 05:07:17', '2020-05-07 05:07:17'),
(280, 98, 'N', 30, '2020-05-07 05:07:17', '2020-05-07 05:07:17'),
(281, 98, 'N', 34, '2020-05-07 05:07:17', '2020-05-07 05:07:17'),
(282, 98, 'N', 35, '2020-05-07 05:07:17', '2020-05-07 05:07:17'),
(283, 98, 'R', 37, '2020-05-07 07:43:56', '2020-05-07 05:07:17'),
(284, 99, 'N', 27, '2020-05-08 02:47:20', '2020-05-08 02:47:20'),
(285, 99, 'N', 28, '2020-05-08 02:47:20', '2020-05-08 02:47:20'),
(286, 99, 'N', 30, '2020-05-08 02:47:20', '2020-05-08 02:47:20'),
(287, 99, 'N', 34, '2020-05-08 02:47:20', '2020-05-08 02:47:20'),
(288, 99, 'N', 35, '2020-05-08 02:47:20', '2020-05-08 02:47:20'),
(289, 99, 'N', 37, '2020-05-08 02:47:20', '2020-05-08 02:47:20'),
(290, 100, 'N', 27, '2020-05-08 03:15:32', '2020-05-08 03:15:32'),
(291, 100, 'N', 29, '2020-05-08 03:15:32', '2020-05-08 03:15:32'),
(292, 100, 'N', 30, '2020-05-08 03:15:32', '2020-05-08 03:15:32'),
(293, 100, 'N', 34, '2020-05-08 03:15:32', '2020-05-08 03:15:32'),
(294, 100, 'N', 35, '2020-05-08 03:15:32', '2020-05-08 03:15:32'),
(295, 100, 'N', 37, '2020-05-08 03:15:32', '2020-05-08 03:15:32'),
(296, 100, 'N', 32, '2020-05-08 03:15:32', '2020-05-08 03:15:32'),
(297, 101, 'N', 27, '2020-05-08 03:56:04', '2020-05-08 03:56:04'),
(298, 101, 'N', 29, '2020-05-08 03:56:04', '2020-05-08 03:56:04'),
(299, 101, 'N', 30, '2020-05-08 03:56:04', '2020-05-08 03:56:04'),
(300, 101, 'N', 34, '2020-05-08 03:56:04', '2020-05-08 03:56:04'),
(301, 101, 'N', 35, '2020-05-08 03:56:04', '2020-05-08 03:56:04'),
(302, 101, 'N', 37, '2020-05-08 03:56:04', '2020-05-08 03:56:04'),
(303, 102, 'N', 27, '2020-05-09 01:20:09', '2020-05-09 01:20:09'),
(304, 102, 'N', 28, '2020-05-09 01:20:09', '2020-05-09 01:20:09'),
(305, 102, 'N', 30, '2020-05-09 01:20:09', '2020-05-09 01:20:09'),
(306, 102, 'N', 34, '2020-05-09 01:20:09', '2020-05-09 01:20:09'),
(307, 102, 'N', 35, '2020-05-09 01:20:09', '2020-05-09 01:20:09'),
(308, 102, 'N', 37, '2020-05-09 01:20:09', '2020-05-09 01:20:09'),
(309, 103, 'N', 27, '2020-05-09 02:47:46', '2020-05-09 02:47:46'),
(310, 103, 'N', 29, '2020-05-09 02:47:46', '2020-05-09 02:47:46'),
(311, 103, 'N', 30, '2020-05-09 02:47:46', '2020-05-09 02:47:46'),
(312, 103, 'N', 34, '2020-05-09 02:47:46', '2020-05-09 02:47:46'),
(313, 103, 'N', 35, '2020-05-09 02:47:46', '2020-05-09 02:47:46'),
(314, 103, 'N', 37, '2020-05-09 02:47:46', '2020-05-09 02:47:46'),
(315, 104, 'N', 27, '2020-05-09 03:48:45', '2020-05-09 03:48:45'),
(316, 104, 'N', 28, '2020-05-09 03:48:45', '2020-05-09 03:48:45'),
(317, 104, 'N', 30, '2020-05-09 03:48:45', '2020-05-09 03:48:45'),
(318, 104, 'N', 34, '2020-05-09 03:48:45', '2020-05-09 03:48:45'),
(319, 104, 'N', 35, '2020-05-09 03:48:45', '2020-05-09 03:48:45'),
(320, 104, 'N', 37, '2020-05-09 03:48:45', '2020-05-09 03:48:45'),
(321, 105, 'N', 27, '2020-05-10 01:38:41', '2020-05-10 01:38:41'),
(322, 105, 'N', 28, '2020-05-10 01:38:41', '2020-05-10 01:38:41'),
(323, 105, 'N', 30, '2020-05-10 01:38:41', '2020-05-10 01:38:41'),
(324, 105, 'N', 34, '2020-05-10 01:38:41', '2020-05-10 01:38:41'),
(325, 105, 'N', 35, '2020-05-10 01:38:41', '2020-05-10 01:38:41'),
(326, 105, 'N', 37, '2020-05-10 01:38:41', '2020-05-10 01:38:41'),
(327, 106, 'N', 27, '2020-05-10 03:02:18', '2020-05-10 03:02:18'),
(328, 106, 'N', 29, '2020-05-10 03:02:18', '2020-05-10 03:02:18'),
(329, 106, 'N', 30, '2020-05-10 03:02:18', '2020-05-10 03:02:18'),
(330, 106, 'N', 34, '2020-05-10 03:02:18', '2020-05-10 03:02:18'),
(331, 106, 'N', 35, '2020-05-10 03:02:18', '2020-05-10 03:02:18'),
(332, 106, 'N', 37, '2020-05-10 03:02:18', '2020-05-10 03:02:18'),
(333, 106, 'N', 33, '2020-05-10 03:02:18', '2020-05-10 03:02:18'),
(334, 107, 'N', 27, '2020-05-10 03:02:33', '2020-05-10 03:02:33'),
(335, 107, 'N', 29, '2020-05-10 03:02:33', '2020-05-10 03:02:33'),
(336, 107, 'N', 30, '2020-05-10 03:02:33', '2020-05-10 03:02:33'),
(337, 107, 'N', 34, '2020-05-10 03:02:33', '2020-05-10 03:02:33'),
(338, 107, 'N', 35, '2020-05-10 03:02:33', '2020-05-10 03:02:33'),
(339, 107, 'N', 37, '2020-05-10 03:02:33', '2020-05-10 03:02:33'),
(340, 107, 'N', 33, '2020-05-10 03:02:33', '2020-05-10 03:02:33'),
(341, 108, 'N', 27, '2020-05-11 01:56:02', '2020-05-11 01:56:02'),
(342, 108, 'N', 28, '2020-05-11 01:56:02', '2020-05-11 01:56:02'),
(343, 108, 'N', 30, '2020-05-11 01:56:02', '2020-05-11 01:56:02'),
(344, 108, 'N', 34, '2020-05-11 01:56:02', '2020-05-11 01:56:02'),
(345, 108, 'N', 35, '2020-05-11 01:56:02', '2020-05-11 01:56:02'),
(346, 108, 'N', 37, '2020-05-11 01:56:02', '2020-05-11 01:56:02'),
(347, 109, 'N', 27, '2020-05-11 08:01:12', '2020-05-11 08:01:12'),
(348, 109, 'N', 29, '2020-05-11 08:01:12', '2020-05-11 08:01:12'),
(349, 109, 'N', 30, '2020-05-11 08:01:12', '2020-05-11 08:01:12'),
(350, 109, 'N', 34, '2020-05-11 08:01:12', '2020-05-11 08:01:12'),
(351, 109, 'N', 35, '2020-05-11 08:01:12', '2020-05-11 08:01:12'),
(352, 109, 'N', 37, '2020-05-11 08:01:12', '2020-05-11 08:01:12'),
(353, 110, 'N', 27, '2020-05-13 01:26:42', '2020-05-13 01:26:42'),
(354, 110, 'N', 28, '2020-05-13 01:26:42', '2020-05-13 01:26:42'),
(355, 110, 'N', 30, '2020-05-13 01:26:42', '2020-05-13 01:26:42'),
(356, 110, 'N', 34, '2020-05-13 01:26:42', '2020-05-13 01:26:42'),
(357, 110, 'N', 35, '2020-05-13 01:26:42', '2020-05-13 01:26:42'),
(358, 110, 'N', 37, '2020-05-13 01:26:42', '2020-05-13 01:26:42'),
(359, 111, 'N', 27, '2020-05-13 01:27:35', '2020-05-13 01:27:35'),
(360, 111, 'N', 28, '2020-05-13 01:27:35', '2020-05-13 01:27:35'),
(361, 111, 'N', 30, '2020-05-13 01:27:35', '2020-05-13 01:27:35'),
(362, 111, 'N', 34, '2020-05-13 01:27:35', '2020-05-13 01:27:35'),
(363, 111, 'N', 35, '2020-05-13 01:27:35', '2020-05-13 01:27:35'),
(364, 111, 'N', 37, '2020-05-13 01:27:35', '2020-05-13 01:27:35'),
(365, 112, 'N', 27, '2020-05-13 01:29:22', '2020-05-13 01:29:22'),
(366, 112, 'N', 28, '2020-05-13 01:29:22', '2020-05-13 01:29:22'),
(367, 112, 'N', 30, '2020-05-13 01:29:22', '2020-05-13 01:29:22'),
(368, 112, 'N', 34, '2020-05-13 01:29:22', '2020-05-13 01:29:22'),
(369, 112, 'N', 35, '2020-05-13 01:29:22', '2020-05-13 01:29:22'),
(370, 112, 'N', 37, '2020-05-13 01:29:22', '2020-05-13 01:29:22'),
(371, 113, 'N', 27, '2020-05-13 01:29:50', '2020-05-13 01:29:50'),
(372, 113, 'N', 28, '2020-05-13 01:29:50', '2020-05-13 01:29:50'),
(373, 113, 'N', 30, '2020-05-13 01:29:50', '2020-05-13 01:29:50'),
(374, 113, 'N', 34, '2020-05-13 01:29:50', '2020-05-13 01:29:50'),
(375, 113, 'N', 35, '2020-05-13 01:29:50', '2020-05-13 01:29:50'),
(376, 113, 'N', 37, '2020-05-13 01:29:50', '2020-05-13 01:29:50'),
(377, 114, 'N', 27, '2020-05-13 02:05:42', '2020-05-13 02:05:42'),
(378, 114, 'N', 29, '2020-05-13 02:05:42', '2020-05-13 02:05:42'),
(379, 114, 'N', 30, '2020-05-13 02:05:42', '2020-05-13 02:05:42'),
(380, 114, 'N', 34, '2020-05-13 02:05:42', '2020-05-13 02:05:42'),
(381, 114, 'N', 35, '2020-05-13 02:05:42', '2020-05-13 02:05:42'),
(382, 114, 'N', 37, '2020-05-13 02:05:42', '2020-05-13 02:05:42'),
(383, 115, 'N', 27, '2020-05-16 03:37:24', '2020-05-16 03:37:24'),
(384, 115, 'N', 29, '2020-05-16 03:37:24', '2020-05-16 03:37:24'),
(385, 115, 'N', 30, '2020-05-16 03:37:24', '2020-05-16 03:37:24'),
(386, 115, 'N', 34, '2020-05-16 03:37:24', '2020-05-16 03:37:24'),
(387, 115, 'N', 35, '2020-05-16 03:37:24', '2020-05-16 03:37:24'),
(388, 115, 'N', 37, '2020-05-16 03:37:24', '2020-05-16 03:37:24'),
(389, 116, 'N', 27, '2020-05-16 03:56:53', '2020-05-16 03:56:53'),
(390, 116, 'N', 28, '2020-05-16 03:56:53', '2020-05-16 03:56:53'),
(391, 116, 'N', 30, '2020-05-16 03:56:53', '2020-05-16 03:56:53'),
(392, 116, 'N', 34, '2020-05-16 03:56:53', '2020-05-16 03:56:53'),
(393, 116, 'N', 35, '2020-05-16 03:56:53', '2020-05-16 03:56:53'),
(394, 116, 'N', 37, '2020-05-16 03:56:53', '2020-05-16 03:56:53'),
(395, 117, 'N', 27, '2020-05-16 04:23:19', '2020-05-16 04:23:19'),
(396, 117, 'N', 29, '2020-05-16 04:23:19', '2020-05-16 04:23:19'),
(397, 117, 'N', 30, '2020-05-16 04:23:19', '2020-05-16 04:23:19'),
(398, 117, 'N', 34, '2020-05-16 04:23:19', '2020-05-16 04:23:19'),
(399, 117, 'N', 35, '2020-05-16 04:23:19', '2020-05-16 04:23:19'),
(400, 117, 'N', 37, '2020-05-16 04:23:19', '2020-05-16 04:23:19'),
(401, 117, 'N', 32, '2020-05-16 04:23:19', '2020-05-16 04:23:19'),
(402, 118, 'N', 27, '2020-05-16 08:21:15', '2020-05-16 08:21:15'),
(403, 118, 'N', 28, '2020-05-16 08:21:15', '2020-05-16 08:21:15'),
(404, 118, 'N', 30, '2020-05-16 08:21:15', '2020-05-16 08:21:15'),
(405, 118, 'N', 34, '2020-05-16 08:21:15', '2020-05-16 08:21:15'),
(406, 118, 'N', 35, '2020-05-16 08:21:15', '2020-05-16 08:21:15'),
(407, 118, 'N', 37, '2020-05-16 08:21:15', '2020-05-16 08:21:15'),
(408, 119, 'N', 27, '2020-05-16 08:21:50', '2020-05-16 08:21:50'),
(409, 119, 'N', 29, '2020-05-16 08:21:50', '2020-05-16 08:21:50'),
(410, 119, 'N', 30, '2020-05-16 08:21:50', '2020-05-16 08:21:50'),
(411, 119, 'N', 34, '2020-05-16 08:21:50', '2020-05-16 08:21:50'),
(412, 119, 'N', 35, '2020-05-16 08:21:50', '2020-05-16 08:21:50'),
(413, 119, 'N', 37, '2020-05-16 08:21:50', '2020-05-16 08:21:50'),
(414, 119, 'N', 31, '2020-05-16 08:21:50', '2020-05-16 08:21:50'),
(415, 120, 'N', 27, '2020-05-18 08:25:21', '2020-05-18 08:25:21'),
(416, 120, 'N', 29, '2020-05-18 08:25:21', '2020-05-18 08:25:21'),
(417, 120, 'N', 30, '2020-05-18 08:25:21', '2020-05-18 08:25:21'),
(418, 120, 'N', 34, '2020-05-18 08:25:21', '2020-05-18 08:25:21'),
(419, 120, 'N', 35, '2020-05-18 08:25:21', '2020-05-18 08:25:21'),
(420, 120, 'N', 37, '2020-05-18 08:25:21', '2020-05-18 08:25:21'),
(421, 120, 'N', 38, '2020-05-18 08:25:21', '2020-05-18 08:25:21'),
(422, 121, 'N', 27, '2020-05-18 13:45:47', '2020-05-18 13:45:47'),
(423, 121, 'N', 28, '2020-05-18 13:45:47', '2020-05-18 13:45:47'),
(424, 121, 'N', 30, '2020-05-18 13:45:47', '2020-05-18 13:45:47'),
(425, 121, 'N', 34, '2020-05-18 13:45:47', '2020-05-18 13:45:47'),
(426, 121, 'N', 35, '2020-05-18 13:45:47', '2020-05-18 13:45:47'),
(427, 121, 'N', 37, '2020-05-18 13:45:47', '2020-05-18 13:45:47'),
(428, 121, 'N', 38, '2020-05-18 13:45:47', '2020-05-18 13:45:47'),
(429, 122, 'N', 27, '2020-05-19 03:25:21', '2020-05-19 03:25:21'),
(430, 122, 'N', 29, '2020-05-19 03:25:21', '2020-05-19 03:25:21'),
(431, 122, 'N', 30, '2020-05-19 03:25:21', '2020-05-19 03:25:21'),
(432, 122, 'N', 34, '2020-05-19 03:25:21', '2020-05-19 03:25:21'),
(433, 122, 'N', 35, '2020-05-19 03:25:21', '2020-05-19 03:25:21'),
(434, 122, 'N', 37, '2020-05-19 03:25:21', '2020-05-19 03:25:21'),
(435, 122, 'N', 38, '2020-05-19 03:25:21', '2020-05-19 03:25:21'),
(436, 123, 'N', 27, '2020-05-19 07:21:23', '2020-05-19 07:21:23'),
(437, 123, 'N', 28, '2020-05-19 07:21:23', '2020-05-19 07:21:23'),
(438, 123, 'N', 30, '2020-05-19 07:21:23', '2020-05-19 07:21:23'),
(439, 123, 'N', 34, '2020-05-19 07:21:23', '2020-05-19 07:21:23'),
(440, 123, 'N', 35, '2020-05-19 07:21:23', '2020-05-19 07:21:23'),
(441, 123, 'N', 37, '2020-05-19 07:21:23', '2020-05-19 07:21:23'),
(442, 123, 'N', 38, '2020-05-19 07:21:23', '2020-05-19 07:21:23'),
(443, 124, 'N', 27, '2020-05-20 02:32:10', '2020-05-20 02:32:10'),
(444, 124, 'N', 29, '2020-05-20 02:32:10', '2020-05-20 02:32:10'),
(445, 124, 'N', 30, '2020-05-20 02:32:10', '2020-05-20 02:32:10'),
(446, 124, 'N', 34, '2020-05-20 02:32:10', '2020-05-20 02:32:10'),
(447, 124, 'N', 35, '2020-05-20 02:32:10', '2020-05-20 02:32:10'),
(448, 124, 'N', 37, '2020-05-20 02:32:10', '2020-05-20 02:32:10'),
(449, 124, 'N', 38, '2020-05-20 02:32:10', '2020-05-20 02:32:10'),
(450, 125, 'N', 28, '2020-05-20 08:21:31', '2020-05-20 08:21:31'),
(451, 125, 'N', 29, '2020-05-20 08:21:31', '2020-05-20 08:21:31'),
(452, 125, 'N', 30, '2020-05-20 08:21:31', '2020-05-20 08:21:31'),
(453, 125, 'N', 34, '2020-05-20 08:21:31', '2020-05-20 08:21:31'),
(454, 125, 'N', 35, '2020-05-20 08:21:31', '2020-05-20 08:21:31'),
(455, 125, 'N', 37, '2020-05-20 08:21:31', '2020-05-20 08:21:31'),
(456, 125, 'N', 38, '2020-05-20 08:21:31', '2020-05-20 08:21:31'),
(457, 125, 'N', 31, '2020-05-20 08:21:31', '2020-05-20 08:21:31'),
(458, 126, 'N', 28, '2020-05-20 08:53:02', '2020-05-20 08:53:02'),
(459, 126, 'N', 29, '2020-05-20 08:53:02', '2020-05-20 08:53:02'),
(460, 126, 'N', 30, '2020-05-20 08:53:02', '2020-05-20 08:53:02'),
(461, 126, 'N', 34, '2020-05-20 08:53:02', '2020-05-20 08:53:02'),
(462, 126, 'N', 35, '2020-05-20 08:53:02', '2020-05-20 08:53:02'),
(463, 126, 'N', 37, '2020-05-20 08:53:02', '2020-05-20 08:53:02'),
(464, 126, 'N', 38, '2020-05-20 08:53:02', '2020-05-20 08:53:02'),
(465, 127, 'N', 27, '2020-05-20 11:00:03', '2020-05-20 11:00:03'),
(466, 127, 'N', 28, '2020-05-20 11:00:03', '2020-05-20 11:00:03'),
(467, 127, 'N', 30, '2020-05-20 11:00:03', '2020-05-20 11:00:03'),
(468, 127, 'N', 34, '2020-05-20 11:00:03', '2020-05-20 11:00:03'),
(469, 127, 'N', 35, '2020-05-20 11:00:03', '2020-05-20 11:00:03'),
(470, 127, 'N', 37, '2020-05-20 11:00:03', '2020-05-20 11:00:03'),
(471, 127, 'N', 38, '2020-05-20 11:00:03', '2020-05-20 11:00:03'),
(472, 128, 'N', 27, '2020-05-20 11:00:20', '2020-05-20 11:00:20'),
(473, 128, 'N', 28, '2020-05-20 11:00:20', '2020-05-20 11:00:20'),
(474, 128, 'N', 30, '2020-05-20 11:00:20', '2020-05-20 11:00:20'),
(475, 128, 'N', 34, '2020-05-20 11:00:20', '2020-05-20 11:00:20'),
(476, 128, 'N', 35, '2020-05-20 11:00:20', '2020-05-20 11:00:20'),
(477, 128, 'N', 37, '2020-05-20 11:00:20', '2020-05-20 11:00:20'),
(478, 128, 'N', 38, '2020-05-20 11:00:20', '2020-05-20 11:00:20'),
(479, 129, 'N', 27, '2020-05-20 11:00:58', '2020-05-20 11:00:58'),
(480, 129, 'N', 28, '2020-05-20 11:00:58', '2020-05-20 11:00:58'),
(481, 129, 'N', 30, '2020-05-20 11:00:58', '2020-05-20 11:00:58'),
(482, 129, 'N', 34, '2020-05-20 11:00:58', '2020-05-20 11:00:58'),
(483, 129, 'N', 35, '2020-05-20 11:00:58', '2020-05-20 11:00:58'),
(484, 129, 'N', 37, '2020-05-20 11:00:58', '2020-05-20 11:00:58'),
(485, 129, 'N', 38, '2020-05-20 11:00:58', '2020-05-20 11:00:58'),
(486, 130, 'N', 28, '2020-05-21 03:33:59', '2020-05-21 03:33:59'),
(487, 130, 'N', 29, '2020-05-21 03:33:59', '2020-05-21 03:33:59'),
(488, 130, 'N', 30, '2020-05-21 03:33:59', '2020-05-21 03:33:59'),
(489, 130, 'N', 34, '2020-05-21 03:33:59', '2020-05-21 03:33:59'),
(490, 130, 'N', 35, '2020-05-21 03:33:59', '2020-05-21 03:33:59'),
(491, 130, 'N', 37, '2020-05-21 03:33:59', '2020-05-21 03:33:59'),
(492, 130, 'N', 38, '2020-05-21 03:33:59', '2020-05-21 03:33:59'),
(493, 130, 'N', 33, '2020-05-21 03:33:59', '2020-05-21 03:33:59'),
(494, 131, 'N', 27, '2020-05-21 10:07:09', '2020-05-21 10:07:09'),
(495, 131, 'N', 28, '2020-05-21 10:07:09', '2020-05-21 10:07:09'),
(496, 131, 'N', 30, '2020-05-21 10:07:09', '2020-05-21 10:07:09'),
(497, 131, 'N', 34, '2020-05-21 10:07:09', '2020-05-21 10:07:09'),
(498, 131, 'N', 35, '2020-05-21 10:07:09', '2020-05-21 10:07:09'),
(499, 131, 'N', 37, '2020-05-21 10:07:09', '2020-05-21 10:07:09'),
(500, 131, 'N', 38, '2020-05-21 10:07:09', '2020-05-21 10:07:09'),
(501, 131, 'N', 33, '2020-05-21 10:07:09', '2020-05-21 10:07:09'),
(502, 132, 'N', 27, '2020-05-21 10:07:22', '2020-05-21 10:07:22'),
(503, 132, 'N', 28, '2020-05-21 10:07:22', '2020-05-21 10:07:22'),
(504, 132, 'N', 30, '2020-05-21 10:07:22', '2020-05-21 10:07:22'),
(505, 132, 'N', 34, '2020-05-21 10:07:22', '2020-05-21 10:07:22'),
(506, 132, 'N', 35, '2020-05-21 10:07:22', '2020-05-21 10:07:22'),
(507, 132, 'N', 37, '2020-05-21 10:07:22', '2020-05-21 10:07:22'),
(508, 132, 'N', 38, '2020-05-21 10:07:22', '2020-05-21 10:07:22'),
(509, 133, 'N', 27, '2020-05-22 23:41:44', '2020-05-22 23:41:44'),
(510, 133, 'N', 29, '2020-05-22 23:41:44', '2020-05-22 23:41:44'),
(511, 133, 'N', 30, '2020-05-22 23:41:44', '2020-05-22 23:41:44'),
(512, 133, 'N', 34, '2020-05-22 23:41:44', '2020-05-22 23:41:44'),
(513, 133, 'N', 35, '2020-05-22 23:41:44', '2020-05-22 23:41:44'),
(514, 133, 'N', 37, '2020-05-22 23:41:44', '2020-05-22 23:41:44'),
(515, 133, 'N', 38, '2020-05-22 23:41:44', '2020-05-22 23:41:44'),
(516, 134, 'N', 28, '2020-05-28 09:17:47', '2020-05-28 09:17:47'),
(517, 134, 'N', 29, '2020-05-28 09:17:47', '2020-05-28 09:17:47'),
(518, 134, 'N', 30, '2020-05-28 09:17:47', '2020-05-28 09:17:47'),
(519, 134, 'N', 34, '2020-05-28 09:17:47', '2020-05-28 09:17:47'),
(520, 134, 'N', 35, '2020-05-28 09:17:47', '2020-05-28 09:17:47'),
(521, 134, 'N', 37, '2020-05-28 09:17:47', '2020-05-28 09:17:47'),
(522, 134, 'N', 38, '2020-05-28 09:17:47', '2020-05-28 09:17:47'),
(523, 134, 'N', 33, '2020-05-28 09:17:47', '2020-05-28 09:17:47'),
(524, 135, 'N', 27, '2020-05-28 09:20:51', '2020-05-28 09:20:51'),
(525, 135, 'N', 28, '2020-05-28 09:20:51', '2020-05-28 09:20:51'),
(526, 135, 'N', 29, '2020-05-28 09:20:51', '2020-05-28 09:20:51'),
(527, 135, 'N', 30, '2020-05-28 09:20:51', '2020-05-28 09:20:51'),
(528, 135, 'N', 34, '2020-05-28 09:20:51', '2020-05-28 09:20:51'),
(529, 135, 'N', 35, '2020-05-28 09:20:51', '2020-05-28 09:20:51'),
(530, 135, 'N', 37, '2020-05-28 09:20:51', '2020-05-28 09:20:51'),
(531, 136, 'N', 27, '2020-05-28 09:24:47', '2020-05-28 09:24:47'),
(532, 136, 'N', 28, '2020-05-28 09:24:47', '2020-05-28 09:24:47'),
(533, 136, 'N', 29, '2020-05-28 09:24:47', '2020-05-28 09:24:47'),
(534, 136, 'N', 30, '2020-05-28 09:24:47', '2020-05-28 09:24:47'),
(535, 136, 'N', 34, '2020-05-28 09:24:47', '2020-05-28 09:24:47'),
(536, 136, 'N', 35, '2020-05-28 09:24:47', '2020-05-28 09:24:47'),
(537, 136, 'N', 37, '2020-05-28 09:24:47', '2020-05-28 09:24:47'),
(538, 137, 'N', 27, '2020-05-28 09:29:50', '2020-05-28 09:29:50'),
(539, 137, 'N', 28, '2020-05-28 09:29:50', '2020-05-28 09:29:50'),
(540, 137, 'N', 29, '2020-05-28 09:29:50', '2020-05-28 09:29:50'),
(541, 137, 'N', 30, '2020-05-28 09:29:50', '2020-05-28 09:29:50'),
(542, 137, 'N', 34, '2020-05-28 09:29:50', '2020-05-28 09:29:50'),
(543, 137, 'N', 35, '2020-05-28 09:29:50', '2020-05-28 09:29:50'),
(544, 137, 'N', 37, '2020-05-28 09:29:50', '2020-05-28 09:29:50'),
(545, 138, 'N', 27, '2020-05-28 09:37:56', '2020-05-28 09:37:56'),
(546, 138, 'N', 28, '2020-05-28 09:37:56', '2020-05-28 09:37:56'),
(547, 138, 'N', 29, '2020-05-28 09:37:56', '2020-05-28 09:37:56'),
(548, 138, 'N', 30, '2020-05-28 09:37:56', '2020-05-28 09:37:56'),
(549, 138, 'N', 34, '2020-05-28 09:37:56', '2020-05-28 09:37:56'),
(550, 138, 'N', 35, '2020-05-28 09:37:56', '2020-05-28 09:37:56'),
(551, 138, 'N', 37, '2020-05-28 09:37:56', '2020-05-28 09:37:56'),
(552, 139, 'N', 27, '2020-05-28 14:49:53', '2020-05-28 14:49:53'),
(553, 139, 'N', 28, '2020-05-28 14:49:53', '2020-05-28 14:49:53'),
(554, 139, 'N', 30, '2020-05-28 14:49:53', '2020-05-28 14:49:53'),
(555, 139, 'N', 34, '2020-05-28 14:49:53', '2020-05-28 14:49:53'),
(556, 139, 'N', 35, '2020-05-28 14:49:53', '2020-05-28 14:49:53'),
(557, 139, 'N', 37, '2020-05-28 14:49:53', '2020-05-28 14:49:53'),
(558, 139, 'N', 38, '2020-05-28 14:49:53', '2020-05-28 14:49:53'),
(559, 140, 'N', 27, '2020-05-28 14:50:49', '2020-05-28 14:50:49'),
(560, 140, 'N', 28, '2020-05-28 14:50:49', '2020-05-28 14:50:49'),
(561, 140, 'N', 30, '2020-05-28 14:50:49', '2020-05-28 14:50:49'),
(562, 140, 'N', 34, '2020-05-28 14:50:49', '2020-05-28 14:50:49'),
(563, 140, 'N', 35, '2020-05-28 14:50:49', '2020-05-28 14:50:49'),
(564, 140, 'N', 37, '2020-05-28 14:50:49', '2020-05-28 14:50:49'),
(565, 140, 'N', 38, '2020-05-28 14:50:49', '2020-05-28 14:50:49'),
(566, 141, 'N', 27, '2020-05-28 14:51:11', '2020-05-28 14:51:11'),
(567, 141, 'N', 28, '2020-05-28 14:51:11', '2020-05-28 14:51:11'),
(568, 141, 'N', 30, '2020-05-28 14:51:11', '2020-05-28 14:51:11'),
(569, 141, 'N', 34, '2020-05-28 14:51:11', '2020-05-28 14:51:11'),
(570, 141, 'N', 35, '2020-05-28 14:51:11', '2020-05-28 14:51:11'),
(571, 141, 'N', 37, '2020-05-28 14:51:11', '2020-05-28 14:51:11'),
(572, 141, 'N', 38, '2020-05-28 14:51:11', '2020-05-28 14:51:11'),
(573, 142, 'N', 27, '2020-05-28 15:08:55', '2020-05-28 15:08:55'),
(574, 142, 'N', 28, '2020-05-28 15:08:55', '2020-05-28 15:08:55'),
(575, 142, 'N', 30, '2020-05-28 15:08:55', '2020-05-28 15:08:55'),
(576, 142, 'N', 34, '2020-05-28 15:08:55', '2020-05-28 15:08:55'),
(577, 142, 'N', 35, '2020-05-28 15:08:55', '2020-05-28 15:08:55'),
(578, 142, 'N', 37, '2020-05-28 15:08:55', '2020-05-28 15:08:55'),
(579, 142, 'N', 38, '2020-05-28 15:08:55', '2020-05-28 15:08:55'),
(580, 142, 'N', 33, '2020-05-28 15:08:55', '2020-05-28 15:08:55'),
(581, 143, 'N', 27, '2020-05-28 15:09:09', '2020-05-28 15:09:09'),
(582, 143, 'N', 28, '2020-05-28 15:09:09', '2020-05-28 15:09:09'),
(583, 143, 'N', 30, '2020-05-28 15:09:09', '2020-05-28 15:09:09'),
(584, 143, 'N', 34, '2020-05-28 15:09:09', '2020-05-28 15:09:09'),
(585, 143, 'N', 35, '2020-05-28 15:09:09', '2020-05-28 15:09:09'),
(586, 143, 'N', 37, '2020-05-28 15:09:09', '2020-05-28 15:09:09'),
(587, 143, 'N', 38, '2020-05-28 15:09:09', '2020-05-28 15:09:09'),
(588, 144, 'N', 27, '2020-05-29 01:57:34', '2020-05-29 01:57:34'),
(589, 144, 'N', 29, '2020-05-29 01:57:34', '2020-05-29 01:57:34'),
(590, 144, 'N', 30, '2020-05-29 01:57:34', '2020-05-29 01:57:34'),
(591, 144, 'N', 34, '2020-05-29 01:57:34', '2020-05-29 01:57:34'),
(592, 144, 'N', 35, '2020-05-29 01:57:34', '2020-05-29 01:57:34'),
(593, 144, 'N', 37, '2020-05-29 01:57:34', '2020-05-29 01:57:34'),
(594, 144, 'N', 38, '2020-05-29 01:57:34', '2020-05-29 01:57:34'),
(595, 145, 'N', 27, '2020-05-29 02:50:36', '2020-05-29 02:50:36'),
(596, 145, 'N', 28, '2020-05-29 02:50:36', '2020-05-29 02:50:36'),
(597, 145, 'N', 29, '2020-05-29 02:50:36', '2020-05-29 02:50:36'),
(598, 145, 'N', 30, '2020-05-29 02:50:36', '2020-05-29 02:50:36'),
(599, 145, 'N', 34, '2020-05-29 02:50:36', '2020-05-29 02:50:36'),
(600, 145, 'N', 35, '2020-05-29 02:50:36', '2020-05-29 02:50:36'),
(601, 145, 'N', 37, '2020-05-29 02:50:36', '2020-05-29 02:50:36'),
(602, 145, 'N', 32, '2020-05-29 02:50:36', '2020-05-29 02:50:36'),
(603, 146, 'N', 27, '2020-05-29 02:50:40', '2020-05-29 02:50:40'),
(604, 146, 'N', 28, '2020-05-29 02:50:40', '2020-05-29 02:50:40'),
(605, 146, 'N', 29, '2020-05-29 02:50:40', '2020-05-29 02:50:40'),
(606, 146, 'N', 30, '2020-05-29 02:50:40', '2020-05-29 02:50:40'),
(607, 146, 'N', 34, '2020-05-29 02:50:40', '2020-05-29 02:50:40'),
(608, 146, 'N', 35, '2020-05-29 02:50:40', '2020-05-29 02:50:40'),
(609, 146, 'N', 37, '2020-05-29 02:50:40', '2020-05-29 02:50:40'),
(610, 146, 'N', 32, '2020-05-29 02:50:40', '2020-05-29 02:50:40'),
(611, 147, 'N', 27, '2020-05-29 02:50:42', '2020-05-29 02:50:42'),
(612, 147, 'N', 28, '2020-05-29 02:50:42', '2020-05-29 02:50:42'),
(613, 147, 'N', 29, '2020-05-29 02:50:42', '2020-05-29 02:50:42'),
(614, 147, 'N', 30, '2020-05-29 02:50:42', '2020-05-29 02:50:42'),
(615, 147, 'N', 34, '2020-05-29 02:50:42', '2020-05-29 02:50:42'),
(616, 147, 'N', 35, '2020-05-29 02:50:42', '2020-05-29 02:50:42'),
(617, 147, 'N', 37, '2020-05-29 02:50:42', '2020-05-29 02:50:42'),
(618, 147, 'N', 31, '2020-05-29 02:50:42', '2020-05-29 02:50:42'),
(619, 148, 'N', 27, '2020-05-29 12:34:25', '2020-05-29 12:34:25'),
(620, 148, 'N', 28, '2020-05-29 12:34:25', '2020-05-29 12:34:25'),
(621, 148, 'N', 30, '2020-05-29 12:34:25', '2020-05-29 12:34:25'),
(622, 148, 'N', 34, '2020-05-29 12:34:25', '2020-05-29 12:34:25'),
(623, 148, 'N', 35, '2020-05-29 12:34:25', '2020-05-29 12:34:25'),
(624, 148, 'N', 37, '2020-05-29 12:34:25', '2020-05-29 12:34:25'),
(625, 148, 'N', 38, '2020-05-29 12:34:25', '2020-05-29 12:34:25'),
(626, 149, 'N', 28, '2020-05-29 15:58:13', '2020-05-29 15:58:13'),
(627, 149, 'N', 29, '2020-05-29 15:58:13', '2020-05-29 15:58:13'),
(628, 149, 'N', 30, '2020-05-29 15:58:13', '2020-05-29 15:58:13'),
(629, 149, 'N', 34, '2020-05-29 15:58:13', '2020-05-29 15:58:13'),
(630, 149, 'N', 35, '2020-05-29 15:58:13', '2020-05-29 15:58:13'),
(631, 149, 'N', 37, '2020-05-29 15:58:13', '2020-05-29 15:58:13'),
(632, 149, 'N', 38, '2020-05-29 15:58:13', '2020-05-29 15:58:13'),
(633, 149, 'N', 31, '2020-05-29 15:58:13', '2020-05-29 15:58:13'),
(634, 150, 'N', 27, '2020-06-02 04:25:43', '2020-06-02 04:25:43'),
(635, 150, 'N', 28, '2020-06-02 04:25:43', '2020-06-02 04:25:43'),
(636, 150, 'N', 30, '2020-06-02 04:25:43', '2020-06-02 04:25:43'),
(637, 150, 'N', 34, '2020-06-02 04:25:43', '2020-06-02 04:25:43'),
(638, 150, 'N', 35, '2020-06-02 04:25:43', '2020-06-02 04:25:43'),
(639, 150, 'N', 37, '2020-06-02 04:25:43', '2020-06-02 04:25:43'),
(640, 150, 'N', 38, '2020-06-02 04:25:43', '2020-06-02 04:25:43'),
(641, 151, 'N', 27, '2020-06-02 04:25:54', '2020-06-02 04:25:54'),
(642, 151, 'N', 28, '2020-06-02 04:25:54', '2020-06-02 04:25:54'),
(643, 151, 'N', 30, '2020-06-02 04:25:54', '2020-06-02 04:25:54'),
(644, 151, 'N', 34, '2020-06-02 04:25:54', '2020-06-02 04:25:54'),
(645, 151, 'N', 35, '2020-06-02 04:25:54', '2020-06-02 04:25:54'),
(646, 151, 'N', 37, '2020-06-02 04:25:54', '2020-06-02 04:25:54'),
(647, 151, 'N', 38, '2020-06-02 04:25:54', '2020-06-02 04:25:54'),
(648, 152, 'N', 27, '2020-06-02 04:26:01', '2020-06-02 04:26:01'),
(649, 152, 'N', 28, '2020-06-02 04:26:01', '2020-06-02 04:26:01'),
(650, 152, 'N', 30, '2020-06-02 04:26:01', '2020-06-02 04:26:01'),
(651, 152, 'N', 34, '2020-06-02 04:26:01', '2020-06-02 04:26:01'),
(652, 152, 'N', 35, '2020-06-02 04:26:01', '2020-06-02 04:26:01'),
(653, 152, 'N', 37, '2020-06-02 04:26:01', '2020-06-02 04:26:01'),
(654, 152, 'N', 38, '2020-06-02 04:26:01', '2020-06-02 04:26:01'),
(655, 153, 'N', 28, '2020-06-02 05:47:03', '2020-06-02 05:47:03'),
(656, 153, 'N', 29, '2020-06-02 05:47:03', '2020-06-02 05:47:03'),
(657, 153, 'N', 30, '2020-06-02 05:47:03', '2020-06-02 05:47:03'),
(658, 153, 'N', 34, '2020-06-02 05:47:03', '2020-06-02 05:47:03'),
(659, 153, 'N', 35, '2020-06-02 05:47:03', '2020-06-02 05:47:03'),
(660, 153, 'N', 37, '2020-06-02 05:47:03', '2020-06-02 05:47:03'),
(661, 153, 'N', 38, '2020-06-02 05:47:03', '2020-06-02 05:47:03'),
(662, 154, 'N', 27, '2020-06-02 06:54:25', '2020-06-02 06:54:25'),
(663, 154, 'N', 28, '2020-06-02 06:54:25', '2020-06-02 06:54:25'),
(664, 154, 'N', 29, '2020-06-02 06:54:25', '2020-06-02 06:54:25'),
(665, 154, 'N', 30, '2020-06-02 06:54:25', '2020-06-02 06:54:25'),
(666, 154, 'N', 34, '2020-06-02 06:54:25', '2020-06-02 06:54:25'),
(667, 154, 'N', 35, '2020-06-02 06:54:25', '2020-06-02 06:54:25'),
(668, 154, 'N', 37, '2020-06-02 06:54:25', '2020-06-02 06:54:25'),
(669, 155, 'N', 27, '2020-06-04 01:57:29', '2020-06-04 01:57:29'),
(670, 155, 'N', 29, '2020-06-04 01:57:29', '2020-06-04 01:57:29'),
(671, 155, 'N', 30, '2020-06-04 01:57:29', '2020-06-04 01:57:29'),
(672, 155, 'N', 34, '2020-06-04 01:57:29', '2020-06-04 01:57:29'),
(673, 155, 'N', 35, '2020-06-04 01:57:29', '2020-06-04 01:57:29'),
(674, 155, 'N', 37, '2020-06-04 01:57:29', '2020-06-04 01:57:29'),
(675, 155, 'N', 38, '2020-06-04 01:57:29', '2020-06-04 01:57:29'),
(676, 155, 'N', 31, '2020-06-04 01:57:29', '2020-06-04 01:57:29'),
(677, 156, 'N', 27, '2020-06-04 02:02:39', '2020-06-04 02:02:39'),
(678, 156, 'N', 28, '2020-06-04 02:02:39', '2020-06-04 02:02:39'),
(679, 156, 'N', 29, '2020-06-04 02:02:39', '2020-06-04 02:02:39'),
(680, 156, 'N', 30, '2020-06-04 02:02:39', '2020-06-04 02:02:39'),
(681, 156, 'N', 34, '2020-06-04 02:02:39', '2020-06-04 02:02:39'),
(682, 156, 'N', 35, '2020-06-04 02:02:39', '2020-06-04 02:02:39'),
(683, 156, 'N', 37, '2020-06-04 02:02:39', '2020-06-04 02:02:39'),
(684, 157, 'N', 27, '2020-06-04 02:38:23', '2020-06-04 02:38:23'),
(685, 157, 'N', 28, '2020-06-04 02:38:23', '2020-06-04 02:38:23'),
(686, 157, 'N', 30, '2020-06-04 02:38:23', '2020-06-04 02:38:23'),
(687, 157, 'N', 34, '2020-06-04 02:38:23', '2020-06-04 02:38:23'),
(688, 157, 'N', 35, '2020-06-04 02:38:23', '2020-06-04 02:38:23'),
(689, 157, 'N', 37, '2020-06-04 02:38:23', '2020-06-04 02:38:23'),
(690, 157, 'N', 38, '2020-06-04 02:38:23', '2020-06-04 02:38:23'),
(691, 157, 'N', 31, '2020-06-04 02:38:23', '2020-06-04 02:38:23'),
(692, 158, 'N', 27, '2020-06-04 02:38:28', '2020-06-04 02:38:28'),
(693, 158, 'N', 28, '2020-06-04 02:38:28', '2020-06-04 02:38:28'),
(694, 158, 'N', 30, '2020-06-04 02:38:28', '2020-06-04 02:38:28'),
(695, 158, 'N', 34, '2020-06-04 02:38:28', '2020-06-04 02:38:28'),
(696, 158, 'N', 35, '2020-06-04 02:38:28', '2020-06-04 02:38:28'),
(697, 158, 'N', 37, '2020-06-04 02:38:28', '2020-06-04 02:38:28'),
(698, 158, 'N', 38, '2020-06-04 02:38:28', '2020-06-04 02:38:28'),
(699, 159, 'N', 27, '2020-06-04 03:17:06', '2020-06-04 03:17:06'),
(700, 159, 'N', 28, '2020-06-04 03:17:06', '2020-06-04 03:17:06'),
(701, 159, 'N', 30, '2020-06-04 03:17:06', '2020-06-04 03:17:06'),
(702, 159, 'N', 34, '2020-06-04 03:17:06', '2020-06-04 03:17:06'),
(703, 159, 'N', 35, '2020-06-04 03:17:06', '2020-06-04 03:17:06'),
(704, 159, 'N', 37, '2020-06-04 03:17:06', '2020-06-04 03:17:06'),
(705, 159, 'N', 38, '2020-06-04 03:17:06', '2020-06-04 03:17:06'),
(706, 160, 'N', 27, '2020-06-04 03:17:44', '2020-06-04 03:17:44'),
(707, 160, 'N', 28, '2020-06-04 03:17:44', '2020-06-04 03:17:44'),
(708, 160, 'N', 30, '2020-06-04 03:17:44', '2020-06-04 03:17:44'),
(709, 160, 'N', 34, '2020-06-04 03:17:44', '2020-06-04 03:17:44'),
(710, 160, 'N', 35, '2020-06-04 03:17:44', '2020-06-04 03:17:44'),
(711, 160, 'N', 37, '2020-06-04 03:17:44', '2020-06-04 03:17:44'),
(712, 160, 'N', 38, '2020-06-04 03:17:44', '2020-06-04 03:17:44'),
(713, 161, 'N', 27, '2020-06-04 03:30:02', '2020-06-04 03:30:02'),
(714, 161, 'N', 28, '2020-06-04 03:30:02', '2020-06-04 03:30:02'),
(715, 161, 'N', 30, '2020-06-04 03:30:02', '2020-06-04 03:30:02'),
(716, 161, 'N', 34, '2020-06-04 03:30:02', '2020-06-04 03:30:02'),
(717, 161, 'N', 35, '2020-06-04 03:30:02', '2020-06-04 03:30:02'),
(718, 161, 'N', 37, '2020-06-04 03:30:02', '2020-06-04 03:30:02'),
(719, 161, 'N', 38, '2020-06-04 03:30:02', '2020-06-04 03:30:02'),
(720, 162, 'N', 27, '2020-06-04 09:27:41', '2020-06-04 09:27:41'),
(721, 162, 'N', 28, '2020-06-04 09:27:41', '2020-06-04 09:27:41'),
(722, 162, 'N', 29, '2020-06-04 09:27:41', '2020-06-04 09:27:41'),
(723, 162, 'N', 30, '2020-06-04 09:27:41', '2020-06-04 09:27:41'),
(724, 162, 'N', 34, '2020-06-04 09:27:41', '2020-06-04 09:27:41'),
(725, 162, 'N', 35, '2020-06-04 09:27:41', '2020-06-04 09:27:41'),
(726, 162, 'N', 37, '2020-06-04 09:27:41', '2020-06-04 09:27:41'),
(727, 163, 'N', 28, '2020-06-04 11:04:52', '2020-06-04 11:04:52'),
(728, 163, 'N', 29, '2020-06-04 11:04:52', '2020-06-04 11:04:52'),
(729, 163, 'N', 30, '2020-06-04 11:04:52', '2020-06-04 11:04:52'),
(730, 163, 'N', 34, '2020-06-04 11:04:52', '2020-06-04 11:04:52'),
(731, 163, 'N', 35, '2020-06-04 11:04:52', '2020-06-04 11:04:52'),
(732, 163, 'N', 37, '2020-06-04 11:04:52', '2020-06-04 11:04:52'),
(733, 163, 'N', 38, '2020-06-04 11:04:52', '2020-06-04 11:04:52'),
(734, 164, 'N', 28, '2020-06-04 11:05:00', '2020-06-04 11:05:00'),
(735, 164, 'N', 29, '2020-06-04 11:05:00', '2020-06-04 11:05:00'),
(736, 164, 'N', 30, '2020-06-04 11:05:00', '2020-06-04 11:05:00'),
(737, 164, 'N', 34, '2020-06-04 11:05:00', '2020-06-04 11:05:00'),
(738, 164, 'N', 35, '2020-06-04 11:05:00', '2020-06-04 11:05:00'),
(739, 164, 'N', 37, '2020-06-04 11:05:00', '2020-06-04 11:05:00'),
(740, 164, 'N', 38, '2020-06-04 11:05:00', '2020-06-04 11:05:00'),
(741, 164, 'N', 32, '2020-06-04 11:05:00', '2020-06-04 11:05:00'),
(742, 165, 'N', 28, '2020-06-04 14:57:54', '2020-06-04 14:57:54'),
(743, 165, 'N', 29, '2020-06-04 14:57:54', '2020-06-04 14:57:54'),
(744, 165, 'N', 30, '2020-06-04 14:57:54', '2020-06-04 14:57:54'),
(745, 165, 'N', 34, '2020-06-04 14:57:54', '2020-06-04 14:57:54'),
(746, 165, 'N', 35, '2020-06-04 14:57:54', '2020-06-04 14:57:54'),
(747, 165, 'N', 37, '2020-06-04 14:57:54', '2020-06-04 14:57:54'),
(748, 165, 'N', 38, '2020-06-04 14:57:54', '2020-06-04 14:57:54'),
(749, 165, 'N', 31, '2020-06-04 14:57:54', '2020-06-04 14:57:54'),
(750, 166, 'N', 27, '2020-06-04 15:10:04', '2020-06-04 15:10:04'),
(751, 166, 'N', 28, '2020-06-04 15:10:04', '2020-06-04 15:10:04'),
(752, 166, 'N', 30, '2020-06-04 15:10:04', '2020-06-04 15:10:04'),
(753, 166, 'N', 34, '2020-06-04 15:10:04', '2020-06-04 15:10:04'),
(754, 166, 'N', 35, '2020-06-04 15:10:04', '2020-06-04 15:10:04'),
(755, 166, 'N', 37, '2020-06-04 15:10:04', '2020-06-04 15:10:04'),
(756, 166, 'N', 38, '2020-06-04 15:10:04', '2020-06-04 15:10:04'),
(757, 167, 'N', 27, '2020-06-04 15:10:30', '2020-06-04 15:10:30'),
(758, 167, 'N', 28, '2020-06-04 15:10:30', '2020-06-04 15:10:30'),
(759, 167, 'N', 30, '2020-06-04 15:10:30', '2020-06-04 15:10:30'),
(760, 167, 'N', 34, '2020-06-04 15:10:30', '2020-06-04 15:10:30'),
(761, 167, 'N', 35, '2020-06-04 15:10:30', '2020-06-04 15:10:30'),
(762, 167, 'N', 37, '2020-06-04 15:10:30', '2020-06-04 15:10:30'),
(763, 167, 'N', 38, '2020-06-04 15:10:30', '2020-06-04 15:10:30'),
(764, 167, 'N', 32, '2020-06-04 15:10:30', '2020-06-04 15:10:30'),
(765, 168, 'N', 27, '2020-06-04 15:10:34', '2020-06-04 15:10:34'),
(766, 168, 'N', 28, '2020-06-04 15:10:34', '2020-06-04 15:10:34'),
(767, 168, 'N', 30, '2020-06-04 15:10:34', '2020-06-04 15:10:34'),
(768, 168, 'N', 34, '2020-06-04 15:10:34', '2020-06-04 15:10:34'),
(769, 168, 'N', 35, '2020-06-04 15:10:34', '2020-06-04 15:10:34'),
(770, 168, 'N', 37, '2020-06-04 15:10:34', '2020-06-04 15:10:34'),
(771, 168, 'N', 38, '2020-06-04 15:10:34', '2020-06-04 15:10:34'),
(772, 169, 'N', 28, '2020-06-04 15:25:01', '2020-06-04 15:25:01'),
(773, 169, 'N', 29, '2020-06-04 15:25:01', '2020-06-04 15:25:01'),
(774, 169, 'N', 30, '2020-06-04 15:25:01', '2020-06-04 15:25:01'),
(775, 169, 'N', 34, '2020-06-04 15:25:01', '2020-06-04 15:25:01'),
(776, 169, 'N', 35, '2020-06-04 15:25:01', '2020-06-04 15:25:01'),
(777, 169, 'N', 37, '2020-06-04 15:25:01', '2020-06-04 15:25:01'),
(778, 169, 'N', 38, '2020-06-04 15:25:01', '2020-06-04 15:25:01'),
(779, 169, 'N', 33, '2020-06-04 15:25:01', '2020-06-04 15:25:01'),
(780, 170, 'N', 27, '2020-06-05 06:22:09', '2020-06-05 06:22:09'),
(781, 170, 'N', 28, '2020-06-05 06:22:09', '2020-06-05 06:22:09'),
(782, 170, 'N', 30, '2020-06-05 06:22:09', '2020-06-05 06:22:09'),
(783, 170, 'N', 34, '2020-06-05 06:22:09', '2020-06-05 06:22:09'),
(784, 170, 'N', 35, '2020-06-05 06:22:09', '2020-06-05 06:22:09'),
(785, 170, 'N', 37, '2020-06-05 06:22:09', '2020-06-05 06:22:09'),
(786, 170, 'N', 38, '2020-06-05 06:22:09', '2020-06-05 06:22:09'),
(787, 171, 'N', 28, '2020-06-05 06:44:47', '2020-06-05 06:44:47'),
(788, 171, 'N', 29, '2020-06-05 06:44:47', '2020-06-05 06:44:47'),
(789, 171, 'N', 30, '2020-06-05 06:44:47', '2020-06-05 06:44:47'),
(790, 171, 'N', 34, '2020-06-05 06:44:47', '2020-06-05 06:44:47'),
(791, 171, 'N', 35, '2020-06-05 06:44:47', '2020-06-05 06:44:47'),
(792, 171, 'N', 37, '2020-06-05 06:44:47', '2020-06-05 06:44:47'),
(793, 171, 'N', 38, '2020-06-05 06:44:47', '2020-06-05 06:44:47'),
(794, 171, 'N', 33, '2020-06-05 06:44:47', '2020-06-05 06:44:47'),
(795, 172, 'N', 27, '2020-06-06 01:22:11', '2020-06-06 01:22:11'),
(796, 172, 'N', 28, '2020-06-06 01:22:11', '2020-06-06 01:22:11'),
(797, 172, 'N', 29, '2020-06-06 01:22:11', '2020-06-06 01:22:11'),
(798, 172, 'N', 30, '2020-06-06 01:22:11', '2020-06-06 01:22:11'),
(799, 172, 'N', 34, '2020-06-06 01:22:11', '2020-06-06 01:22:11'),
(800, 172, 'N', 35, '2020-06-06 01:22:11', '2020-06-06 01:22:11');
INSERT INTO `notification_users` (`id`, `notification_id`, `status`, `user_id`, `created_at`, `updated_at`) VALUES
(801, 172, 'N', 37, '2020-06-06 01:22:11', '2020-06-06 01:22:11'),
(802, 173, 'N', 27, '2020-06-06 07:54:21', '2020-06-06 07:54:21'),
(803, 173, 'N', 28, '2020-06-06 07:54:21', '2020-06-06 07:54:21'),
(804, 173, 'N', 29, '2020-06-06 07:54:21', '2020-06-06 07:54:21'),
(805, 173, 'N', 30, '2020-06-06 07:54:21', '2020-06-06 07:54:21'),
(806, 173, 'N', 34, '2020-06-06 07:54:21', '2020-06-06 07:54:21'),
(807, 173, 'N', 35, '2020-06-06 07:54:21', '2020-06-06 07:54:21'),
(808, 173, 'N', 37, '2020-06-06 07:54:21', '2020-06-06 07:54:21'),
(809, 174, 'N', 27, '2020-06-06 08:05:51', '2020-06-06 08:05:51'),
(810, 174, 'N', 28, '2020-06-06 08:05:51', '2020-06-06 08:05:51'),
(811, 174, 'N', 29, '2020-06-06 08:05:51', '2020-06-06 08:05:51'),
(812, 174, 'N', 30, '2020-06-06 08:05:51', '2020-06-06 08:05:51'),
(813, 174, 'N', 34, '2020-06-06 08:05:51', '2020-06-06 08:05:51'),
(814, 174, 'N', 35, '2020-06-06 08:05:51', '2020-06-06 08:05:51'),
(815, 174, 'N', 37, '2020-06-06 08:05:51', '2020-06-06 08:05:51'),
(816, 175, 'N', 27, '2020-06-06 10:45:52', '2020-06-06 10:45:52'),
(817, 175, 'N', 28, '2020-06-06 10:45:52', '2020-06-06 10:45:52'),
(818, 175, 'N', 30, '2020-06-06 10:45:52', '2020-06-06 10:45:52'),
(819, 175, 'N', 34, '2020-06-06 10:45:52', '2020-06-06 10:45:52'),
(820, 175, 'N', 35, '2020-06-06 10:45:52', '2020-06-06 10:45:52'),
(821, 175, 'N', 37, '2020-06-06 10:45:52', '2020-06-06 10:45:52'),
(822, 175, 'N', 38, '2020-06-06 10:45:52', '2020-06-06 10:45:52'),
(823, 176, 'N', 27, '2020-06-06 10:47:53', '2020-06-06 10:47:53'),
(824, 176, 'N', 28, '2020-06-06 10:47:53', '2020-06-06 10:47:53'),
(825, 176, 'N', 30, '2020-06-06 10:47:53', '2020-06-06 10:47:53'),
(826, 176, 'N', 34, '2020-06-06 10:47:53', '2020-06-06 10:47:53'),
(827, 176, 'N', 35, '2020-06-06 10:47:53', '2020-06-06 10:47:53'),
(828, 176, 'N', 37, '2020-06-06 10:47:53', '2020-06-06 10:47:53'),
(829, 176, 'N', 38, '2020-06-06 10:47:53', '2020-06-06 10:47:53'),
(830, 177, 'N', 28, '2020-06-06 11:16:00', '2020-06-06 11:16:00'),
(831, 177, 'N', 29, '2020-06-06 11:16:00', '2020-06-06 11:16:00'),
(832, 177, 'N', 30, '2020-06-06 11:16:00', '2020-06-06 11:16:00'),
(833, 177, 'N', 34, '2020-06-06 11:16:00', '2020-06-06 11:16:00'),
(834, 177, 'N', 35, '2020-06-06 11:16:00', '2020-06-06 11:16:00'),
(835, 177, 'N', 37, '2020-06-06 11:16:00', '2020-06-06 11:16:00'),
(836, 177, 'N', 38, '2020-06-06 11:16:00', '2020-06-06 11:16:00'),
(837, 177, 'N', 33, '2020-06-06 11:16:00', '2020-06-06 11:16:00'),
(838, 178, 'N', 27, '2020-06-06 22:44:20', '2020-06-06 22:44:20'),
(839, 178, 'N', 28, '2020-06-06 22:44:20', '2020-06-06 22:44:20'),
(840, 178, 'N', 30, '2020-06-06 22:44:20', '2020-06-06 22:44:20'),
(841, 178, 'N', 34, '2020-06-06 22:44:20', '2020-06-06 22:44:20'),
(842, 178, 'N', 35, '2020-06-06 22:44:20', '2020-06-06 22:44:20'),
(843, 178, 'N', 37, '2020-06-06 22:44:20', '2020-06-06 22:44:20'),
(844, 178, 'N', 38, '2020-06-06 22:44:20', '2020-06-06 22:44:20'),
(845, 179, 'N', 27, '2020-06-07 01:26:05', '2020-06-07 01:26:05'),
(846, 179, 'N', 28, '2020-06-07 01:26:05', '2020-06-07 01:26:05'),
(847, 179, 'N', 30, '2020-06-07 01:26:05', '2020-06-07 01:26:05'),
(848, 179, 'N', 34, '2020-06-07 01:26:05', '2020-06-07 01:26:05'),
(849, 179, 'N', 35, '2020-06-07 01:26:05', '2020-06-07 01:26:05'),
(850, 179, 'N', 37, '2020-06-07 01:26:05', '2020-06-07 01:26:05'),
(851, 179, 'N', 38, '2020-06-07 01:26:05', '2020-06-07 01:26:05'),
(852, 180, 'N', 27, '2020-06-07 02:35:17', '2020-06-07 02:35:17'),
(853, 180, 'N', 28, '2020-06-07 02:35:17', '2020-06-07 02:35:17'),
(854, 180, 'N', 30, '2020-06-07 02:35:17', '2020-06-07 02:35:17'),
(855, 180, 'N', 34, '2020-06-07 02:35:17', '2020-06-07 02:35:17'),
(856, 180, 'N', 35, '2020-06-07 02:35:17', '2020-06-07 02:35:17'),
(857, 180, 'N', 37, '2020-06-07 02:35:17', '2020-06-07 02:35:17'),
(858, 180, 'N', 38, '2020-06-07 02:35:17', '2020-06-07 02:35:17'),
(859, 181, 'N', 27, '2020-06-07 02:35:34', '2020-06-07 02:35:34'),
(860, 181, 'N', 28, '2020-06-07 02:35:34', '2020-06-07 02:35:34'),
(861, 181, 'N', 30, '2020-06-07 02:35:34', '2020-06-07 02:35:34'),
(862, 181, 'N', 34, '2020-06-07 02:35:34', '2020-06-07 02:35:34'),
(863, 181, 'N', 35, '2020-06-07 02:35:34', '2020-06-07 02:35:34'),
(864, 181, 'N', 37, '2020-06-07 02:35:34', '2020-06-07 02:35:34'),
(865, 181, 'N', 38, '2020-06-07 02:35:34', '2020-06-07 02:35:34'),
(866, 182, 'N', 28, '2020-06-07 02:41:09', '2020-06-07 02:41:09'),
(867, 182, 'N', 29, '2020-06-07 02:41:09', '2020-06-07 02:41:09'),
(868, 182, 'N', 30, '2020-06-07 02:41:09', '2020-06-07 02:41:09'),
(869, 182, 'N', 34, '2020-06-07 02:41:09', '2020-06-07 02:41:09'),
(870, 182, 'N', 35, '2020-06-07 02:41:09', '2020-06-07 02:41:09'),
(871, 182, 'N', 37, '2020-06-07 02:41:09', '2020-06-07 02:41:09'),
(872, 182, 'N', 38, '2020-06-07 02:41:09', '2020-06-07 02:41:09'),
(873, 182, 'N', 31, '2020-06-07 02:41:09', '2020-06-07 02:41:09'),
(874, 183, 'N', 28, '2020-06-07 02:41:14', '2020-06-07 02:41:14'),
(875, 183, 'N', 29, '2020-06-07 02:41:14', '2020-06-07 02:41:14'),
(876, 183, 'N', 30, '2020-06-07 02:41:14', '2020-06-07 02:41:14'),
(877, 183, 'N', 34, '2020-06-07 02:41:14', '2020-06-07 02:41:14'),
(878, 183, 'N', 35, '2020-06-07 02:41:14', '2020-06-07 02:41:14'),
(879, 183, 'N', 37, '2020-06-07 02:41:14', '2020-06-07 02:41:14'),
(880, 183, 'N', 38, '2020-06-07 02:41:14', '2020-06-07 02:41:14'),
(881, 183, 'N', 31, '2020-06-07 02:41:14', '2020-06-07 02:41:14'),
(882, 184, 'N', 27, '2020-06-08 02:16:07', '2020-06-08 02:16:07'),
(883, 184, 'N', 28, '2020-06-08 02:16:07', '2020-06-08 02:16:07'),
(884, 184, 'N', 29, '2020-06-08 02:16:07', '2020-06-08 02:16:07'),
(885, 184, 'N', 30, '2020-06-08 02:16:07', '2020-06-08 02:16:07'),
(886, 184, 'N', 34, '2020-06-08 02:16:07', '2020-06-08 02:16:07'),
(887, 184, 'N', 35, '2020-06-08 02:16:07', '2020-06-08 02:16:07'),
(888, 184, 'N', 37, '2020-06-08 02:16:07', '2020-06-08 02:16:07'),
(889, 185, 'N', 27, '2020-06-08 03:02:25', '2020-06-08 03:02:25'),
(890, 185, 'N', 28, '2020-06-08 03:02:25', '2020-06-08 03:02:25'),
(891, 185, 'N', 30, '2020-06-08 03:02:25', '2020-06-08 03:02:25'),
(892, 185, 'N', 34, '2020-06-08 03:02:25', '2020-06-08 03:02:25'),
(893, 185, 'N', 35, '2020-06-08 03:02:25', '2020-06-08 03:02:25'),
(894, 185, 'N', 37, '2020-06-08 03:02:25', '2020-06-08 03:02:25'),
(895, 185, 'N', 38, '2020-06-08 03:02:25', '2020-06-08 03:02:25'),
(896, 186, 'N', 27, '2020-06-08 03:02:48', '2020-06-08 03:02:48'),
(897, 186, 'N', 28, '2020-06-08 03:02:48', '2020-06-08 03:02:48'),
(898, 186, 'N', 30, '2020-06-08 03:02:48', '2020-06-08 03:02:48'),
(899, 186, 'N', 34, '2020-06-08 03:02:48', '2020-06-08 03:02:48'),
(900, 186, 'N', 35, '2020-06-08 03:02:48', '2020-06-08 03:02:48'),
(901, 186, 'N', 37, '2020-06-08 03:02:48', '2020-06-08 03:02:48'),
(902, 186, 'N', 38, '2020-06-08 03:02:48', '2020-06-08 03:02:48'),
(903, 187, 'N', 27, '2020-06-08 03:27:59', '2020-06-08 03:27:59'),
(904, 187, 'N', 29, '2020-06-08 03:27:59', '2020-06-08 03:27:59'),
(905, 187, 'N', 30, '2020-06-08 03:27:59', '2020-06-08 03:27:59'),
(906, 187, 'N', 34, '2020-06-08 03:27:59', '2020-06-08 03:27:59'),
(907, 187, 'N', 35, '2020-06-08 03:27:59', '2020-06-08 03:27:59'),
(908, 187, 'N', 37, '2020-06-08 03:27:59', '2020-06-08 03:27:59'),
(909, 187, 'N', 38, '2020-06-08 03:27:59', '2020-06-08 03:27:59'),
(910, 187, 'N', 33, '2020-06-08 03:27:59', '2020-06-08 03:27:59'),
(911, 188, 'N', 27, '2020-06-08 11:28:54', '2020-06-08 11:28:54'),
(912, 188, 'N', 28, '2020-06-08 11:28:54', '2020-06-08 11:28:54'),
(913, 188, 'N', 30, '2020-06-08 11:28:54', '2020-06-08 11:28:54'),
(914, 188, 'N', 34, '2020-06-08 11:28:54', '2020-06-08 11:28:54'),
(915, 188, 'N', 35, '2020-06-08 11:28:54', '2020-06-08 11:28:54'),
(916, 188, 'N', 37, '2020-06-08 11:28:54', '2020-06-08 11:28:54'),
(917, 188, 'N', 38, '2020-06-08 11:28:54', '2020-06-08 11:28:54'),
(918, 189, 'N', 27, '2020-06-08 11:29:05', '2020-06-08 11:29:05'),
(919, 189, 'N', 28, '2020-06-08 11:29:05', '2020-06-08 11:29:05'),
(920, 189, 'N', 30, '2020-06-08 11:29:05', '2020-06-08 11:29:05'),
(921, 189, 'N', 34, '2020-06-08 11:29:05', '2020-06-08 11:29:05'),
(922, 189, 'N', 35, '2020-06-08 11:29:05', '2020-06-08 11:29:05'),
(923, 189, 'N', 37, '2020-06-08 11:29:05', '2020-06-08 11:29:05'),
(924, 189, 'N', 38, '2020-06-08 11:29:05', '2020-06-08 11:29:05'),
(925, 190, 'N', 27, '2020-06-08 11:29:13', '2020-06-08 11:29:13'),
(926, 190, 'N', 28, '2020-06-08 11:29:13', '2020-06-08 11:29:13'),
(927, 190, 'N', 30, '2020-06-08 11:29:13', '2020-06-08 11:29:13'),
(928, 190, 'N', 34, '2020-06-08 11:29:13', '2020-06-08 11:29:13'),
(929, 190, 'N', 35, '2020-06-08 11:29:13', '2020-06-08 11:29:13'),
(930, 190, 'N', 37, '2020-06-08 11:29:13', '2020-06-08 11:29:13'),
(931, 190, 'N', 38, '2020-06-08 11:29:13', '2020-06-08 11:29:13'),
(932, 191, 'N', 27, '2020-06-08 11:29:21', '2020-06-08 11:29:21'),
(933, 191, 'N', 28, '2020-06-08 11:29:21', '2020-06-08 11:29:21'),
(934, 191, 'N', 30, '2020-06-08 11:29:21', '2020-06-08 11:29:21'),
(935, 191, 'N', 34, '2020-06-08 11:29:21', '2020-06-08 11:29:21'),
(936, 191, 'N', 35, '2020-06-08 11:29:21', '2020-06-08 11:29:21'),
(937, 191, 'N', 37, '2020-06-08 11:29:21', '2020-06-08 11:29:21'),
(938, 191, 'N', 38, '2020-06-08 11:29:21', '2020-06-08 11:29:21'),
(939, 192, 'N', 27, '2020-06-08 11:29:29', '2020-06-08 11:29:29'),
(940, 192, 'N', 28, '2020-06-08 11:29:29', '2020-06-08 11:29:29'),
(941, 192, 'N', 30, '2020-06-08 11:29:29', '2020-06-08 11:29:29'),
(942, 192, 'N', 34, '2020-06-08 11:29:29', '2020-06-08 11:29:29'),
(943, 192, 'N', 35, '2020-06-08 11:29:29', '2020-06-08 11:29:29'),
(944, 192, 'N', 37, '2020-06-08 11:29:29', '2020-06-08 11:29:29'),
(945, 192, 'N', 38, '2020-06-08 11:29:29', '2020-06-08 11:29:29'),
(946, 193, 'N', 27, '2020-06-09 01:33:51', '2020-06-09 01:33:51'),
(947, 193, 'N', 28, '2020-06-09 01:33:51', '2020-06-09 01:33:51'),
(948, 193, 'N', 30, '2020-06-09 01:33:51', '2020-06-09 01:33:51'),
(949, 193, 'N', 34, '2020-06-09 01:33:51', '2020-06-09 01:33:51'),
(950, 193, 'N', 35, '2020-06-09 01:33:51', '2020-06-09 01:33:51'),
(951, 193, 'N', 37, '2020-06-09 01:33:51', '2020-06-09 01:33:51'),
(952, 193, 'N', 38, '2020-06-09 01:33:51', '2020-06-09 01:33:51'),
(953, 194, 'N', 27, '2020-06-09 02:24:43', '2020-06-09 02:24:43'),
(954, 194, 'N', 28, '2020-06-09 02:24:43', '2020-06-09 02:24:43'),
(955, 194, 'N', 29, '2020-06-09 02:24:43', '2020-06-09 02:24:43'),
(956, 194, 'N', 30, '2020-06-09 02:24:43', '2020-06-09 02:24:43'),
(957, 194, 'N', 34, '2020-06-09 02:24:43', '2020-06-09 02:24:43'),
(958, 194, 'N', 35, '2020-06-09 02:24:43', '2020-06-09 02:24:43'),
(959, 194, 'N', 37, '2020-06-09 02:24:43', '2020-06-09 02:24:43'),
(960, 195, 'N', 27, '2020-06-09 09:32:52', '2020-06-09 09:32:52'),
(961, 195, 'N', 28, '2020-06-09 09:32:52', '2020-06-09 09:32:52'),
(962, 195, 'N', 29, '2020-06-09 09:32:52', '2020-06-09 09:32:52'),
(963, 195, 'N', 30, '2020-06-09 09:32:52', '2020-06-09 09:32:52'),
(964, 195, 'N', 34, '2020-06-09 09:32:52', '2020-06-09 09:32:52'),
(965, 195, 'N', 35, '2020-06-09 09:32:52', '2020-06-09 09:32:52'),
(966, 195, 'N', 37, '2020-06-09 09:32:52', '2020-06-09 09:32:52'),
(967, 196, 'N', 27, '2020-06-10 06:14:17', '2020-06-10 06:14:17'),
(968, 196, 'N', 28, '2020-06-10 06:14:17', '2020-06-10 06:14:17'),
(969, 196, 'N', 29, '2020-06-10 06:14:17', '2020-06-10 06:14:17'),
(970, 196, 'N', 30, '2020-06-10 06:14:17', '2020-06-10 06:14:17'),
(971, 196, 'N', 34, '2020-06-10 06:14:17', '2020-06-10 06:14:17'),
(972, 196, 'N', 35, '2020-06-10 06:14:17', '2020-06-10 06:14:17'),
(973, 196, 'N', 37, '2020-06-10 06:14:17', '2020-06-10 06:14:17'),
(974, 197, 'N', 27, '2020-06-12 01:56:30', '2020-06-12 01:56:30'),
(975, 197, 'N', 28, '2020-06-12 01:56:30', '2020-06-12 01:56:30'),
(976, 197, 'N', 30, '2020-06-12 01:56:30', '2020-06-12 01:56:30'),
(977, 197, 'N', 34, '2020-06-12 01:56:30', '2020-06-12 01:56:30'),
(978, 197, 'N', 35, '2020-06-12 01:56:30', '2020-06-12 01:56:30'),
(979, 197, 'N', 37, '2020-06-12 01:56:30', '2020-06-12 01:56:30'),
(980, 197, 'N', 38, '2020-06-12 01:56:30', '2020-06-12 01:56:30'),
(981, 198, 'N', 27, '2020-06-12 01:56:52', '2020-06-12 01:56:52'),
(982, 198, 'N', 28, '2020-06-12 01:56:52', '2020-06-12 01:56:52'),
(983, 198, 'N', 30, '2020-06-12 01:56:52', '2020-06-12 01:56:52'),
(984, 198, 'N', 34, '2020-06-12 01:56:52', '2020-06-12 01:56:52'),
(985, 198, 'N', 35, '2020-06-12 01:56:52', '2020-06-12 01:56:52'),
(986, 198, 'N', 37, '2020-06-12 01:56:52', '2020-06-12 01:56:52'),
(987, 198, 'N', 38, '2020-06-12 01:56:52', '2020-06-12 01:56:52'),
(988, 199, 'N', 27, '2020-06-12 01:57:12', '2020-06-12 01:57:12'),
(989, 199, 'N', 28, '2020-06-12 01:57:12', '2020-06-12 01:57:12'),
(990, 199, 'N', 30, '2020-06-12 01:57:12', '2020-06-12 01:57:12'),
(991, 199, 'N', 34, '2020-06-12 01:57:12', '2020-06-12 01:57:12'),
(992, 199, 'N', 35, '2020-06-12 01:57:12', '2020-06-12 01:57:12'),
(993, 199, 'N', 37, '2020-06-12 01:57:12', '2020-06-12 01:57:12'),
(994, 199, 'N', 38, '2020-06-12 01:57:12', '2020-06-12 01:57:12'),
(995, 200, 'N', 28, '2020-06-12 02:02:55', '2020-06-12 02:02:55'),
(996, 200, 'N', 29, '2020-06-12 02:02:55', '2020-06-12 02:02:55'),
(997, 200, 'N', 30, '2020-06-12 02:02:55', '2020-06-12 02:02:55'),
(998, 200, 'N', 34, '2020-06-12 02:02:55', '2020-06-12 02:02:55'),
(999, 200, 'N', 35, '2020-06-12 02:02:55', '2020-06-12 02:02:55'),
(1000, 200, 'N', 37, '2020-06-12 02:02:55', '2020-06-12 02:02:55'),
(1001, 200, 'N', 38, '2020-06-12 02:02:55', '2020-06-12 02:02:55'),
(1002, 200, 'N', 33, '2020-06-12 02:02:55', '2020-06-12 02:02:55'),
(1003, 201, 'N', 28, '2020-06-12 02:03:17', '2020-06-12 02:03:17'),
(1004, 201, 'N', 29, '2020-06-12 02:03:17', '2020-06-12 02:03:17'),
(1005, 201, 'N', 30, '2020-06-12 02:03:17', '2020-06-12 02:03:17'),
(1006, 201, 'N', 34, '2020-06-12 02:03:17', '2020-06-12 02:03:17'),
(1007, 201, 'N', 35, '2020-06-12 02:03:17', '2020-06-12 02:03:17'),
(1008, 201, 'N', 37, '2020-06-12 02:03:17', '2020-06-12 02:03:17'),
(1009, 201, 'N', 38, '2020-06-12 02:03:17', '2020-06-12 02:03:17'),
(1010, 201, 'N', 33, '2020-06-12 02:03:17', '2020-06-12 02:03:17'),
(1011, 202, 'N', 28, '2020-06-12 02:03:23', '2020-06-12 02:03:23'),
(1012, 202, 'N', 29, '2020-06-12 02:03:23', '2020-06-12 02:03:23'),
(1013, 202, 'N', 30, '2020-06-12 02:03:23', '2020-06-12 02:03:23'),
(1014, 202, 'N', 34, '2020-06-12 02:03:23', '2020-06-12 02:03:23'),
(1015, 202, 'N', 35, '2020-06-12 02:03:23', '2020-06-12 02:03:23'),
(1016, 202, 'N', 37, '2020-06-12 02:03:23', '2020-06-12 02:03:23'),
(1017, 202, 'N', 38, '2020-06-12 02:03:23', '2020-06-12 02:03:23'),
(1018, 202, 'N', 33, '2020-06-12 02:03:23', '2020-06-12 02:03:23'),
(1019, 203, 'N', 28, '2020-06-15 15:24:07', '2020-06-15 15:24:07'),
(1020, 203, 'N', 29, '2020-06-15 15:24:07', '2020-06-15 15:24:07'),
(1021, 203, 'N', 30, '2020-06-15 15:24:07', '2020-06-15 15:24:07'),
(1022, 203, 'N', 34, '2020-06-15 15:24:07', '2020-06-15 15:24:07'),
(1023, 203, 'N', 35, '2020-06-15 15:24:07', '2020-06-15 15:24:07'),
(1024, 203, 'N', 37, '2020-06-15 15:24:07', '2020-06-15 15:24:07'),
(1025, 203, 'N', 38, '2020-06-15 15:24:07', '2020-06-15 15:24:07'),
(1026, 204, 'N', 28, '2020-06-15 15:27:27', '2020-06-15 15:27:27'),
(1027, 204, 'N', 29, '2020-06-15 15:27:27', '2020-06-15 15:27:27'),
(1028, 204, 'N', 30, '2020-06-15 15:27:27', '2020-06-15 15:27:27'),
(1029, 204, 'N', 34, '2020-06-15 15:27:27', '2020-06-15 15:27:27'),
(1030, 204, 'N', 35, '2020-06-15 15:27:27', '2020-06-15 15:27:27'),
(1031, 204, 'N', 37, '2020-06-15 15:27:27', '2020-06-15 15:27:27'),
(1032, 204, 'N', 38, '2020-06-15 15:27:27', '2020-06-15 15:27:27'),
(1033, 205, 'N', 27, '2020-06-16 02:51:52', '2020-06-16 02:51:52'),
(1034, 205, 'N', 28, '2020-06-16 02:51:52', '2020-06-16 02:51:52'),
(1035, 205, 'N', 30, '2020-06-16 02:51:52', '2020-06-16 02:51:52'),
(1036, 205, 'N', 34, '2020-06-16 02:51:52', '2020-06-16 02:51:52'),
(1037, 205, 'N', 35, '2020-06-16 02:51:52', '2020-06-16 02:51:52'),
(1038, 205, 'N', 37, '2020-06-16 02:51:52', '2020-06-16 02:51:52'),
(1039, 205, 'N', 38, '2020-06-16 02:51:52', '2020-06-16 02:51:52'),
(1040, 206, 'N', 27, '2020-06-16 02:52:40', '2020-06-16 02:52:40'),
(1041, 206, 'N', 28, '2020-06-16 02:52:40', '2020-06-16 02:52:40'),
(1042, 206, 'N', 30, '2020-06-16 02:52:40', '2020-06-16 02:52:40'),
(1043, 206, 'N', 34, '2020-06-16 02:52:40', '2020-06-16 02:52:40'),
(1044, 206, 'N', 35, '2020-06-16 02:52:40', '2020-06-16 02:52:40'),
(1045, 206, 'N', 37, '2020-06-16 02:52:40', '2020-06-16 02:52:40'),
(1046, 206, 'N', 38, '2020-06-16 02:52:40', '2020-06-16 02:52:40'),
(1047, 207, 'N', 28, '2020-06-16 03:08:52', '2020-06-16 03:08:52'),
(1048, 207, 'N', 29, '2020-06-16 03:08:52', '2020-06-16 03:08:52'),
(1049, 207, 'N', 30, '2020-06-16 03:08:52', '2020-06-16 03:08:52'),
(1050, 207, 'N', 34, '2020-06-16 03:08:52', '2020-06-16 03:08:52'),
(1051, 207, 'N', 35, '2020-06-16 03:08:52', '2020-06-16 03:08:52'),
(1052, 207, 'N', 37, '2020-06-16 03:08:52', '2020-06-16 03:08:52'),
(1053, 207, 'N', 38, '2020-06-16 03:08:52', '2020-06-16 03:08:52'),
(1054, 207, 'N', 33, '2020-06-16 03:08:52', '2020-06-16 03:08:52'),
(1055, 208, 'N', 27, '2020-06-16 06:33:08', '2020-06-16 06:33:08'),
(1056, 208, 'N', 28, '2020-06-16 06:33:08', '2020-06-16 06:33:08'),
(1057, 208, 'N', 29, '2020-06-16 06:33:08', '2020-06-16 06:33:08'),
(1058, 208, 'N', 30, '2020-06-16 06:33:08', '2020-06-16 06:33:08'),
(1059, 208, 'N', 34, '2020-06-16 06:33:08', '2020-06-16 06:33:08'),
(1060, 208, 'N', 35, '2020-06-16 06:33:08', '2020-06-16 06:33:08'),
(1061, 208, 'N', 37, '2020-06-16 06:33:08', '2020-06-16 06:33:08'),
(1062, 209, 'N', 27, '2020-06-18 06:30:16', '2020-06-18 06:30:16'),
(1063, 209, 'N', 28, '2020-06-18 06:30:16', '2020-06-18 06:30:16'),
(1064, 209, 'N', 30, '2020-06-18 06:30:16', '2020-06-18 06:30:16'),
(1065, 209, 'N', 34, '2020-06-18 06:30:16', '2020-06-18 06:30:16'),
(1066, 209, 'N', 35, '2020-06-18 06:30:16', '2020-06-18 06:30:16'),
(1067, 209, 'N', 37, '2020-06-18 06:30:16', '2020-06-18 06:30:16'),
(1068, 209, 'N', 38, '2020-06-18 06:30:16', '2020-06-18 06:30:16'),
(1069, 210, 'N', 27, '2020-06-18 06:30:22', '2020-06-18 06:30:22'),
(1070, 210, 'N', 28, '2020-06-18 06:30:22', '2020-06-18 06:30:22'),
(1071, 210, 'N', 30, '2020-06-18 06:30:22', '2020-06-18 06:30:22'),
(1072, 210, 'N', 34, '2020-06-18 06:30:22', '2020-06-18 06:30:22'),
(1073, 210, 'N', 35, '2020-06-18 06:30:22', '2020-06-18 06:30:22'),
(1074, 210, 'N', 37, '2020-06-18 06:30:22', '2020-06-18 06:30:22'),
(1075, 210, 'N', 38, '2020-06-18 06:30:22', '2020-06-18 06:30:22'),
(1076, 211, 'N', 27, '2020-06-18 06:30:43', '2020-06-18 06:30:43'),
(1077, 211, 'N', 28, '2020-06-18 06:30:43', '2020-06-18 06:30:43'),
(1078, 211, 'N', 30, '2020-06-18 06:30:43', '2020-06-18 06:30:43'),
(1079, 211, 'N', 34, '2020-06-18 06:30:43', '2020-06-18 06:30:43'),
(1080, 211, 'N', 35, '2020-06-18 06:30:43', '2020-06-18 06:30:43'),
(1081, 211, 'N', 37, '2020-06-18 06:30:43', '2020-06-18 06:30:43'),
(1082, 211, 'N', 38, '2020-06-18 06:30:43', '2020-06-18 06:30:43'),
(1083, 212, 'N', 27, '2020-06-18 07:25:34', '2020-06-18 07:25:34'),
(1084, 212, 'N', 28, '2020-06-18 07:25:34', '2020-06-18 07:25:34'),
(1085, 212, 'N', 30, '2020-06-18 07:25:34', '2020-06-18 07:25:34'),
(1086, 212, 'N', 34, '2020-06-18 07:25:34', '2020-06-18 07:25:34'),
(1087, 212, 'N', 35, '2020-06-18 07:25:34', '2020-06-18 07:25:34'),
(1088, 212, 'N', 37, '2020-06-18 07:25:34', '2020-06-18 07:25:34'),
(1089, 212, 'N', 38, '2020-06-18 07:25:34', '2020-06-18 07:25:34'),
(1090, 213, 'N', 27, '2020-06-18 07:28:47', '2020-06-18 07:28:47'),
(1091, 213, 'N', 28, '2020-06-18 07:28:47', '2020-06-18 07:28:47'),
(1092, 213, 'N', 30, '2020-06-18 07:28:47', '2020-06-18 07:28:47'),
(1093, 213, 'N', 34, '2020-06-18 07:28:47', '2020-06-18 07:28:47'),
(1094, 213, 'N', 35, '2020-06-18 07:28:47', '2020-06-18 07:28:47'),
(1095, 213, 'N', 37, '2020-06-18 07:28:47', '2020-06-18 07:28:47'),
(1096, 213, 'N', 38, '2020-06-18 07:28:47', '2020-06-18 07:28:47'),
(1097, 214, 'N', 27, '2020-06-19 06:31:05', '2020-06-19 06:31:05'),
(1098, 214, 'N', 28, '2020-06-19 06:31:05', '2020-06-19 06:31:05'),
(1099, 214, 'N', 29, '2020-06-19 06:31:05', '2020-06-19 06:31:05'),
(1100, 214, 'N', 30, '2020-06-19 06:31:05', '2020-06-19 06:31:05'),
(1101, 214, 'N', 34, '2020-06-19 06:31:05', '2020-06-19 06:31:05'),
(1102, 214, 'N', 35, '2020-06-19 06:31:05', '2020-06-19 06:31:05'),
(1103, 214, 'N', 37, '2020-06-19 06:31:05', '2020-06-19 06:31:05'),
(1104, 215, 'N', 27, '2020-06-19 06:33:36', '2020-06-19 06:33:36'),
(1105, 215, 'N', 28, '2020-06-19 06:33:36', '2020-06-19 06:33:36'),
(1106, 215, 'N', 29, '2020-06-19 06:33:36', '2020-06-19 06:33:36'),
(1107, 215, 'N', 30, '2020-06-19 06:33:36', '2020-06-19 06:33:36'),
(1108, 215, 'N', 34, '2020-06-19 06:33:36', '2020-06-19 06:33:36'),
(1109, 215, 'N', 35, '2020-06-19 06:33:36', '2020-06-19 06:33:36'),
(1110, 215, 'N', 37, '2020-06-19 06:33:36', '2020-06-19 06:33:36'),
(1111, 216, 'N', 28, '2020-06-20 01:01:29', '2020-06-20 01:01:29'),
(1112, 216, 'N', 29, '2020-06-20 01:01:29', '2020-06-20 01:01:29'),
(1113, 216, 'N', 30, '2020-06-20 01:01:29', '2020-06-20 01:01:29'),
(1114, 216, 'N', 34, '2020-06-20 01:01:29', '2020-06-20 01:01:29'),
(1115, 216, 'N', 35, '2020-06-20 01:01:29', '2020-06-20 01:01:29'),
(1116, 216, 'N', 37, '2020-06-20 01:01:29', '2020-06-20 01:01:29'),
(1117, 216, 'N', 38, '2020-06-20 01:01:29', '2020-06-20 01:01:29'),
(1118, 216, 'N', 32, '2020-06-20 01:01:29', '2020-06-20 01:01:29'),
(1119, 217, 'N', 27, '2020-06-20 08:35:25', '2020-06-20 08:35:25'),
(1120, 217, 'N', 28, '2020-06-20 08:35:25', '2020-06-20 08:35:25'),
(1121, 217, 'N', 29, '2020-06-20 08:35:25', '2020-06-20 08:35:25'),
(1122, 217, 'N', 30, '2020-06-20 08:35:25', '2020-06-20 08:35:25'),
(1123, 217, 'N', 34, '2020-06-20 08:35:25', '2020-06-20 08:35:25'),
(1124, 217, 'N', 35, '2020-06-20 08:35:25', '2020-06-20 08:35:25'),
(1125, 217, 'N', 37, '2020-06-20 08:35:25', '2020-06-20 08:35:25'),
(1126, 218, 'N', 27, '2020-06-21 06:33:17', '2020-06-21 06:33:17'),
(1127, 218, 'N', 28, '2020-06-21 06:33:17', '2020-06-21 06:33:17'),
(1128, 218, 'N', 30, '2020-06-21 06:33:17', '2020-06-21 06:33:17'),
(1129, 218, 'N', 34, '2020-06-21 06:33:17', '2020-06-21 06:33:17'),
(1130, 218, 'N', 35, '2020-06-21 06:33:17', '2020-06-21 06:33:17'),
(1131, 218, 'N', 37, '2020-06-21 06:33:17', '2020-06-21 06:33:17'),
(1132, 218, 'N', 38, '2020-06-21 06:33:17', '2020-06-21 06:33:17'),
(1133, 219, 'N', 28, '2020-06-21 06:33:22', '2020-06-21 06:33:22'),
(1134, 219, 'N', 29, '2020-06-21 06:33:22', '2020-06-21 06:33:22'),
(1135, 219, 'N', 30, '2020-06-21 06:33:22', '2020-06-21 06:33:22'),
(1136, 219, 'N', 34, '2020-06-21 06:33:22', '2020-06-21 06:33:22'),
(1137, 219, 'N', 35, '2020-06-21 06:33:22', '2020-06-21 06:33:22'),
(1138, 219, 'N', 37, '2020-06-21 06:33:22', '2020-06-21 06:33:22'),
(1139, 219, 'N', 38, '2020-06-21 06:33:22', '2020-06-21 06:33:22'),
(1140, 220, 'N', 27, '2020-06-21 06:33:35', '2020-06-21 06:33:35'),
(1141, 220, 'N', 28, '2020-06-21 06:33:35', '2020-06-21 06:33:35'),
(1142, 220, 'N', 30, '2020-06-21 06:33:35', '2020-06-21 06:33:35'),
(1143, 220, 'N', 34, '2020-06-21 06:33:35', '2020-06-21 06:33:35'),
(1144, 220, 'N', 35, '2020-06-21 06:33:35', '2020-06-21 06:33:35'),
(1145, 220, 'N', 37, '2020-06-21 06:33:35', '2020-06-21 06:33:35'),
(1146, 220, 'N', 38, '2020-06-21 06:33:35', '2020-06-21 06:33:35'),
(1147, 221, 'N', 28, '2020-06-21 06:35:14', '2020-06-21 06:35:14'),
(1148, 221, 'N', 29, '2020-06-21 06:35:14', '2020-06-21 06:35:14'),
(1149, 221, 'N', 30, '2020-06-21 06:35:14', '2020-06-21 06:35:14'),
(1150, 221, 'N', 34, '2020-06-21 06:35:14', '2020-06-21 06:35:14'),
(1151, 221, 'N', 35, '2020-06-21 06:35:14', '2020-06-21 06:35:14'),
(1152, 221, 'N', 37, '2020-06-21 06:35:14', '2020-06-21 06:35:14'),
(1153, 221, 'N', 38, '2020-06-21 06:35:14', '2020-06-21 06:35:14'),
(1154, 222, 'N', 27, '2020-06-21 06:58:24', '2020-06-21 06:58:24'),
(1155, 222, 'N', 28, '2020-06-21 06:58:24', '2020-06-21 06:58:24'),
(1156, 222, 'N', 30, '2020-06-21 06:58:24', '2020-06-21 06:58:24'),
(1157, 222, 'N', 34, '2020-06-21 06:58:24', '2020-06-21 06:58:24'),
(1158, 222, 'N', 35, '2020-06-21 06:58:24', '2020-06-21 06:58:24'),
(1159, 222, 'N', 37, '2020-06-21 06:58:24', '2020-06-21 06:58:24'),
(1160, 222, 'N', 38, '2020-06-21 06:58:24', '2020-06-21 06:58:24'),
(1161, 222, 'N', 31, '2020-06-21 06:58:24', '2020-06-21 06:58:24'),
(1162, 223, 'N', 27, '2020-06-21 06:58:29', '2020-06-21 06:58:29'),
(1163, 223, 'N', 28, '2020-06-21 06:58:29', '2020-06-21 06:58:29'),
(1164, 223, 'N', 30, '2020-06-21 06:58:29', '2020-06-21 06:58:29'),
(1165, 223, 'N', 34, '2020-06-21 06:58:29', '2020-06-21 06:58:29'),
(1166, 223, 'N', 35, '2020-06-21 06:58:29', '2020-06-21 06:58:29'),
(1167, 223, 'N', 37, '2020-06-21 06:58:29', '2020-06-21 06:58:29'),
(1168, 223, 'N', 38, '2020-06-21 06:58:29', '2020-06-21 06:58:29'),
(1169, 223, 'N', 31, '2020-06-21 06:58:29', '2020-06-21 06:58:29'),
(1170, 224, 'N', 28, '2020-06-21 07:00:45', '2020-06-21 07:00:45'),
(1171, 224, 'N', 29, '2020-06-21 07:00:45', '2020-06-21 07:00:45'),
(1172, 224, 'N', 30, '2020-06-21 07:00:45', '2020-06-21 07:00:45'),
(1173, 224, 'N', 34, '2020-06-21 07:00:45', '2020-06-21 07:00:45'),
(1174, 224, 'N', 35, '2020-06-21 07:00:45', '2020-06-21 07:00:45'),
(1175, 224, 'N', 37, '2020-06-21 07:00:45', '2020-06-21 07:00:45'),
(1176, 224, 'N', 38, '2020-06-21 07:00:45', '2020-06-21 07:00:45'),
(1177, 225, 'N', 28, '2020-06-22 03:08:34', '2020-06-22 03:08:34'),
(1178, 225, 'N', 29, '2020-06-22 03:08:34', '2020-06-22 03:08:34'),
(1179, 225, 'N', 30, '2020-06-22 03:08:34', '2020-06-22 03:08:34'),
(1180, 225, 'N', 34, '2020-06-22 03:08:34', '2020-06-22 03:08:34'),
(1181, 225, 'N', 35, '2020-06-22 03:08:34', '2020-06-22 03:08:34'),
(1182, 225, 'N', 37, '2020-06-22 03:08:34', '2020-06-22 03:08:34'),
(1183, 225, 'N', 38, '2020-06-22 03:08:34', '2020-06-22 03:08:34'),
(1184, 226, 'N', 28, '2020-06-22 03:25:09', '2020-06-22 03:25:09'),
(1185, 226, 'N', 29, '2020-06-22 03:25:09', '2020-06-22 03:25:09'),
(1186, 226, 'N', 30, '2020-06-22 03:25:09', '2020-06-22 03:25:09'),
(1187, 226, 'N', 34, '2020-06-22 03:25:09', '2020-06-22 03:25:09'),
(1188, 226, 'N', 35, '2020-06-22 03:25:09', '2020-06-22 03:25:09'),
(1189, 226, 'N', 37, '2020-06-22 03:25:09', '2020-06-22 03:25:09'),
(1190, 226, 'N', 38, '2020-06-22 03:25:09', '2020-06-22 03:25:09'),
(1191, 227, 'N', 27, '2020-06-24 05:54:15', '2020-06-24 05:54:15'),
(1192, 227, 'N', 28, '2020-06-24 05:54:15', '2020-06-24 05:54:15'),
(1193, 227, 'N', 29, '2020-06-24 05:54:15', '2020-06-24 05:54:15'),
(1194, 227, 'N', 30, '2020-06-24 05:54:15', '2020-06-24 05:54:15'),
(1195, 227, 'N', 34, '2020-06-24 05:54:15', '2020-06-24 05:54:15'),
(1196, 227, 'N', 35, '2020-06-24 05:54:15', '2020-06-24 05:54:15'),
(1197, 227, 'N', 37, '2020-06-24 05:54:15', '2020-06-24 05:54:15'),
(1198, 227, 'N', 31, '2020-06-24 05:54:15', '2020-06-24 05:54:15'),
(1199, 228, 'N', 27, '2020-06-24 08:27:42', '2020-06-24 08:27:42'),
(1200, 228, 'N', 28, '2020-06-24 08:27:42', '2020-06-24 08:27:42'),
(1201, 228, 'N', 30, '2020-06-24 08:27:42', '2020-06-24 08:27:42'),
(1202, 228, 'N', 34, '2020-06-24 08:27:42', '2020-06-24 08:27:42'),
(1203, 228, 'N', 35, '2020-06-24 08:27:42', '2020-06-24 08:27:42'),
(1204, 228, 'N', 37, '2020-06-24 08:27:42', '2020-06-24 08:27:42'),
(1205, 228, 'N', 38, '2020-06-24 08:27:42', '2020-06-24 08:27:42'),
(1206, 228, 'N', 31, '2020-06-24 08:27:42', '2020-06-24 08:27:42'),
(1207, 229, 'N', 27, '2020-06-24 08:27:53', '2020-06-24 08:27:53'),
(1208, 229, 'N', 28, '2020-06-24 08:27:53', '2020-06-24 08:27:53'),
(1209, 229, 'N', 30, '2020-06-24 08:27:53', '2020-06-24 08:27:53'),
(1210, 229, 'N', 34, '2020-06-24 08:27:53', '2020-06-24 08:27:53'),
(1211, 229, 'N', 35, '2020-06-24 08:27:53', '2020-06-24 08:27:53'),
(1212, 229, 'N', 37, '2020-06-24 08:27:53', '2020-06-24 08:27:53'),
(1213, 229, 'N', 38, '2020-06-24 08:27:53', '2020-06-24 08:27:53'),
(1214, 230, 'N', 27, '2020-06-24 08:28:21', '2020-06-24 08:28:21'),
(1215, 230, 'N', 28, '2020-06-24 08:28:21', '2020-06-24 08:28:21'),
(1216, 230, 'N', 30, '2020-06-24 08:28:21', '2020-06-24 08:28:21'),
(1217, 230, 'N', 34, '2020-06-24 08:28:21', '2020-06-24 08:28:21'),
(1218, 230, 'N', 35, '2020-06-24 08:28:21', '2020-06-24 08:28:21'),
(1219, 230, 'N', 37, '2020-06-24 08:28:21', '2020-06-24 08:28:21'),
(1220, 230, 'N', 38, '2020-06-24 08:28:21', '2020-06-24 08:28:21'),
(1221, 231, 'N', 27, '2020-06-24 08:30:10', '2020-06-24 08:30:10'),
(1222, 231, 'N', 28, '2020-06-24 08:30:10', '2020-06-24 08:30:10'),
(1223, 231, 'N', 30, '2020-06-24 08:30:10', '2020-06-24 08:30:10'),
(1224, 231, 'N', 34, '2020-06-24 08:30:10', '2020-06-24 08:30:10'),
(1225, 231, 'N', 35, '2020-06-24 08:30:10', '2020-06-24 08:30:10'),
(1226, 231, 'N', 37, '2020-06-24 08:30:10', '2020-06-24 08:30:10'),
(1227, 231, 'N', 38, '2020-06-24 08:30:10', '2020-06-24 08:30:10'),
(1228, 232, 'N', 27, '2020-06-24 08:30:37', '2020-06-24 08:30:37'),
(1229, 232, 'N', 28, '2020-06-24 08:30:37', '2020-06-24 08:30:37'),
(1230, 232, 'N', 30, '2020-06-24 08:30:37', '2020-06-24 08:30:37'),
(1231, 232, 'N', 34, '2020-06-24 08:30:37', '2020-06-24 08:30:37'),
(1232, 232, 'N', 35, '2020-06-24 08:30:37', '2020-06-24 08:30:37'),
(1233, 232, 'N', 37, '2020-06-24 08:30:37', '2020-06-24 08:30:37'),
(1234, 232, 'N', 38, '2020-06-24 08:30:37', '2020-06-24 08:30:37'),
(1235, 233, 'N', 27, '2020-06-24 08:55:19', '2020-06-24 08:55:19'),
(1236, 233, 'N', 28, '2020-06-24 08:55:19', '2020-06-24 08:55:19'),
(1237, 233, 'N', 29, '2020-06-24 08:55:19', '2020-06-24 08:55:19'),
(1238, 233, 'N', 30, '2020-06-24 08:55:19', '2020-06-24 08:55:19'),
(1239, 233, 'N', 34, '2020-06-24 08:55:19', '2020-06-24 08:55:19'),
(1240, 233, 'N', 35, '2020-06-24 08:55:19', '2020-06-24 08:55:19'),
(1241, 233, 'N', 37, '2020-06-24 08:55:19', '2020-06-24 08:55:19'),
(1242, 234, 'N', 28, '2020-06-24 08:56:30', '2020-06-24 08:56:30'),
(1243, 234, 'N', 29, '2020-06-24 08:56:30', '2020-06-24 08:56:30'),
(1244, 234, 'N', 30, '2020-06-24 08:56:30', '2020-06-24 08:56:30'),
(1245, 234, 'N', 34, '2020-06-24 08:56:30', '2020-06-24 08:56:30'),
(1246, 234, 'N', 35, '2020-06-24 08:56:30', '2020-06-24 08:56:30'),
(1247, 234, 'N', 37, '2020-06-24 08:56:30', '2020-06-24 08:56:30'),
(1248, 234, 'N', 38, '2020-06-24 08:56:30', '2020-06-24 08:56:30'),
(1249, 234, 'N', 33, '2020-06-24 08:56:30', '2020-06-24 08:56:30'),
(1250, 235, 'N', 28, '2020-06-24 08:56:42', '2020-06-24 08:56:42'),
(1251, 235, 'N', 29, '2020-06-24 08:56:42', '2020-06-24 08:56:42'),
(1252, 235, 'N', 30, '2020-06-24 08:56:42', '2020-06-24 08:56:42'),
(1253, 235, 'N', 34, '2020-06-24 08:56:42', '2020-06-24 08:56:42'),
(1254, 235, 'N', 35, '2020-06-24 08:56:42', '2020-06-24 08:56:42'),
(1255, 235, 'N', 37, '2020-06-24 08:56:42', '2020-06-24 08:56:42'),
(1256, 235, 'N', 38, '2020-06-24 08:56:42', '2020-06-24 08:56:42'),
(1257, 235, 'N', 33, '2020-06-24 08:56:42', '2020-06-24 08:56:42'),
(1258, 236, 'N', 27, '2020-06-24 10:24:17', '2020-06-24 10:24:17'),
(1259, 236, 'N', 28, '2020-06-24 10:24:17', '2020-06-24 10:24:17'),
(1260, 236, 'N', 29, '2020-06-24 10:24:17', '2020-06-24 10:24:17'),
(1261, 236, 'N', 30, '2020-06-24 10:24:17', '2020-06-24 10:24:17'),
(1262, 236, 'N', 34, '2020-06-24 10:24:17', '2020-06-24 10:24:17'),
(1263, 236, 'N', 35, '2020-06-24 10:24:17', '2020-06-24 10:24:17'),
(1264, 236, 'N', 37, '2020-06-24 10:24:17', '2020-06-24 10:24:17'),
(1265, 237, 'N', 27, '2020-06-26 08:36:53', '2020-06-26 08:36:53'),
(1266, 237, 'N', 28, '2020-06-26 08:36:53', '2020-06-26 08:36:53'),
(1267, 237, 'N', 30, '2020-06-26 08:36:53', '2020-06-26 08:36:53'),
(1268, 237, 'N', 34, '2020-06-26 08:36:53', '2020-06-26 08:36:53'),
(1269, 237, 'N', 35, '2020-06-26 08:36:53', '2020-06-26 08:36:53'),
(1270, 237, 'N', 37, '2020-06-26 08:36:53', '2020-06-26 08:36:53'),
(1271, 237, 'N', 38, '2020-06-26 08:36:53', '2020-06-26 08:36:53'),
(1272, 238, 'N', 27, '2020-06-26 11:58:19', '2020-06-26 11:58:19'),
(1273, 238, 'N', 28, '2020-06-26 11:58:19', '2020-06-26 11:58:19'),
(1274, 238, 'N', 30, '2020-06-26 11:58:19', '2020-06-26 11:58:19'),
(1275, 238, 'N', 34, '2020-06-26 11:58:19', '2020-06-26 11:58:19'),
(1276, 238, 'N', 35, '2020-06-26 11:58:19', '2020-06-26 11:58:19'),
(1277, 238, 'N', 37, '2020-06-26 11:58:19', '2020-06-26 11:58:19'),
(1278, 238, 'N', 38, '2020-06-26 11:58:19', '2020-06-26 11:58:19'),
(1279, 239, 'N', 27, '2020-06-26 15:30:46', '2020-06-26 15:30:46'),
(1280, 239, 'N', 28, '2020-06-26 15:30:46', '2020-06-26 15:30:46'),
(1281, 239, 'N', 29, '2020-06-26 15:30:46', '2020-06-26 15:30:46'),
(1282, 239, 'N', 30, '2020-06-26 15:30:46', '2020-06-26 15:30:46'),
(1283, 239, 'N', 34, '2020-06-26 15:30:46', '2020-06-26 15:30:46'),
(1284, 239, 'N', 35, '2020-06-26 15:30:46', '2020-06-26 15:30:46'),
(1285, 239, 'N', 37, '2020-06-26 15:30:46', '2020-06-26 15:30:46'),
(1286, 240, 'N', 27, '2020-06-27 02:15:42', '2020-06-27 02:15:42'),
(1287, 240, 'N', 28, '2020-06-27 02:15:42', '2020-06-27 02:15:42'),
(1288, 240, 'N', 30, '2020-06-27 02:15:42', '2020-06-27 02:15:42'),
(1289, 240, 'N', 34, '2020-06-27 02:15:42', '2020-06-27 02:15:42'),
(1290, 240, 'N', 35, '2020-06-27 02:15:42', '2020-06-27 02:15:42'),
(1291, 240, 'N', 37, '2020-06-27 02:15:42', '2020-06-27 02:15:42'),
(1292, 240, 'N', 38, '2020-06-27 02:15:42', '2020-06-27 02:15:42'),
(1293, 241, 'N', 27, '2020-06-27 02:24:06', '2020-06-27 02:24:06'),
(1294, 241, 'N', 28, '2020-06-27 02:24:06', '2020-06-27 02:24:06'),
(1295, 241, 'N', 29, '2020-06-27 02:24:06', '2020-06-27 02:24:06'),
(1296, 241, 'N', 30, '2020-06-27 02:24:06', '2020-06-27 02:24:06'),
(1297, 241, 'N', 34, '2020-06-27 02:24:06', '2020-06-27 02:24:06'),
(1298, 241, 'N', 35, '2020-06-27 02:24:06', '2020-06-27 02:24:06'),
(1299, 241, 'N', 37, '2020-06-27 02:24:06', '2020-06-27 02:24:06'),
(1300, 241, 'N', 33, '2020-06-27 02:24:06', '2020-06-27 02:24:06'),
(1301, 242, 'N', 27, '2020-06-27 06:40:32', '2020-06-27 06:40:32'),
(1302, 242, 'N', 28, '2020-06-27 06:40:32', '2020-06-27 06:40:32'),
(1303, 242, 'N', 30, '2020-06-27 06:40:32', '2020-06-27 06:40:32'),
(1304, 242, 'N', 34, '2020-06-27 06:40:32', '2020-06-27 06:40:32'),
(1305, 242, 'N', 35, '2020-06-27 06:40:32', '2020-06-27 06:40:32'),
(1306, 242, 'R', 37, '2020-06-28 01:36:15', '2020-06-27 06:40:32'),
(1307, 242, 'N', 38, '2020-06-27 06:40:32', '2020-06-27 06:40:32'),
(1308, 243, 'N', 27, '2020-06-28 09:24:41', '2020-06-28 09:24:41'),
(1309, 243, 'N', 28, '2020-06-28 09:24:41', '2020-06-28 09:24:41'),
(1310, 243, 'N', 30, '2020-06-28 09:24:41', '2020-06-28 09:24:41'),
(1311, 243, 'N', 34, '2020-06-28 09:24:41', '2020-06-28 09:24:41'),
(1312, 243, 'N', 35, '2020-06-28 09:24:41', '2020-06-28 09:24:41'),
(1313, 243, 'N', 37, '2020-06-28 09:24:41', '2020-06-28 09:24:41'),
(1314, 243, 'N', 38, '2020-06-28 09:24:41', '2020-06-28 09:24:41'),
(1315, 244, 'N', 27, '2020-06-28 09:24:54', '2020-06-28 09:24:54'),
(1316, 244, 'N', 28, '2020-06-28 09:24:54', '2020-06-28 09:24:54'),
(1317, 244, 'N', 30, '2020-06-28 09:24:54', '2020-06-28 09:24:54'),
(1318, 244, 'N', 34, '2020-06-28 09:24:54', '2020-06-28 09:24:54'),
(1319, 244, 'N', 35, '2020-06-28 09:24:54', '2020-06-28 09:24:54'),
(1320, 244, 'N', 37, '2020-06-28 09:24:54', '2020-06-28 09:24:54'),
(1321, 244, 'N', 38, '2020-06-28 09:24:54', '2020-06-28 09:24:54'),
(1322, 245, 'N', 27, '2020-06-30 11:52:44', '2020-06-30 11:52:44'),
(1323, 245, 'N', 28, '2020-06-30 11:52:44', '2020-06-30 11:52:44'),
(1324, 245, 'N', 30, '2020-06-30 11:52:44', '2020-06-30 11:52:44'),
(1325, 245, 'N', 34, '2020-06-30 11:52:44', '2020-06-30 11:52:44'),
(1326, 245, 'N', 35, '2020-06-30 11:52:44', '2020-06-30 11:52:44'),
(1327, 245, 'N', 37, '2020-06-30 11:52:44', '2020-06-30 11:52:44'),
(1328, 245, 'N', 38, '2020-06-30 11:52:44', '2020-06-30 11:52:44'),
(1329, 246, 'N', 27, '2020-07-01 04:31:29', '2020-07-01 04:31:29'),
(1330, 246, 'N', 28, '2020-07-01 04:31:29', '2020-07-01 04:31:29'),
(1331, 246, 'N', 29, '2020-07-01 04:31:29', '2020-07-01 04:31:29'),
(1332, 246, 'N', 30, '2020-07-01 04:31:29', '2020-07-01 04:31:29'),
(1333, 246, 'N', 34, '2020-07-01 04:31:29', '2020-07-01 04:31:29'),
(1334, 246, 'N', 35, '2020-07-01 04:31:29', '2020-07-01 04:31:29'),
(1335, 246, 'N', 37, '2020-07-01 04:31:29', '2020-07-01 04:31:29'),
(1336, 246, 'N', 32, '2020-07-01 04:31:29', '2020-07-01 04:31:29'),
(1337, 247, 'N', 27, '2020-07-01 06:37:44', '2020-07-01 06:37:44'),
(1338, 247, 'N', 28, '2020-07-01 06:37:44', '2020-07-01 06:37:44'),
(1339, 247, 'N', 29, '2020-07-01 06:37:44', '2020-07-01 06:37:44'),
(1340, 247, 'N', 30, '2020-07-01 06:37:44', '2020-07-01 06:37:44'),
(1341, 247, 'N', 34, '2020-07-01 06:37:44', '2020-07-01 06:37:44'),
(1342, 247, 'N', 35, '2020-07-01 06:37:44', '2020-07-01 06:37:44'),
(1343, 247, 'N', 37, '2020-07-01 06:37:44', '2020-07-01 06:37:44'),
(1820, 312, 'N', 38, '2020-07-22 02:38:31', '2020-07-22 02:38:31'),
(1819, 312, 'N', 37, '2020-07-22 02:38:31', '2020-07-22 02:38:31'),
(1818, 312, 'N', 35, '2020-07-22 02:38:31', '2020-07-22 02:38:31'),
(1817, 312, 'N', 34, '2020-07-22 02:38:31', '2020-07-22 02:38:31'),
(1816, 312, 'N', 30, '2020-07-22 02:38:31', '2020-07-22 02:38:31'),
(1815, 312, 'N', 28, '2020-07-22 02:38:31', '2020-07-22 02:38:31'),
(1814, 312, 'N', 27, '2020-07-22 02:38:31', '2020-07-22 02:38:31'),
(1351, 249, 'N', 27, '2020-07-03 14:14:02', '2020-07-03 14:14:02'),
(1352, 249, 'N', 28, '2020-07-03 14:14:02', '2020-07-03 14:14:02'),
(1353, 249, 'N', 30, '2020-07-03 14:14:02', '2020-07-03 14:14:02'),
(1354, 249, 'N', 34, '2020-07-03 14:14:02', '2020-07-03 14:14:02'),
(1355, 249, 'N', 35, '2020-07-03 14:14:02', '2020-07-03 14:14:02'),
(1356, 249, 'N', 37, '2020-07-03 14:14:02', '2020-07-03 14:14:02'),
(1357, 249, 'N', 38, '2020-07-03 14:14:02', '2020-07-03 14:14:02'),
(1358, 250, 'N', 27, '2020-07-03 14:17:39', '2020-07-03 14:17:39'),
(1359, 250, 'N', 28, '2020-07-03 14:17:39', '2020-07-03 14:17:39'),
(1360, 250, 'N', 30, '2020-07-03 14:17:39', '2020-07-03 14:17:39'),
(1361, 250, 'N', 34, '2020-07-03 14:17:39', '2020-07-03 14:17:39'),
(1362, 250, 'N', 35, '2020-07-03 14:17:39', '2020-07-03 14:17:39'),
(1363, 250, 'N', 37, '2020-07-03 14:17:39', '2020-07-03 14:17:39'),
(1364, 250, 'N', 38, '2020-07-03 14:17:39', '2020-07-03 14:17:39'),
(1365, 251, 'N', 27, '2020-07-03 14:18:23', '2020-07-03 14:18:23'),
(1366, 251, 'N', 28, '2020-07-03 14:18:23', '2020-07-03 14:18:23'),
(1367, 251, 'N', 30, '2020-07-03 14:18:23', '2020-07-03 14:18:23'),
(1368, 251, 'N', 34, '2020-07-03 14:18:23', '2020-07-03 14:18:23'),
(1369, 251, 'N', 35, '2020-07-03 14:18:23', '2020-07-03 14:18:23'),
(1370, 251, 'N', 37, '2020-07-03 14:18:23', '2020-07-03 14:18:23'),
(1371, 251, 'N', 38, '2020-07-03 14:18:23', '2020-07-03 14:18:23'),
(1372, 252, 'N', 27, '2020-07-03 14:39:18', '2020-07-03 14:39:18'),
(1373, 252, 'N', 29, '2020-07-03 14:39:18', '2020-07-03 14:39:18'),
(1374, 252, 'N', 30, '2020-07-03 14:39:18', '2020-07-03 14:39:18'),
(1375, 252, 'N', 34, '2020-07-03 14:39:18', '2020-07-03 14:39:18'),
(1376, 252, 'N', 35, '2020-07-03 14:39:18', '2020-07-03 14:39:18'),
(1377, 252, 'N', 37, '2020-07-03 14:39:18', '2020-07-03 14:39:18'),
(1378, 252, 'N', 38, '2020-07-03 14:39:18', '2020-07-03 14:39:18'),
(1379, 252, 'N', 31, '2020-07-03 14:39:18', '2020-07-03 14:39:18'),
(1380, 253, 'N', 27, '2020-07-04 01:24:24', '2020-07-04 01:24:24'),
(1381, 253, 'N', 28, '2020-07-04 01:24:24', '2020-07-04 01:24:24'),
(1382, 253, 'N', 30, '2020-07-04 01:24:24', '2020-07-04 01:24:24'),
(1383, 253, 'N', 34, '2020-07-04 01:24:24', '2020-07-04 01:24:24'),
(1384, 253, 'N', 35, '2020-07-04 01:24:24', '2020-07-04 01:24:24'),
(1385, 253, 'N', 37, '2020-07-04 01:24:24', '2020-07-04 01:24:24'),
(1386, 253, 'N', 38, '2020-07-04 01:24:24', '2020-07-04 01:24:24'),
(1387, 254, 'N', 27, '2020-07-04 01:25:44', '2020-07-04 01:25:44'),
(1388, 254, 'N', 28, '2020-07-04 01:25:44', '2020-07-04 01:25:44'),
(1389, 254, 'N', 30, '2020-07-04 01:25:44', '2020-07-04 01:25:44'),
(1390, 254, 'N', 34, '2020-07-04 01:25:44', '2020-07-04 01:25:44'),
(1391, 254, 'N', 35, '2020-07-04 01:25:44', '2020-07-04 01:25:44'),
(1392, 254, 'N', 37, '2020-07-04 01:25:44', '2020-07-04 01:25:44'),
(1393, 254, 'N', 38, '2020-07-04 01:25:44', '2020-07-04 01:25:44'),
(1813, 311, 'N', 31, '2020-07-21 06:30:30', '2020-07-21 06:30:30'),
(1812, 311, 'N', 38, '2020-07-21 06:30:30', '2020-07-21 06:30:30'),
(1811, 311, 'N', 37, '2020-07-21 06:30:30', '2020-07-21 06:30:30'),
(1810, 311, 'N', 35, '2020-07-21 06:30:30', '2020-07-21 06:30:30'),
(1809, 311, 'N', 34, '2020-07-21 06:30:30', '2020-07-21 06:30:30'),
(1808, 311, 'N', 30, '2020-07-21 06:30:30', '2020-07-21 06:30:30'),
(1807, 311, 'N', 29, '2020-07-21 06:30:30', '2020-07-21 06:30:30'),
(1401, 256, 'N', 27, '2020-07-04 14:48:00', '2020-07-04 14:48:00'),
(1402, 256, 'N', 28, '2020-07-04 14:48:00', '2020-07-04 14:48:00'),
(1403, 256, 'N', 30, '2020-07-04 14:48:00', '2020-07-04 14:48:00'),
(1404, 256, 'N', 34, '2020-07-04 14:48:00', '2020-07-04 14:48:00'),
(1405, 256, 'N', 35, '2020-07-04 14:48:00', '2020-07-04 14:48:00'),
(1406, 256, 'N', 37, '2020-07-04 14:48:00', '2020-07-04 14:48:00'),
(1407, 256, 'N', 38, '2020-07-04 14:48:00', '2020-07-04 14:48:00'),
(1806, 311, 'N', 28, '2020-07-21 06:30:30', '2020-07-21 06:30:30'),
(1805, 310, 'N', 38, '2020-07-21 01:46:14', '2020-07-21 01:46:14'),
(1804, 310, 'R', 37, '2020-07-21 02:43:02', '2020-07-21 01:46:14'),
(1803, 310, 'N', 35, '2020-07-21 01:46:14', '2020-07-21 01:46:14'),
(1802, 310, 'N', 34, '2020-07-21 01:46:14', '2020-07-21 01:46:14'),
(1801, 310, 'N', 30, '2020-07-21 01:46:14', '2020-07-21 01:46:14'),
(1800, 310, 'N', 28, '2020-07-21 01:46:14', '2020-07-21 01:46:14'),
(1799, 310, 'N', 27, '2020-07-21 01:46:14', '2020-07-21 01:46:14'),
(1416, 258, 'N', 28, '2020-07-05 04:35:33', '2020-07-05 04:35:33'),
(1417, 258, 'N', 29, '2020-07-05 04:35:33', '2020-07-05 04:35:33'),
(1418, 258, 'N', 30, '2020-07-05 04:35:33', '2020-07-05 04:35:33'),
(1419, 258, 'N', 34, '2020-07-05 04:35:33', '2020-07-05 04:35:33'),
(1420, 258, 'N', 35, '2020-07-05 04:35:33', '2020-07-05 04:35:33'),
(1421, 258, 'N', 37, '2020-07-05 04:35:33', '2020-07-05 04:35:33'),
(1422, 258, 'N', 38, '2020-07-05 04:35:33', '2020-07-05 04:35:33'),
(1423, 258, 'N', 33, '2020-07-05 04:35:33', '2020-07-05 04:35:33'),
(1424, 259, 'N', 27, '2020-07-05 04:53:48', '2020-07-05 04:53:48'),
(1425, 259, 'N', 28, '2020-07-05 04:53:48', '2020-07-05 04:53:48'),
(1426, 259, 'N', 29, '2020-07-05 04:53:48', '2020-07-05 04:53:48'),
(1427, 259, 'N', 30, '2020-07-05 04:53:48', '2020-07-05 04:53:48'),
(1428, 259, 'N', 34, '2020-07-05 04:53:48', '2020-07-05 04:53:48'),
(1429, 259, 'N', 35, '2020-07-05 04:53:48', '2020-07-05 04:53:48'),
(1430, 259, 'R', 37, '2020-07-05 04:56:29', '2020-07-05 04:53:48'),
(1431, 259, 'N', 33, '2020-07-05 04:53:48', '2020-07-05 04:53:48'),
(1432, 260, 'N', 27, '2020-07-06 02:59:48', '2020-07-06 02:59:48'),
(1433, 260, 'N', 28, '2020-07-06 02:59:48', '2020-07-06 02:59:48'),
(1434, 260, 'N', 30, '2020-07-06 02:59:48', '2020-07-06 02:59:48'),
(1435, 260, 'N', 34, '2020-07-06 02:59:48', '2020-07-06 02:59:48'),
(1436, 260, 'N', 35, '2020-07-06 02:59:48', '2020-07-06 02:59:48'),
(1437, 260, 'N', 37, '2020-07-06 02:59:48', '2020-07-06 02:59:48'),
(1438, 260, 'N', 38, '2020-07-06 02:59:48', '2020-07-06 02:59:48'),
(1439, 261, 'N', 27, '2020-07-06 03:25:46', '2020-07-06 03:25:46'),
(1440, 261, 'N', 28, '2020-07-06 03:25:46', '2020-07-06 03:25:46'),
(1441, 261, 'N', 29, '2020-07-06 03:25:46', '2020-07-06 03:25:46'),
(1442, 261, 'N', 30, '2020-07-06 03:25:46', '2020-07-06 03:25:46'),
(1443, 261, 'N', 34, '2020-07-06 03:25:46', '2020-07-06 03:25:46'),
(1444, 261, 'N', 35, '2020-07-06 03:25:46', '2020-07-06 03:25:46'),
(1445, 261, 'R', 37, '2020-07-09 04:11:26', '2020-07-06 03:25:46'),
(1446, 261, 'N', 33, '2020-07-06 03:25:46', '2020-07-06 03:25:46'),
(1447, 262, 'N', 27, '2020-07-06 03:26:35', '2020-07-06 03:26:35'),
(1448, 262, 'N', 28, '2020-07-06 03:26:35', '2020-07-06 03:26:35'),
(1449, 262, 'N', 29, '2020-07-06 03:26:35', '2020-07-06 03:26:35'),
(1450, 262, 'N', 30, '2020-07-06 03:26:35', '2020-07-06 03:26:35'),
(1451, 262, 'N', 34, '2020-07-06 03:26:35', '2020-07-06 03:26:35'),
(1452, 262, 'N', 35, '2020-07-06 03:26:35', '2020-07-06 03:26:35'),
(1453, 262, 'R', 37, '2020-07-09 04:11:20', '2020-07-06 03:26:35'),
(1454, 262, 'N', 33, '2020-07-06 03:26:35', '2020-07-06 03:26:35'),
(1455, 263, 'N', 27, '2020-07-06 14:12:23', '2020-07-06 14:12:23'),
(1456, 263, 'N', 28, '2020-07-06 14:12:23', '2020-07-06 14:12:23'),
(1457, 263, 'N', 30, '2020-07-06 14:12:23', '2020-07-06 14:12:23'),
(1458, 263, 'N', 34, '2020-07-06 14:12:23', '2020-07-06 14:12:23'),
(1459, 263, 'N', 35, '2020-07-06 14:12:23', '2020-07-06 14:12:23'),
(1460, 263, 'R', 37, '2020-07-10 11:16:15', '2020-07-06 14:12:23'),
(1461, 263, 'N', 38, '2020-07-06 14:12:23', '2020-07-06 14:12:23'),
(1798, 309, 'N', 37, '2020-07-21 01:30:26', '2020-07-21 01:30:26'),
(1797, 309, 'N', 35, '2020-07-21 01:30:26', '2020-07-21 01:30:26'),
(1796, 309, 'N', 34, '2020-07-21 01:30:26', '2020-07-21 01:30:26'),
(1795, 309, 'N', 30, '2020-07-21 01:30:26', '2020-07-21 01:30:26'),
(1794, 309, 'N', 29, '2020-07-21 01:30:26', '2020-07-21 01:30:26'),
(1793, 309, 'N', 28, '2020-07-21 01:30:26', '2020-07-21 01:30:26'),
(1792, 309, 'N', 27, '2020-07-21 01:30:26', '2020-07-21 01:30:26'),
(1469, 265, 'N', 28, '2020-07-10 01:19:34', '2020-07-10 01:19:34'),
(1470, 265, 'N', 29, '2020-07-10 01:19:34', '2020-07-10 01:19:34'),
(1471, 265, 'N', 30, '2020-07-10 01:19:34', '2020-07-10 01:19:34'),
(1472, 265, 'N', 34, '2020-07-10 01:19:34', '2020-07-10 01:19:34'),
(1473, 265, 'N', 35, '2020-07-10 01:19:34', '2020-07-10 01:19:34'),
(1474, 265, 'R', 37, '2020-07-10 01:23:03', '2020-07-10 01:19:34'),
(1475, 265, 'N', 38, '2020-07-10 01:19:34', '2020-07-10 01:19:34'),
(1476, 266, 'N', 27, '2020-07-10 08:21:48', '2020-07-10 08:21:48'),
(1477, 266, 'N', 28, '2020-07-10 08:21:48', '2020-07-10 08:21:48'),
(1478, 266, 'N', 29, '2020-07-10 08:21:48', '2020-07-10 08:21:48'),
(1479, 266, 'N', 30, '2020-07-10 08:21:48', '2020-07-10 08:21:48'),
(1480, 266, 'N', 34, '2020-07-10 08:21:48', '2020-07-10 08:21:48'),
(1481, 266, 'N', 35, '2020-07-10 08:21:48', '2020-07-10 08:21:48'),
(1482, 266, 'R', 37, '2020-07-10 11:16:22', '2020-07-10 08:21:48'),
(1483, 267, 'N', 27, '2020-07-10 08:46:53', '2020-07-10 08:46:53'),
(1484, 267, 'N', 28, '2020-07-10 08:46:53', '2020-07-10 08:46:53'),
(1485, 267, 'N', 29, '2020-07-10 08:46:53', '2020-07-10 08:46:53'),
(1486, 267, 'N', 30, '2020-07-10 08:46:53', '2020-07-10 08:46:53'),
(1487, 267, 'N', 34, '2020-07-10 08:46:53', '2020-07-10 08:46:53'),
(1488, 267, 'N', 35, '2020-07-10 08:46:53', '2020-07-10 08:46:53'),
(1489, 267, 'R', 37, '2020-07-10 11:16:50', '2020-07-10 08:46:53'),
(1490, 268, 'N', 27, '2020-07-11 04:41:37', '2020-07-11 04:41:37'),
(1491, 268, 'N', 28, '2020-07-11 04:41:37', '2020-07-11 04:41:37'),
(1492, 268, 'N', 29, '2020-07-11 04:41:37', '2020-07-11 04:41:37'),
(1493, 268, 'N', 30, '2020-07-11 04:41:37', '2020-07-11 04:41:37'),
(1494, 268, 'N', 34, '2020-07-11 04:41:37', '2020-07-11 04:41:37'),
(1495, 268, 'N', 35, '2020-07-11 04:41:37', '2020-07-11 04:41:37'),
(1496, 268, 'N', 37, '2020-07-11 04:41:37', '2020-07-11 04:41:37'),
(1497, 269, 'N', 27, '2020-07-11 04:45:44', '2020-07-11 04:45:44'),
(1498, 269, 'N', 28, '2020-07-11 04:45:44', '2020-07-11 04:45:44'),
(1499, 269, 'N', 30, '2020-07-11 04:45:44', '2020-07-11 04:45:44'),
(1500, 269, 'N', 34, '2020-07-11 04:45:44', '2020-07-11 04:45:44'),
(1501, 269, 'N', 35, '2020-07-11 04:45:44', '2020-07-11 04:45:44'),
(1502, 269, 'N', 37, '2020-07-11 04:45:44', '2020-07-11 04:45:44'),
(1503, 269, 'N', 38, '2020-07-11 04:45:44', '2020-07-11 04:45:44'),
(1504, 270, 'N', 27, '2020-07-11 04:47:11', '2020-07-11 04:47:11'),
(1505, 270, 'N', 28, '2020-07-11 04:47:11', '2020-07-11 04:47:11'),
(1506, 270, 'N', 30, '2020-07-11 04:47:11', '2020-07-11 04:47:11'),
(1507, 270, 'N', 34, '2020-07-11 04:47:11', '2020-07-11 04:47:11'),
(1508, 270, 'N', 35, '2020-07-11 04:47:11', '2020-07-11 04:47:11'),
(1509, 270, 'N', 37, '2020-07-11 04:47:11', '2020-07-11 04:47:11'),
(1510, 270, 'N', 38, '2020-07-11 04:47:11', '2020-07-11 04:47:11'),
(1511, 271, 'N', 28, '2020-07-11 05:11:02', '2020-07-11 05:11:02'),
(1512, 271, 'N', 29, '2020-07-11 05:11:02', '2020-07-11 05:11:02'),
(1513, 271, 'N', 30, '2020-07-11 05:11:02', '2020-07-11 05:11:02'),
(1514, 271, 'N', 34, '2020-07-11 05:11:02', '2020-07-11 05:11:02'),
(1515, 271, 'N', 35, '2020-07-11 05:11:02', '2020-07-11 05:11:02'),
(1516, 271, 'N', 37, '2020-07-11 05:11:02', '2020-07-11 05:11:02'),
(1517, 271, 'N', 38, '2020-07-11 05:11:02', '2020-07-11 05:11:02'),
(1518, 272, 'N', 27, '2020-07-11 05:24:00', '2020-07-11 05:24:00'),
(1519, 272, 'N', 28, '2020-07-11 05:24:00', '2020-07-11 05:24:00'),
(1520, 272, 'N', 29, '2020-07-11 05:24:00', '2020-07-11 05:24:00'),
(1521, 272, 'N', 30, '2020-07-11 05:24:00', '2020-07-11 05:24:00'),
(1522, 272, 'N', 34, '2020-07-11 05:24:00', '2020-07-11 05:24:00'),
(1523, 272, 'N', 35, '2020-07-11 05:24:00', '2020-07-11 05:24:00'),
(1524, 272, 'N', 37, '2020-07-11 05:24:00', '2020-07-11 05:24:00'),
(1525, 273, 'N', 27, '2020-07-11 08:03:49', '2020-07-11 08:03:49'),
(1526, 273, 'N', 28, '2020-07-11 08:03:49', '2020-07-11 08:03:49'),
(1527, 273, 'N', 30, '2020-07-11 08:03:49', '2020-07-11 08:03:49'),
(1528, 273, 'N', 34, '2020-07-11 08:03:49', '2020-07-11 08:03:49'),
(1529, 273, 'N', 35, '2020-07-11 08:03:49', '2020-07-11 08:03:49'),
(1530, 273, 'N', 37, '2020-07-11 08:03:49', '2020-07-11 08:03:49'),
(1531, 273, 'N', 38, '2020-07-11 08:03:49', '2020-07-11 08:03:49'),
(1532, 273, 'N', 33, '2020-07-11 08:03:49', '2020-07-11 08:03:49'),
(1533, 274, 'N', 27, '2020-07-11 08:03:56', '2020-07-11 08:03:56'),
(1534, 274, 'N', 28, '2020-07-11 08:03:56', '2020-07-11 08:03:56'),
(1535, 274, 'N', 30, '2020-07-11 08:03:56', '2020-07-11 08:03:56'),
(1536, 274, 'N', 34, '2020-07-11 08:03:56', '2020-07-11 08:03:56'),
(1537, 274, 'N', 35, '2020-07-11 08:03:56', '2020-07-11 08:03:56'),
(1538, 274, 'N', 37, '2020-07-11 08:03:56', '2020-07-11 08:03:56'),
(1539, 274, 'N', 38, '2020-07-11 08:03:56', '2020-07-11 08:03:56'),
(1540, 274, 'N', 33, '2020-07-11 08:03:56', '2020-07-11 08:03:56'),
(1541, 275, 'N', 27, '2020-07-13 03:56:22', '2020-07-13 03:56:22'),
(1542, 275, 'N', 28, '2020-07-13 03:56:22', '2020-07-13 03:56:22'),
(1543, 275, 'N', 30, '2020-07-13 03:56:22', '2020-07-13 03:56:22'),
(1544, 275, 'N', 34, '2020-07-13 03:56:22', '2020-07-13 03:56:22'),
(1545, 275, 'N', 35, '2020-07-13 03:56:22', '2020-07-13 03:56:22'),
(1546, 275, 'N', 37, '2020-07-13 03:56:22', '2020-07-13 03:56:22'),
(1547, 275, 'N', 38, '2020-07-13 03:56:22', '2020-07-13 03:56:22'),
(1548, 276, 'N', 27, '2020-07-13 07:22:49', '2020-07-13 07:22:49'),
(1549, 276, 'N', 28, '2020-07-13 07:22:49', '2020-07-13 07:22:49'),
(1550, 276, 'N', 29, '2020-07-13 07:22:49', '2020-07-13 07:22:49'),
(1551, 276, 'N', 30, '2020-07-13 07:22:49', '2020-07-13 07:22:49'),
(1552, 276, 'N', 34, '2020-07-13 07:22:49', '2020-07-13 07:22:49'),
(1553, 276, 'N', 35, '2020-07-13 07:22:49', '2020-07-13 07:22:49'),
(1554, 276, 'N', 37, '2020-07-13 07:22:49', '2020-07-13 07:22:49'),
(1555, 277, 'N', 27, '2020-07-14 05:45:07', '2020-07-14 05:45:07'),
(1556, 277, 'N', 28, '2020-07-14 05:45:07', '2020-07-14 05:45:07'),
(1557, 277, 'N', 30, '2020-07-14 05:45:07', '2020-07-14 05:45:07'),
(1558, 277, 'N', 34, '2020-07-14 05:45:07', '2020-07-14 05:45:07');
INSERT INTO `notification_users` (`id`, `notification_id`, `status`, `user_id`, `created_at`, `updated_at`) VALUES
(1559, 277, 'N', 35, '2020-07-14 05:45:07', '2020-07-14 05:45:07'),
(1560, 277, 'N', 37, '2020-07-14 05:45:07', '2020-07-14 05:45:07'),
(1561, 277, 'N', 38, '2020-07-14 05:45:07', '2020-07-14 05:45:07'),
(1562, 278, 'N', 27, '2020-07-14 06:31:41', '2020-07-14 06:31:41'),
(1563, 278, 'N', 28, '2020-07-14 06:31:41', '2020-07-14 06:31:41'),
(1564, 278, 'N', 29, '2020-07-14 06:31:41', '2020-07-14 06:31:41'),
(1565, 278, 'N', 30, '2020-07-14 06:31:41', '2020-07-14 06:31:41'),
(1566, 278, 'N', 34, '2020-07-14 06:31:41', '2020-07-14 06:31:41'),
(1567, 278, 'N', 35, '2020-07-14 06:31:41', '2020-07-14 06:31:41'),
(1568, 278, 'N', 37, '2020-07-14 06:31:41', '2020-07-14 06:31:41'),
(1569, 279, 'N', 27, '2020-07-14 06:56:47', '2020-07-14 06:56:47'),
(1570, 279, 'N', 28, '2020-07-14 06:56:47', '2020-07-14 06:56:47'),
(1571, 279, 'N', 29, '2020-07-14 06:56:47', '2020-07-14 06:56:47'),
(1572, 279, 'N', 30, '2020-07-14 06:56:47', '2020-07-14 06:56:47'),
(1573, 279, 'N', 34, '2020-07-14 06:56:47', '2020-07-14 06:56:47'),
(1574, 279, 'N', 35, '2020-07-14 06:56:47', '2020-07-14 06:56:47'),
(1575, 279, 'N', 37, '2020-07-14 06:56:47', '2020-07-14 06:56:47'),
(1576, 279, 'N', 33, '2020-07-14 06:56:47', '2020-07-14 06:56:47'),
(1577, 280, 'N', 28, '2020-07-14 07:28:08', '2020-07-14 07:28:08'),
(1578, 280, 'N', 29, '2020-07-14 07:28:08', '2020-07-14 07:28:08'),
(1579, 280, 'N', 30, '2020-07-14 07:28:08', '2020-07-14 07:28:08'),
(1580, 280, 'N', 34, '2020-07-14 07:28:08', '2020-07-14 07:28:08'),
(1581, 280, 'N', 35, '2020-07-14 07:28:08', '2020-07-14 07:28:08'),
(1582, 280, 'N', 37, '2020-07-14 07:28:08', '2020-07-14 07:28:08'),
(1583, 280, 'N', 38, '2020-07-14 07:28:08', '2020-07-14 07:28:08'),
(1584, 280, 'N', 0, '2020-07-14 07:28:08', '2020-07-14 07:28:08'),
(1585, 281, 'N', 28, '2020-07-14 07:33:22', '2020-07-14 07:33:22'),
(1586, 281, 'N', 29, '2020-07-14 07:33:22', '2020-07-14 07:33:22'),
(1587, 281, 'N', 30, '2020-07-14 07:33:22', '2020-07-14 07:33:22'),
(1588, 281, 'N', 34, '2020-07-14 07:33:22', '2020-07-14 07:33:22'),
(1589, 281, 'N', 35, '2020-07-14 07:33:22', '2020-07-14 07:33:22'),
(1590, 281, 'N', 37, '2020-07-14 07:33:22', '2020-07-14 07:33:22'),
(1591, 281, 'N', 38, '2020-07-14 07:33:22', '2020-07-14 07:33:22'),
(1592, 282, 'N', 27, '2020-07-14 08:33:45', '2020-07-14 08:33:45'),
(1593, 282, 'N', 28, '2020-07-14 08:33:45', '2020-07-14 08:33:45'),
(1594, 282, 'N', 29, '2020-07-14 08:33:45', '2020-07-14 08:33:45'),
(1595, 282, 'N', 30, '2020-07-14 08:33:45', '2020-07-14 08:33:45'),
(1596, 282, 'N', 34, '2020-07-14 08:33:45', '2020-07-14 08:33:45'),
(1597, 282, 'N', 35, '2020-07-14 08:33:45', '2020-07-14 08:33:45'),
(1598, 282, 'N', 37, '2020-07-14 08:33:45', '2020-07-14 08:33:45'),
(1599, 282, 'N', 32, '2020-07-14 08:33:45', '2020-07-14 08:33:45'),
(1600, 283, 'N', 27, '2020-07-14 08:33:48', '2020-07-14 08:33:48'),
(1601, 283, 'N', 28, '2020-07-14 08:33:48', '2020-07-14 08:33:48'),
(1602, 283, 'N', 29, '2020-07-14 08:33:48', '2020-07-14 08:33:48'),
(1603, 283, 'N', 30, '2020-07-14 08:33:48', '2020-07-14 08:33:48'),
(1604, 283, 'N', 34, '2020-07-14 08:33:48', '2020-07-14 08:33:48'),
(1605, 283, 'N', 35, '2020-07-14 08:33:48', '2020-07-14 08:33:48'),
(1606, 283, 'N', 37, '2020-07-14 08:33:48', '2020-07-14 08:33:48'),
(1607, 283, 'N', 32, '2020-07-14 08:33:48', '2020-07-14 08:33:48'),
(1608, 284, 'N', 28, '2020-07-14 12:16:47', '2020-07-14 12:16:47'),
(1609, 284, 'N', 29, '2020-07-14 12:16:47', '2020-07-14 12:16:47'),
(1610, 284, 'N', 30, '2020-07-14 12:16:47', '2020-07-14 12:16:47'),
(1611, 284, 'N', 34, '2020-07-14 12:16:47', '2020-07-14 12:16:47'),
(1612, 284, 'N', 35, '2020-07-14 12:16:47', '2020-07-14 12:16:47'),
(1613, 284, 'N', 37, '2020-07-14 12:16:47', '2020-07-14 12:16:47'),
(1614, 284, 'N', 38, '2020-07-14 12:16:47', '2020-07-14 12:16:47'),
(1615, 285, 'N', 28, '2020-07-15 00:30:38', '2020-07-15 00:30:38'),
(1616, 285, 'N', 29, '2020-07-15 00:30:38', '2020-07-15 00:30:38'),
(1617, 285, 'N', 30, '2020-07-15 00:30:38', '2020-07-15 00:30:38'),
(1618, 285, 'N', 34, '2020-07-15 00:30:38', '2020-07-15 00:30:38'),
(1619, 285, 'N', 35, '2020-07-15 00:30:38', '2020-07-15 00:30:38'),
(1620, 285, 'N', 37, '2020-07-15 00:30:38', '2020-07-15 00:30:38'),
(1621, 285, 'N', 38, '2020-07-15 00:30:38', '2020-07-15 00:30:38'),
(1622, 286, 'N', 27, '2020-07-15 01:10:34', '2020-07-15 01:10:34'),
(1623, 286, 'N', 28, '2020-07-15 01:10:34', '2020-07-15 01:10:34'),
(1624, 286, 'N', 30, '2020-07-15 01:10:34', '2020-07-15 01:10:34'),
(1625, 286, 'N', 34, '2020-07-15 01:10:34', '2020-07-15 01:10:34'),
(1626, 286, 'N', 35, '2020-07-15 01:10:34', '2020-07-15 01:10:34'),
(1627, 286, 'N', 37, '2020-07-15 01:10:34', '2020-07-15 01:10:34'),
(1628, 286, 'N', 38, '2020-07-15 01:10:34', '2020-07-15 01:10:34'),
(1629, 286, 'N', 33, '2020-07-15 01:10:34', '2020-07-15 01:10:34'),
(1630, 287, 'N', 27, '2020-07-15 04:32:51', '2020-07-15 04:32:51'),
(1631, 287, 'N', 28, '2020-07-15 04:32:51', '2020-07-15 04:32:51'),
(1632, 287, 'N', 29, '2020-07-15 04:32:51', '2020-07-15 04:32:51'),
(1633, 287, 'N', 30, '2020-07-15 04:32:51', '2020-07-15 04:32:51'),
(1634, 287, 'N', 34, '2020-07-15 04:32:51', '2020-07-15 04:32:51'),
(1635, 287, 'N', 35, '2020-07-15 04:32:51', '2020-07-15 04:32:51'),
(1636, 287, 'N', 37, '2020-07-15 04:32:51', '2020-07-15 04:32:51'),
(1637, 287, 'N', 0, '2020-07-15 04:32:51', '2020-07-15 04:32:51'),
(1638, 288, 'N', 27, '2020-07-15 04:33:32', '2020-07-15 04:33:32'),
(1639, 288, 'N', 28, '2020-07-15 04:33:32', '2020-07-15 04:33:32'),
(1640, 288, 'N', 29, '2020-07-15 04:33:32', '2020-07-15 04:33:32'),
(1641, 288, 'N', 30, '2020-07-15 04:33:32', '2020-07-15 04:33:32'),
(1642, 288, 'N', 34, '2020-07-15 04:33:32', '2020-07-15 04:33:32'),
(1643, 288, 'N', 35, '2020-07-15 04:33:32', '2020-07-15 04:33:32'),
(1644, 288, 'N', 37, '2020-07-15 04:33:32', '2020-07-15 04:33:32'),
(1645, 288, 'N', 0, '2020-07-15 04:33:32', '2020-07-15 04:33:32'),
(1646, 289, 'N', 27, '2020-07-16 04:53:18', '2020-07-16 04:53:18'),
(1647, 289, 'N', 28, '2020-07-16 04:53:18', '2020-07-16 04:53:18'),
(1648, 289, 'N', 30, '2020-07-16 04:53:18', '2020-07-16 04:53:18'),
(1649, 289, 'N', 34, '2020-07-16 04:53:18', '2020-07-16 04:53:18'),
(1650, 289, 'N', 35, '2020-07-16 04:53:18', '2020-07-16 04:53:18'),
(1651, 289, 'N', 37, '2020-07-16 04:53:18', '2020-07-16 04:53:18'),
(1652, 289, 'N', 38, '2020-07-16 04:53:18', '2020-07-16 04:53:18'),
(1653, 290, 'N', 28, '2020-07-16 06:39:08', '2020-07-16 06:39:08'),
(1654, 290, 'N', 29, '2020-07-16 06:39:08', '2020-07-16 06:39:08'),
(1655, 290, 'N', 30, '2020-07-16 06:39:08', '2020-07-16 06:39:08'),
(1656, 290, 'N', 34, '2020-07-16 06:39:08', '2020-07-16 06:39:08'),
(1657, 290, 'N', 35, '2020-07-16 06:39:08', '2020-07-16 06:39:08'),
(1658, 290, 'N', 37, '2020-07-16 06:39:08', '2020-07-16 06:39:08'),
(1659, 290, 'N', 38, '2020-07-16 06:39:08', '2020-07-16 06:39:08'),
(1660, 290, 'N', 32, '2020-07-16 06:39:08', '2020-07-16 06:39:08'),
(1661, 291, 'N', 28, '2020-07-16 06:39:26', '2020-07-16 06:39:26'),
(1662, 291, 'N', 29, '2020-07-16 06:39:26', '2020-07-16 06:39:26'),
(1663, 291, 'N', 30, '2020-07-16 06:39:26', '2020-07-16 06:39:26'),
(1664, 291, 'N', 34, '2020-07-16 06:39:26', '2020-07-16 06:39:26'),
(1665, 291, 'N', 35, '2020-07-16 06:39:26', '2020-07-16 06:39:26'),
(1666, 291, 'N', 37, '2020-07-16 06:39:26', '2020-07-16 06:39:26'),
(1667, 291, 'N', 38, '2020-07-16 06:39:26', '2020-07-16 06:39:26'),
(1668, 292, 'N', 27, '2020-07-16 08:48:59', '2020-07-16 08:48:59'),
(1669, 292, 'N', 28, '2020-07-16 08:48:59', '2020-07-16 08:48:59'),
(1670, 292, 'N', 29, '2020-07-16 08:48:59', '2020-07-16 08:48:59'),
(1671, 292, 'N', 30, '2020-07-16 08:48:59', '2020-07-16 08:48:59'),
(1672, 292, 'N', 34, '2020-07-16 08:48:59', '2020-07-16 08:48:59'),
(1673, 292, 'N', 35, '2020-07-16 08:48:59', '2020-07-16 08:48:59'),
(1674, 292, 'N', 37, '2020-07-16 08:48:59', '2020-07-16 08:48:59'),
(1675, 293, 'N', 27, '2020-07-17 00:53:14', '2020-07-17 00:53:14'),
(1676, 293, 'N', 28, '2020-07-17 00:53:14', '2020-07-17 00:53:14'),
(1677, 293, 'N', 30, '2020-07-17 00:53:14', '2020-07-17 00:53:14'),
(1678, 293, 'N', 34, '2020-07-17 00:53:14', '2020-07-17 00:53:14'),
(1679, 293, 'N', 35, '2020-07-17 00:53:14', '2020-07-17 00:53:14'),
(1680, 293, 'N', 37, '2020-07-17 00:53:14', '2020-07-17 00:53:14'),
(1681, 293, 'N', 38, '2020-07-17 00:53:14', '2020-07-17 00:53:14'),
(1682, 294, 'N', 27, '2020-07-17 00:55:01', '2020-07-17 00:55:01'),
(1683, 294, 'N', 28, '2020-07-17 00:55:01', '2020-07-17 00:55:01'),
(1684, 294, 'N', 30, '2020-07-17 00:55:01', '2020-07-17 00:55:01'),
(1685, 294, 'N', 34, '2020-07-17 00:55:01', '2020-07-17 00:55:01'),
(1686, 294, 'N', 35, '2020-07-17 00:55:01', '2020-07-17 00:55:01'),
(1687, 294, 'N', 37, '2020-07-17 00:55:01', '2020-07-17 00:55:01'),
(1688, 294, 'N', 38, '2020-07-17 00:55:01', '2020-07-17 00:55:01'),
(1689, 295, 'N', 28, '2020-07-17 02:12:17', '2020-07-17 02:12:17'),
(1690, 295, 'N', 29, '2020-07-17 02:12:17', '2020-07-17 02:12:17'),
(1691, 295, 'N', 30, '2020-07-17 02:12:17', '2020-07-17 02:12:17'),
(1692, 295, 'N', 34, '2020-07-17 02:12:17', '2020-07-17 02:12:17'),
(1693, 295, 'N', 35, '2020-07-17 02:12:17', '2020-07-17 02:12:17'),
(1694, 295, 'N', 37, '2020-07-17 02:12:17', '2020-07-17 02:12:17'),
(1695, 295, 'N', 38, '2020-07-17 02:12:17', '2020-07-17 02:12:17'),
(1696, 296, 'N', 27, '2020-07-17 10:33:20', '2020-07-17 10:33:20'),
(1697, 296, 'N', 28, '2020-07-17 10:33:20', '2020-07-17 10:33:20'),
(1698, 296, 'N', 29, '2020-07-17 10:33:20', '2020-07-17 10:33:20'),
(1699, 296, 'N', 30, '2020-07-17 10:33:20', '2020-07-17 10:33:20'),
(1700, 296, 'N', 34, '2020-07-17 10:33:20', '2020-07-17 10:33:20'),
(1701, 296, 'N', 35, '2020-07-17 10:33:20', '2020-07-17 10:33:20'),
(1702, 296, 'N', 37, '2020-07-17 10:33:20', '2020-07-17 10:33:20'),
(1703, 296, 'N', 32, '2020-07-17 10:33:20', '2020-07-17 10:33:20'),
(1704, 297, 'N', 27, '2020-07-20 05:38:10', '2020-07-20 05:38:10'),
(1705, 297, 'N', 28, '2020-07-20 05:38:10', '2020-07-20 05:38:10'),
(1706, 297, 'N', 30, '2020-07-20 05:38:10', '2020-07-20 05:38:10'),
(1707, 297, 'N', 34, '2020-07-20 05:38:10', '2020-07-20 05:38:10'),
(1708, 297, 'N', 35, '2020-07-20 05:38:10', '2020-07-20 05:38:10'),
(1709, 297, 'N', 37, '2020-07-20 05:38:10', '2020-07-20 05:38:10'),
(1710, 297, 'N', 38, '2020-07-20 05:38:10', '2020-07-20 05:38:10'),
(1711, 298, 'N', 27, '2020-07-20 05:38:44', '2020-07-20 05:38:44'),
(1712, 298, 'N', 28, '2020-07-20 05:38:44', '2020-07-20 05:38:44'),
(1713, 298, 'N', 30, '2020-07-20 05:38:44', '2020-07-20 05:38:44'),
(1714, 298, 'N', 34, '2020-07-20 05:38:44', '2020-07-20 05:38:44'),
(1715, 298, 'N', 35, '2020-07-20 05:38:44', '2020-07-20 05:38:44'),
(1716, 298, 'N', 37, '2020-07-20 05:38:44', '2020-07-20 05:38:44'),
(1717, 298, 'N', 38, '2020-07-20 05:38:44', '2020-07-20 05:38:44'),
(1718, 299, 'N', 27, '2020-07-20 05:43:38', '2020-07-20 05:43:38'),
(1719, 299, 'N', 28, '2020-07-20 05:43:38', '2020-07-20 05:43:38'),
(1720, 299, 'N', 30, '2020-07-20 05:43:38', '2020-07-20 05:43:38'),
(1721, 299, 'N', 34, '2020-07-20 05:43:38', '2020-07-20 05:43:38'),
(1722, 299, 'N', 35, '2020-07-20 05:43:38', '2020-07-20 05:43:38'),
(1723, 299, 'N', 37, '2020-07-20 05:43:38', '2020-07-20 05:43:38'),
(1724, 299, 'N', 38, '2020-07-20 05:43:38', '2020-07-20 05:43:38'),
(1725, 300, 'N', 27, '2020-07-20 06:49:10', '2020-07-20 06:49:10'),
(1726, 300, 'N', 28, '2020-07-20 06:49:10', '2020-07-20 06:49:10'),
(1727, 300, 'N', 29, '2020-07-20 06:49:10', '2020-07-20 06:49:10'),
(1728, 300, 'N', 30, '2020-07-20 06:49:10', '2020-07-20 06:49:10'),
(1729, 300, 'N', 34, '2020-07-20 06:49:10', '2020-07-20 06:49:10'),
(1730, 300, 'N', 35, '2020-07-20 06:49:10', '2020-07-20 06:49:10'),
(1731, 300, 'N', 37, '2020-07-20 06:49:10', '2020-07-20 06:49:10'),
(1732, 300, 'N', 31, '2020-07-20 06:49:10', '2020-07-20 06:49:10'),
(1733, 301, 'N', 27, '2020-07-20 07:03:17', '2020-07-20 07:03:17'),
(1734, 301, 'N', 28, '2020-07-20 07:03:17', '2020-07-20 07:03:17'),
(1735, 301, 'N', 30, '2020-07-20 07:03:17', '2020-07-20 07:03:17'),
(1736, 301, 'N', 34, '2020-07-20 07:03:17', '2020-07-20 07:03:17'),
(1737, 301, 'N', 35, '2020-07-20 07:03:17', '2020-07-20 07:03:17'),
(1738, 301, 'N', 37, '2020-07-20 07:03:17', '2020-07-20 07:03:17'),
(1739, 301, 'N', 38, '2020-07-20 07:03:17', '2020-07-20 07:03:17'),
(1740, 302, 'N', 27, '2020-07-20 07:03:55', '2020-07-20 07:03:55'),
(1741, 302, 'N', 28, '2020-07-20 07:03:55', '2020-07-20 07:03:55'),
(1742, 302, 'N', 30, '2020-07-20 07:03:55', '2020-07-20 07:03:55'),
(1743, 302, 'N', 34, '2020-07-20 07:03:55', '2020-07-20 07:03:55'),
(1744, 302, 'N', 35, '2020-07-20 07:03:55', '2020-07-20 07:03:55'),
(1745, 302, 'N', 37, '2020-07-20 07:03:55', '2020-07-20 07:03:55'),
(1746, 302, 'N', 38, '2020-07-20 07:03:55', '2020-07-20 07:03:55'),
(1747, 303, 'N', 28, '2020-07-20 07:06:51', '2020-07-20 07:06:51'),
(1748, 303, 'N', 29, '2020-07-20 07:06:51', '2020-07-20 07:06:51'),
(1749, 303, 'N', 30, '2020-07-20 07:06:51', '2020-07-20 07:06:51'),
(1750, 303, 'N', 34, '2020-07-20 07:06:51', '2020-07-20 07:06:51'),
(1751, 303, 'N', 35, '2020-07-20 07:06:51', '2020-07-20 07:06:51'),
(1752, 303, 'N', 37, '2020-07-20 07:06:51', '2020-07-20 07:06:51'),
(1753, 303, 'N', 38, '2020-07-20 07:06:51', '2020-07-20 07:06:51'),
(1754, 303, 'N', 32, '2020-07-20 07:06:51', '2020-07-20 07:06:51'),
(1755, 304, 'N', 28, '2020-07-20 14:04:42', '2020-07-20 14:04:42'),
(1756, 304, 'N', 29, '2020-07-20 14:04:42', '2020-07-20 14:04:42'),
(1757, 304, 'N', 30, '2020-07-20 14:04:42', '2020-07-20 14:04:42'),
(1758, 304, 'N', 34, '2020-07-20 14:04:42', '2020-07-20 14:04:42'),
(1759, 304, 'N', 35, '2020-07-20 14:04:42', '2020-07-20 14:04:42'),
(1760, 304, 'N', 37, '2020-07-20 14:04:42', '2020-07-20 14:04:42'),
(1761, 304, 'N', 38, '2020-07-20 14:04:42', '2020-07-20 14:04:42'),
(1762, 305, 'N', 27, '2020-07-20 14:09:33', '2020-07-20 14:09:33'),
(1763, 305, 'N', 29, '2020-07-20 14:09:33', '2020-07-20 14:09:33'),
(1764, 305, 'N', 30, '2020-07-20 14:09:33', '2020-07-20 14:09:33'),
(1765, 305, 'N', 34, '2020-07-20 14:09:33', '2020-07-20 14:09:33'),
(1766, 305, 'N', 35, '2020-07-20 14:09:33', '2020-07-20 14:09:33'),
(1767, 305, 'N', 37, '2020-07-20 14:09:33', '2020-07-20 14:09:33'),
(1768, 305, 'N', 38, '2020-07-20 14:09:33', '2020-07-20 14:09:33'),
(1769, 305, 'N', 31, '2020-07-20 14:09:33', '2020-07-20 14:09:33'),
(1770, 306, 'N', 27, '2020-07-21 00:29:18', '2020-07-21 00:29:18'),
(1771, 306, 'N', 28, '2020-07-21 00:29:18', '2020-07-21 00:29:18'),
(1772, 306, 'N', 30, '2020-07-21 00:29:18', '2020-07-21 00:29:18'),
(1773, 306, 'N', 34, '2020-07-21 00:29:18', '2020-07-21 00:29:18'),
(1774, 306, 'N', 35, '2020-07-21 00:29:18', '2020-07-21 00:29:18'),
(1775, 306, 'N', 37, '2020-07-21 00:29:18', '2020-07-21 00:29:18'),
(1776, 306, 'N', 38, '2020-07-21 00:29:18', '2020-07-21 00:29:18'),
(1777, 306, 'N', 33, '2020-07-21 00:29:18', '2020-07-21 00:29:18'),
(1778, 307, 'N', 27, '2020-07-21 00:29:23', '2020-07-21 00:29:23'),
(1779, 307, 'N', 28, '2020-07-21 00:29:23', '2020-07-21 00:29:23'),
(1780, 307, 'N', 30, '2020-07-21 00:29:23', '2020-07-21 00:29:23'),
(1781, 307, 'N', 34, '2020-07-21 00:29:23', '2020-07-21 00:29:23'),
(1782, 307, 'N', 35, '2020-07-21 00:29:23', '2020-07-21 00:29:23'),
(1783, 307, 'N', 37, '2020-07-21 00:29:23', '2020-07-21 00:29:23'),
(1784, 307, 'N', 38, '2020-07-21 00:29:23', '2020-07-21 00:29:23'),
(1785, 308, 'N', 27, '2020-07-21 00:41:23', '2020-07-21 00:41:23'),
(1786, 308, 'N', 28, '2020-07-21 00:41:23', '2020-07-21 00:41:23'),
(1787, 308, 'N', 29, '2020-07-21 00:41:23', '2020-07-21 00:41:23'),
(1788, 308, 'N', 30, '2020-07-21 00:41:23', '2020-07-21 00:41:23'),
(1789, 308, 'N', 34, '2020-07-21 00:41:23', '2020-07-21 00:41:23'),
(1790, 308, 'N', 35, '2020-07-21 00:41:23', '2020-07-21 00:41:23'),
(1791, 308, 'N', 37, '2020-07-21 00:41:23', '2020-07-21 00:41:23'),
(1821, 313, 'N', 28, '2020-07-22 07:03:44', '2020-07-22 07:03:44'),
(1822, 313, 'N', 29, '2020-07-22 07:03:44', '2020-07-22 07:03:44'),
(1823, 313, 'N', 30, '2020-07-22 07:03:44', '2020-07-22 07:03:44'),
(1824, 313, 'N', 34, '2020-07-22 07:03:44', '2020-07-22 07:03:44'),
(1825, 313, 'N', 35, '2020-07-22 07:03:44', '2020-07-22 07:03:44'),
(1826, 313, 'N', 37, '2020-07-22 07:03:44', '2020-07-22 07:03:44'),
(1827, 313, 'N', 38, '2020-07-22 07:03:44', '2020-07-22 07:03:44'),
(1828, 313, 'N', 31, '2020-07-22 07:03:44', '2020-07-22 07:03:44'),
(1829, 314, 'N', 27, '2020-07-22 07:16:45', '2020-07-22 07:16:45'),
(1830, 314, 'N', 28, '2020-07-22 07:16:45', '2020-07-22 07:16:45'),
(1831, 314, 'N', 30, '2020-07-22 07:16:45', '2020-07-22 07:16:45'),
(1832, 314, 'N', 34, '2020-07-22 07:16:45', '2020-07-22 07:16:45'),
(1833, 314, 'N', 35, '2020-07-22 07:16:45', '2020-07-22 07:16:45'),
(1834, 314, 'N', 37, '2020-07-22 07:16:45', '2020-07-22 07:16:45'),
(1835, 314, 'N', 38, '2020-07-22 07:16:45', '2020-07-22 07:16:45'),
(1836, 315, 'N', 27, '2020-07-22 07:17:05', '2020-07-22 07:17:05'),
(1837, 315, 'N', 28, '2020-07-22 07:17:05', '2020-07-22 07:17:05'),
(1838, 315, 'N', 30, '2020-07-22 07:17:05', '2020-07-22 07:17:05'),
(1839, 315, 'N', 34, '2020-07-22 07:17:05', '2020-07-22 07:17:05'),
(1840, 315, 'N', 35, '2020-07-22 07:17:05', '2020-07-22 07:17:05'),
(1841, 315, 'N', 37, '2020-07-22 07:17:05', '2020-07-22 07:17:05'),
(1842, 315, 'N', 38, '2020-07-22 07:17:05', '2020-07-22 07:17:05'),
(1843, 316, 'N', 27, '2020-07-22 08:16:37', '2020-07-22 08:16:37'),
(1844, 316, 'N', 28, '2020-07-22 08:16:37', '2020-07-22 08:16:37'),
(1845, 316, 'N', 29, '2020-07-22 08:16:37', '2020-07-22 08:16:37'),
(1846, 316, 'N', 30, '2020-07-22 08:16:37', '2020-07-22 08:16:37'),
(1847, 316, 'N', 34, '2020-07-22 08:16:37', '2020-07-22 08:16:37'),
(1848, 316, 'N', 35, '2020-07-22 08:16:37', '2020-07-22 08:16:37'),
(1849, 316, 'N', 37, '2020-07-22 08:16:37', '2020-07-22 08:16:37'),
(1850, 316, 'N', 32, '2020-07-22 08:16:37', '2020-07-22 08:16:37'),
(1851, 317, 'N', 27, '2020-07-22 08:17:20', '2020-07-22 08:17:20'),
(1852, 317, 'N', 28, '2020-07-22 08:17:20', '2020-07-22 08:17:20'),
(1853, 317, 'N', 29, '2020-07-22 08:17:20', '2020-07-22 08:17:20'),
(1854, 317, 'N', 30, '2020-07-22 08:17:20', '2020-07-22 08:17:20'),
(1855, 317, 'N', 34, '2020-07-22 08:17:20', '2020-07-22 08:17:20'),
(1856, 317, 'N', 35, '2020-07-22 08:17:20', '2020-07-22 08:17:20'),
(1857, 317, 'N', 37, '2020-07-22 08:17:20', '2020-07-22 08:17:20'),
(1858, 317, 'N', 32, '2020-07-22 08:17:20', '2020-07-22 08:17:20'),
(1859, 318, 'N', 27, '2020-07-22 09:21:00', '2020-07-22 09:21:00'),
(1860, 318, 'N', 28, '2020-07-22 09:21:00', '2020-07-22 09:21:00'),
(1861, 318, 'N', 30, '2020-07-22 09:21:00', '2020-07-22 09:21:00'),
(1862, 318, 'N', 34, '2020-07-22 09:21:00', '2020-07-22 09:21:00'),
(1863, 318, 'N', 35, '2020-07-22 09:21:00', '2020-07-22 09:21:00'),
(1864, 318, 'N', 37, '2020-07-22 09:21:00', '2020-07-22 09:21:00'),
(1865, 318, 'N', 38, '2020-07-22 09:21:00', '2020-07-22 09:21:00'),
(1866, 319, 'N', 27, '2020-07-24 04:12:23', '2020-07-24 04:12:23'),
(1867, 319, 'N', 28, '2020-07-24 04:12:23', '2020-07-24 04:12:23'),
(1868, 319, 'N', 29, '2020-07-24 04:12:23', '2020-07-24 04:12:23'),
(1869, 319, 'N', 30, '2020-07-24 04:12:23', '2020-07-24 04:12:23'),
(1870, 319, 'N', 34, '2020-07-24 04:12:23', '2020-07-24 04:12:23'),
(1871, 319, 'N', 35, '2020-07-24 04:12:23', '2020-07-24 04:12:23'),
(1872, 319, 'N', 37, '2020-07-24 04:12:23', '2020-07-24 04:12:23'),
(1873, 319, 'N', 31, '2020-07-24 04:12:23', '2020-07-24 04:12:23'),
(1874, 320, 'N', 27, '2020-07-24 08:06:38', '2020-07-24 08:06:38'),
(1875, 320, 'N', 28, '2020-07-24 08:06:38', '2020-07-24 08:06:38'),
(1876, 320, 'N', 29, '2020-07-24 08:06:38', '2020-07-24 08:06:38'),
(1877, 320, 'N', 30, '2020-07-24 08:06:38', '2020-07-24 08:06:38'),
(1878, 320, 'N', 34, '2020-07-24 08:06:38', '2020-07-24 08:06:38'),
(1879, 320, 'N', 35, '2020-07-24 08:06:38', '2020-07-24 08:06:38'),
(1880, 320, 'N', 37, '2020-07-24 08:06:38', '2020-07-24 08:06:38'),
(1881, 320, 'N', 31, '2020-07-24 08:06:38', '2020-07-24 08:06:38'),
(1882, 321, 'N', 27, '2020-07-24 09:53:01', '2020-07-24 09:53:01'),
(1883, 321, 'N', 28, '2020-07-24 09:53:01', '2020-07-24 09:53:01'),
(1884, 321, 'N', 30, '2020-07-24 09:53:01', '2020-07-24 09:53:01'),
(1885, 321, 'N', 34, '2020-07-24 09:53:01', '2020-07-24 09:53:01'),
(1886, 321, 'N', 35, '2020-07-24 09:53:01', '2020-07-24 09:53:01'),
(1887, 321, 'N', 37, '2020-07-24 09:53:01', '2020-07-24 09:53:01'),
(1888, 321, 'N', 38, '2020-07-24 09:53:01', '2020-07-24 09:53:01'),
(1889, 322, 'N', 27, '2020-07-24 09:53:09', '2020-07-24 09:53:09'),
(1890, 322, 'N', 28, '2020-07-24 09:53:09', '2020-07-24 09:53:09'),
(1891, 322, 'N', 30, '2020-07-24 09:53:09', '2020-07-24 09:53:09'),
(1892, 322, 'N', 34, '2020-07-24 09:53:09', '2020-07-24 09:53:09'),
(1893, 322, 'N', 35, '2020-07-24 09:53:09', '2020-07-24 09:53:09'),
(1894, 322, 'N', 37, '2020-07-24 09:53:09', '2020-07-24 09:53:09'),
(1895, 322, 'N', 38, '2020-07-24 09:53:09', '2020-07-24 09:53:09'),
(1896, 323, 'N', 27, '2020-07-25 14:59:02', '2020-07-25 14:59:02'),
(1897, 323, 'N', 28, '2020-07-25 14:59:02', '2020-07-25 14:59:02'),
(1898, 323, 'N', 30, '2020-07-25 14:59:02', '2020-07-25 14:59:02'),
(1899, 323, 'N', 34, '2020-07-25 14:59:02', '2020-07-25 14:59:02'),
(1900, 323, 'N', 35, '2020-07-25 14:59:02', '2020-07-25 14:59:02'),
(1901, 323, 'N', 37, '2020-07-25 14:59:02', '2020-07-25 14:59:02'),
(1902, 323, 'N', 38, '2020-07-25 14:59:02', '2020-07-25 14:59:02'),
(1903, 324, 'N', 27, '2020-07-26 06:37:02', '2020-07-26 06:37:02'),
(1904, 324, 'N', 28, '2020-07-26 06:37:02', '2020-07-26 06:37:02'),
(1905, 324, 'N', 30, '2020-07-26 06:37:02', '2020-07-26 06:37:02'),
(1906, 324, 'N', 34, '2020-07-26 06:37:02', '2020-07-26 06:37:02'),
(1907, 324, 'N', 35, '2020-07-26 06:37:02', '2020-07-26 06:37:02'),
(1908, 324, 'N', 37, '2020-07-26 06:37:02', '2020-07-26 06:37:02'),
(1909, 324, 'N', 38, '2020-07-26 06:37:02', '2020-07-26 06:37:02'),
(1910, 325, 'N', 27, '2020-07-27 05:15:44', '2020-07-27 05:15:44'),
(1911, 325, 'N', 28, '2020-07-27 05:15:44', '2020-07-27 05:15:44'),
(1912, 325, 'N', 29, '2020-07-27 05:15:44', '2020-07-27 05:15:44'),
(1913, 325, 'N', 30, '2020-07-27 05:15:44', '2020-07-27 05:15:44'),
(1914, 325, 'N', 34, '2020-07-27 05:15:44', '2020-07-27 05:15:44'),
(1915, 325, 'N', 35, '2020-07-27 05:15:44', '2020-07-27 05:15:44'),
(1916, 325, 'N', 37, '2020-07-27 05:15:44', '2020-07-27 05:15:44'),
(1917, 325, 'N', 32, '2020-07-27 05:15:44', '2020-07-27 05:15:44'),
(1918, 326, 'N', 27, '2020-07-27 05:16:49', '2020-07-27 05:16:49'),
(1919, 326, 'N', 28, '2020-07-27 05:16:49', '2020-07-27 05:16:49'),
(1920, 326, 'N', 29, '2020-07-27 05:16:49', '2020-07-27 05:16:49'),
(1921, 326, 'N', 30, '2020-07-27 05:16:49', '2020-07-27 05:16:49'),
(1922, 326, 'N', 34, '2020-07-27 05:16:49', '2020-07-27 05:16:49'),
(1923, 326, 'N', 35, '2020-07-27 05:16:49', '2020-07-27 05:16:49'),
(1924, 326, 'N', 37, '2020-07-27 05:16:49', '2020-07-27 05:16:49'),
(1925, 326, 'N', 32, '2020-07-27 05:16:49', '2020-07-27 05:16:49'),
(1926, 327, 'N', 27, '2020-07-27 06:01:20', '2020-07-27 06:01:20'),
(1927, 327, 'N', 28, '2020-07-27 06:01:20', '2020-07-27 06:01:20'),
(1928, 327, 'N', 30, '2020-07-27 06:01:20', '2020-07-27 06:01:20'),
(1929, 327, 'N', 34, '2020-07-27 06:01:20', '2020-07-27 06:01:20'),
(1930, 327, 'N', 35, '2020-07-27 06:01:20', '2020-07-27 06:01:20'),
(1931, 327, 'N', 37, '2020-07-27 06:01:20', '2020-07-27 06:01:20'),
(1932, 327, 'R', 38, '2020-07-28 01:08:41', '2020-07-27 06:01:20'),
(1933, 327, 'N', 32, '2020-07-27 06:01:20', '2020-07-27 06:01:20'),
(1934, 328, 'N', 27, '2020-07-28 06:41:05', '2020-07-28 06:41:05'),
(1935, 328, 'N', 28, '2020-07-28 06:41:05', '2020-07-28 06:41:05'),
(1936, 328, 'N', 30, '2020-07-28 06:41:05', '2020-07-28 06:41:05'),
(1937, 328, 'N', 34, '2020-07-28 06:41:05', '2020-07-28 06:41:05'),
(1938, 328, 'N', 35, '2020-07-28 06:41:05', '2020-07-28 06:41:05'),
(1939, 328, 'N', 37, '2020-07-28 06:41:05', '2020-07-28 06:41:05'),
(1940, 328, 'N', 38, '2020-07-28 06:41:05', '2020-07-28 06:41:05'),
(1941, 329, 'N', 27, '2020-08-04 08:59:56', '2020-08-04 08:59:56'),
(1942, 329, 'N', 28, '2020-08-04 08:59:56', '2020-08-04 08:59:56'),
(1943, 329, 'N', 29, '2020-08-04 08:59:56', '2020-08-04 08:59:56'),
(1944, 329, 'N', 30, '2020-08-04 08:59:56', '2020-08-04 08:59:56'),
(1945, 329, 'N', 34, '2020-08-04 08:59:56', '2020-08-04 08:59:56'),
(1946, 329, 'N', 35, '2020-08-04 08:59:56', '2020-08-04 08:59:56'),
(1947, 329, 'N', 37, '2020-08-04 08:59:56', '2020-08-04 08:59:56'),
(1948, 330, 'N', 27, '2020-08-06 02:53:42', '2020-08-06 02:53:42'),
(1949, 330, 'N', 28, '2020-08-06 02:53:42', '2020-08-06 02:53:42'),
(1950, 330, 'N', 29, '2020-08-06 02:53:42', '2020-08-06 02:53:42'),
(1951, 330, 'N', 30, '2020-08-06 02:53:42', '2020-08-06 02:53:42'),
(1952, 330, 'N', 34, '2020-08-06 02:53:42', '2020-08-06 02:53:42'),
(1953, 330, 'N', 35, '2020-08-06 02:53:42', '2020-08-06 02:53:42'),
(1954, 330, 'N', 37, '2020-08-06 02:53:42', '2020-08-06 02:53:42'),
(1955, 331, 'N', 27, '2020-08-07 02:57:01', '2020-08-07 02:57:01'),
(1956, 331, 'N', 28, '2020-08-07 02:57:01', '2020-08-07 02:57:01'),
(1957, 331, 'N', 30, '2020-08-07 02:57:01', '2020-08-07 02:57:01'),
(1958, 331, 'N', 34, '2020-08-07 02:57:01', '2020-08-07 02:57:01'),
(1959, 331, 'N', 35, '2020-08-07 02:57:01', '2020-08-07 02:57:01'),
(1960, 331, 'N', 37, '2020-08-07 02:57:01', '2020-08-07 02:57:01'),
(1961, 331, 'N', 38, '2020-08-07 02:57:01', '2020-08-07 02:57:01'),
(1962, 332, 'N', 27, '2020-08-07 03:12:59', '2020-08-07 03:12:59'),
(1963, 332, 'N', 28, '2020-08-07 03:12:59', '2020-08-07 03:12:59'),
(1964, 332, 'N', 29, '2020-08-07 03:12:59', '2020-08-07 03:12:59'),
(1965, 332, 'N', 30, '2020-08-07 03:12:59', '2020-08-07 03:12:59'),
(1966, 332, 'N', 34, '2020-08-07 03:12:59', '2020-08-07 03:12:59'),
(1967, 332, 'N', 35, '2020-08-07 03:12:59', '2020-08-07 03:12:59'),
(1968, 332, 'N', 37, '2020-08-07 03:12:59', '2020-08-07 03:12:59'),
(1969, 332, 'N', 33, '2020-08-07 03:12:59', '2020-08-07 03:12:59'),
(1970, 333, 'N', 27, '2020-08-11 11:34:45', '2020-08-11 11:34:45'),
(1971, 333, 'N', 28, '2020-08-11 11:34:45', '2020-08-11 11:34:45'),
(1972, 333, 'N', 30, '2020-08-11 11:34:45', '2020-08-11 11:34:45'),
(1973, 333, 'N', 34, '2020-08-11 11:34:45', '2020-08-11 11:34:45'),
(1974, 333, 'N', 35, '2020-08-11 11:34:45', '2020-08-11 11:34:45'),
(1975, 333, 'N', 37, '2020-08-11 11:34:45', '2020-08-11 11:34:45'),
(1976, 333, 'N', 38, '2020-08-11 11:34:45', '2020-08-11 11:34:45'),
(1977, 334, 'N', 27, '2020-08-12 02:04:17', '2020-08-12 02:04:17'),
(1978, 334, 'N', 29, '2020-08-12 02:04:17', '2020-08-12 02:04:17'),
(1979, 334, 'N', 30, '2020-08-12 02:04:17', '2020-08-12 02:04:17'),
(1980, 334, 'N', 34, '2020-08-12 02:04:17', '2020-08-12 02:04:17'),
(1981, 334, 'N', 35, '2020-08-12 02:04:17', '2020-08-12 02:04:17'),
(1982, 334, 'N', 37, '2020-08-12 02:04:17', '2020-08-12 02:04:17'),
(1983, 334, 'N', 38, '2020-08-12 02:04:17', '2020-08-12 02:04:17'),
(1984, 335, 'N', 27, '2020-08-12 04:50:04', '2020-08-12 04:50:04'),
(1985, 335, 'N', 28, '2020-08-12 04:50:04', '2020-08-12 04:50:04'),
(1986, 335, 'N', 30, '2020-08-12 04:50:04', '2020-08-12 04:50:04'),
(1987, 335, 'N', 34, '2020-08-12 04:50:04', '2020-08-12 04:50:04'),
(1988, 335, 'N', 35, '2020-08-12 04:50:04', '2020-08-12 04:50:04'),
(1989, 335, 'N', 37, '2020-08-12 04:50:04', '2020-08-12 04:50:04'),
(1990, 335, 'N', 38, '2020-08-12 04:50:04', '2020-08-12 04:50:04'),
(1991, 336, 'N', 27, '2020-08-12 11:08:58', '2020-08-12 11:08:58'),
(1992, 336, 'N', 28, '2020-08-12 11:08:58', '2020-08-12 11:08:58'),
(1993, 336, 'N', 29, '2020-08-12 11:08:58', '2020-08-12 11:08:58'),
(1994, 336, 'N', 30, '2020-08-12 11:08:58', '2020-08-12 11:08:58'),
(1995, 336, 'N', 34, '2020-08-12 11:08:58', '2020-08-12 11:08:58'),
(1996, 336, 'N', 35, '2020-08-12 11:08:58', '2020-08-12 11:08:58'),
(1997, 336, 'N', 37, '2020-08-12 11:08:58', '2020-08-12 11:08:58'),
(1998, 337, 'N', 27, '2020-08-13 02:32:53', '2020-08-13 02:32:53'),
(1999, 337, 'N', 28, '2020-08-13 02:32:53', '2020-08-13 02:32:53'),
(2000, 337, 'N', 29, '2020-08-13 02:32:53', '2020-08-13 02:32:53'),
(2001, 337, 'N', 30, '2020-08-13 02:32:53', '2020-08-13 02:32:53'),
(2002, 337, 'N', 34, '2020-08-13 02:32:53', '2020-08-13 02:32:53'),
(2003, 337, 'N', 35, '2020-08-13 02:32:53', '2020-08-13 02:32:53'),
(2004, 337, 'N', 37, '2020-08-13 02:32:53', '2020-08-13 02:32:53'),
(2005, 337, 'N', 33, '2020-08-13 02:32:53', '2020-08-13 02:32:53'),
(2006, 338, 'N', 27, '2020-08-15 02:59:15', '2020-08-15 02:59:15'),
(2007, 338, 'N', 28, '2020-08-15 02:59:15', '2020-08-15 02:59:15'),
(2008, 338, 'N', 29, '2020-08-15 02:59:15', '2020-08-15 02:59:15'),
(2009, 338, 'N', 30, '2020-08-15 02:59:15', '2020-08-15 02:59:15'),
(2010, 338, 'N', 34, '2020-08-15 02:59:15', '2020-08-15 02:59:15'),
(2011, 338, 'N', 35, '2020-08-15 02:59:15', '2020-08-15 02:59:15'),
(2012, 338, 'N', 37, '2020-08-15 02:59:15', '2020-08-15 02:59:15'),
(2013, 339, 'N', 27, '2020-08-15 07:18:34', '2020-08-15 07:18:34'),
(2014, 339, 'N', 28, '2020-08-15 07:18:34', '2020-08-15 07:18:34'),
(2015, 339, 'N', 30, '2020-08-15 07:18:34', '2020-08-15 07:18:34'),
(2016, 339, 'N', 34, '2020-08-15 07:18:34', '2020-08-15 07:18:34'),
(2017, 339, 'N', 35, '2020-08-15 07:18:34', '2020-08-15 07:18:34'),
(2018, 339, 'N', 37, '2020-08-15 07:18:34', '2020-08-15 07:18:34'),
(2019, 339, 'N', 38, '2020-08-15 07:18:34', '2020-08-15 07:18:34'),
(2020, 340, 'N', 27, '2020-08-15 07:19:00', '2020-08-15 07:19:00'),
(2021, 340, 'N', 28, '2020-08-15 07:19:00', '2020-08-15 07:19:00'),
(2022, 340, 'N', 30, '2020-08-15 07:19:00', '2020-08-15 07:19:00'),
(2023, 340, 'N', 34, '2020-08-15 07:19:00', '2020-08-15 07:19:00'),
(2024, 340, 'N', 35, '2020-08-15 07:19:00', '2020-08-15 07:19:00'),
(2025, 340, 'N', 37, '2020-08-15 07:19:00', '2020-08-15 07:19:00'),
(2026, 340, 'N', 38, '2020-08-15 07:19:00', '2020-08-15 07:19:00'),
(2027, 341, 'N', 27, '2020-08-15 07:26:53', '2020-08-15 07:26:53'),
(2028, 341, 'N', 28, '2020-08-15 07:26:53', '2020-08-15 07:26:53'),
(2029, 341, 'N', 30, '2020-08-15 07:26:53', '2020-08-15 07:26:53'),
(2030, 341, 'N', 34, '2020-08-15 07:26:53', '2020-08-15 07:26:53'),
(2031, 341, 'N', 35, '2020-08-15 07:26:53', '2020-08-15 07:26:53'),
(2032, 341, 'N', 37, '2020-08-15 07:26:53', '2020-08-15 07:26:53'),
(2033, 341, 'N', 38, '2020-08-15 07:26:53', '2020-08-15 07:26:53'),
(2034, 342, 'N', 27, '2020-08-15 07:27:15', '2020-08-15 07:27:15'),
(2035, 342, 'N', 28, '2020-08-15 07:27:15', '2020-08-15 07:27:15'),
(2036, 342, 'N', 30, '2020-08-15 07:27:15', '2020-08-15 07:27:15'),
(2037, 342, 'N', 34, '2020-08-15 07:27:15', '2020-08-15 07:27:15'),
(2038, 342, 'N', 35, '2020-08-15 07:27:15', '2020-08-15 07:27:15'),
(2039, 342, 'N', 37, '2020-08-15 07:27:15', '2020-08-15 07:27:15'),
(2040, 342, 'N', 38, '2020-08-15 07:27:15', '2020-08-15 07:27:15'),
(2041, 343, 'N', 28, '2020-08-15 11:22:02', '2020-08-15 11:22:02'),
(2042, 343, 'N', 29, '2020-08-15 11:22:02', '2020-08-15 11:22:02'),
(2043, 343, 'N', 30, '2020-08-15 11:22:02', '2020-08-15 11:22:02'),
(2044, 343, 'N', 34, '2020-08-15 11:22:02', '2020-08-15 11:22:02'),
(2045, 343, 'N', 35, '2020-08-15 11:22:02', '2020-08-15 11:22:02'),
(2046, 343, 'N', 37, '2020-08-15 11:22:02', '2020-08-15 11:22:02'),
(2047, 343, 'N', 38, '2020-08-15 11:22:02', '2020-08-15 11:22:02'),
(2048, 343, 'N', 33, '2020-08-15 11:22:02', '2020-08-15 11:22:02'),
(2049, 344, 'N', 28, '2020-08-15 11:41:16', '2020-08-15 11:41:16'),
(2050, 344, 'N', 29, '2020-08-15 11:41:16', '2020-08-15 11:41:16'),
(2051, 344, 'N', 30, '2020-08-15 11:41:16', '2020-08-15 11:41:16'),
(2052, 344, 'N', 34, '2020-08-15 11:41:16', '2020-08-15 11:41:16'),
(2053, 344, 'N', 35, '2020-08-15 11:41:16', '2020-08-15 11:41:16'),
(2054, 344, 'N', 37, '2020-08-15 11:41:16', '2020-08-15 11:41:16'),
(2055, 344, 'N', 38, '2020-08-15 11:41:16', '2020-08-15 11:41:16'),
(2056, 344, 'N', 32, '2020-08-15 11:41:16', '2020-08-15 11:41:16'),
(2057, 345, 'N', 28, '2020-08-16 02:09:35', '2020-08-16 02:09:35'),
(2058, 345, 'N', 29, '2020-08-16 02:09:35', '2020-08-16 02:09:35'),
(2059, 345, 'N', 30, '2020-08-16 02:09:35', '2020-08-16 02:09:35'),
(2060, 345, 'N', 34, '2020-08-16 02:09:35', '2020-08-16 02:09:35'),
(2061, 345, 'N', 35, '2020-08-16 02:09:35', '2020-08-16 02:09:35'),
(2062, 345, 'N', 37, '2020-08-16 02:09:35', '2020-08-16 02:09:35'),
(2063, 345, 'N', 38, '2020-08-16 02:09:35', '2020-08-16 02:09:35'),
(2064, 345, 'N', 31, '2020-08-16 02:09:35', '2020-08-16 02:09:35'),
(2065, 346, 'N', 28, '2020-08-16 05:43:22', '2020-08-16 05:43:22'),
(2066, 346, 'N', 29, '2020-08-16 05:43:22', '2020-08-16 05:43:22'),
(2067, 346, 'N', 30, '2020-08-16 05:43:22', '2020-08-16 05:43:22'),
(2068, 346, 'N', 34, '2020-08-16 05:43:22', '2020-08-16 05:43:22'),
(2069, 346, 'N', 35, '2020-08-16 05:43:22', '2020-08-16 05:43:22'),
(2070, 346, 'N', 37, '2020-08-16 05:43:22', '2020-08-16 05:43:22'),
(2071, 346, 'N', 38, '2020-08-16 05:43:22', '2020-08-16 05:43:22'),
(2072, 347, 'N', 28, '2020-08-16 05:47:37', '2020-08-16 05:47:37'),
(2073, 347, 'N', 29, '2020-08-16 05:47:37', '2020-08-16 05:47:37'),
(2074, 347, 'N', 30, '2020-08-16 05:47:37', '2020-08-16 05:47:37'),
(2075, 347, 'N', 34, '2020-08-16 05:47:37', '2020-08-16 05:47:37'),
(2076, 347, 'N', 35, '2020-08-16 05:47:37', '2020-08-16 05:47:37'),
(2077, 347, 'R', 37, '2020-08-18 12:52:23', '2020-08-16 05:47:37'),
(2078, 347, 'N', 38, '2020-08-16 05:47:37', '2020-08-16 05:47:37'),
(2079, 348, 'N', 27, '2020-08-17 04:23:25', '2020-08-17 04:23:25'),
(2080, 348, 'N', 28, '2020-08-17 04:23:25', '2020-08-17 04:23:25'),
(2081, 348, 'N', 30, '2020-08-17 04:23:25', '2020-08-17 04:23:25'),
(2082, 348, 'N', 34, '2020-08-17 04:23:25', '2020-08-17 04:23:25'),
(2083, 348, 'N', 35, '2020-08-17 04:23:25', '2020-08-17 04:23:25'),
(2084, 348, 'N', 37, '2020-08-17 04:23:25', '2020-08-17 04:23:25'),
(2085, 348, 'N', 38, '2020-08-17 04:23:25', '2020-08-17 04:23:25'),
(2086, 349, 'N', 27, '2020-08-18 05:47:32', '2020-08-18 05:47:32'),
(2087, 349, 'N', 28, '2020-08-18 05:47:32', '2020-08-18 05:47:32'),
(2088, 349, 'N', 29, '2020-08-18 05:47:32', '2020-08-18 05:47:32'),
(2089, 349, 'N', 30, '2020-08-18 05:47:32', '2020-08-18 05:47:32'),
(2090, 349, 'N', 34, '2020-08-18 05:47:32', '2020-08-18 05:47:32'),
(2091, 349, 'N', 35, '2020-08-18 05:47:32', '2020-08-18 05:47:32'),
(2092, 349, 'N', 37, '2020-08-18 05:47:32', '2020-08-18 05:47:32'),
(2093, 349, 'N', 33, '2020-08-18 05:47:32', '2020-08-18 05:47:32'),
(2094, 350, 'N', 27, '2020-08-18 05:53:04', '2020-08-18 05:53:04'),
(2095, 350, 'N', 28, '2020-08-18 05:53:04', '2020-08-18 05:53:04'),
(2096, 350, 'N', 30, '2020-08-18 05:53:04', '2020-08-18 05:53:04'),
(2097, 350, 'N', 34, '2020-08-18 05:53:04', '2020-08-18 05:53:04'),
(2098, 350, 'N', 35, '2020-08-18 05:53:04', '2020-08-18 05:53:04'),
(2099, 350, 'N', 37, '2020-08-18 05:53:04', '2020-08-18 05:53:04'),
(2100, 350, 'N', 38, '2020-08-18 05:53:04', '2020-08-18 05:53:04'),
(2101, 350, 'N', 33, '2020-08-18 05:53:04', '2020-08-18 05:53:04'),
(2102, 351, 'N', 27, '2020-08-18 11:47:34', '2020-08-18 11:47:34'),
(2103, 351, 'N', 28, '2020-08-18 11:47:34', '2020-08-18 11:47:34'),
(2104, 351, 'N', 29, '2020-08-18 11:47:34', '2020-08-18 11:47:34'),
(2105, 351, 'N', 30, '2020-08-18 11:47:34', '2020-08-18 11:47:34'),
(2106, 351, 'N', 34, '2020-08-18 11:47:34', '2020-08-18 11:47:34'),
(2107, 351, 'N', 35, '2020-08-18 11:47:34', '2020-08-18 11:47:34'),
(2108, 351, 'N', 37, '2020-08-18 11:47:34', '2020-08-18 11:47:34'),
(2109, 351, 'N', 31, '2020-08-18 11:47:34', '2020-08-18 11:47:34'),
(2110, 352, 'N', 27, '2020-08-18 11:48:02', '2020-08-18 11:48:02'),
(2111, 352, 'N', 28, '2020-08-18 11:48:02', '2020-08-18 11:48:02'),
(2112, 352, 'N', 29, '2020-08-18 11:48:02', '2020-08-18 11:48:02'),
(2113, 352, 'N', 30, '2020-08-18 11:48:02', '2020-08-18 11:48:02'),
(2114, 352, 'N', 34, '2020-08-18 11:48:02', '2020-08-18 11:48:02'),
(2115, 352, 'N', 35, '2020-08-18 11:48:02', '2020-08-18 11:48:02'),
(2116, 352, 'R', 37, '2020-08-18 12:54:40', '2020-08-18 11:48:02'),
(2117, 352, 'N', 32, '2020-08-18 11:48:02', '2020-08-18 11:48:02'),
(2118, 353, 'N', 27, '2020-08-18 11:48:18', '2020-08-18 11:48:18'),
(2119, 353, 'N', 28, '2020-08-18 11:48:18', '2020-08-18 11:48:18'),
(2120, 353, 'N', 29, '2020-08-18 11:48:18', '2020-08-18 11:48:18'),
(2121, 353, 'N', 30, '2020-08-18 11:48:18', '2020-08-18 11:48:18'),
(2122, 353, 'N', 34, '2020-08-18 11:48:18', '2020-08-18 11:48:18'),
(2123, 353, 'N', 35, '2020-08-18 11:48:18', '2020-08-18 11:48:18'),
(2124, 353, 'N', 37, '2020-08-18 11:48:18', '2020-08-18 11:48:18'),
(2125, 353, 'N', 32, '2020-08-18 11:48:18', '2020-08-18 11:48:18'),
(2126, 354, 'N', 27, '2020-08-18 13:06:53', '2020-08-18 13:06:53'),
(2127, 354, 'N', 28, '2020-08-18 13:06:53', '2020-08-18 13:06:53'),
(2128, 354, 'N', 30, '2020-08-18 13:06:53', '2020-08-18 13:06:53'),
(2129, 354, 'N', 34, '2020-08-18 13:06:53', '2020-08-18 13:06:53'),
(2130, 354, 'N', 35, '2020-08-18 13:06:53', '2020-08-18 13:06:53'),
(2131, 354, 'R', 37, '2020-08-18 13:09:52', '2020-08-18 13:06:53'),
(2132, 354, 'N', 38, '2020-08-18 13:06:53', '2020-08-18 13:06:53'),
(2133, 355, 'N', 27, '2020-08-21 08:34:50', '2020-08-21 08:34:50'),
(2134, 355, 'N', 28, '2020-08-21 08:34:50', '2020-08-21 08:34:50'),
(2135, 355, 'N', 29, '2020-08-21 08:34:50', '2020-08-21 08:34:50'),
(2136, 355, 'N', 30, '2020-08-21 08:34:50', '2020-08-21 08:34:50'),
(2137, 355, 'N', 34, '2020-08-21 08:34:50', '2020-08-21 08:34:50'),
(2138, 355, 'N', 35, '2020-08-21 08:34:50', '2020-08-21 08:34:50'),
(2139, 355, 'N', 37, '2020-08-21 08:34:50', '2020-08-21 08:34:50'),
(2140, 356, 'N', 27, '2020-08-21 12:23:08', '2020-08-21 12:23:08'),
(2141, 356, 'N', 28, '2020-08-21 12:23:08', '2020-08-21 12:23:08'),
(2142, 356, 'N', 29, '2020-08-21 12:23:08', '2020-08-21 12:23:08'),
(2143, 356, 'N', 30, '2020-08-21 12:23:08', '2020-08-21 12:23:08'),
(2144, 356, 'N', 34, '2020-08-21 12:23:08', '2020-08-21 12:23:08'),
(2145, 356, 'N', 35, '2020-08-21 12:23:08', '2020-08-21 12:23:08'),
(2146, 356, 'N', 37, '2020-08-21 12:23:08', '2020-08-21 12:23:08'),
(2147, 357, 'N', 27, '2020-08-22 01:32:49', '2020-08-22 01:32:49'),
(2148, 357, 'N', 28, '2020-08-22 01:32:49', '2020-08-22 01:32:49'),
(2149, 357, 'N', 30, '2020-08-22 01:32:49', '2020-08-22 01:32:49'),
(2150, 357, 'N', 34, '2020-08-22 01:32:49', '2020-08-22 01:32:49'),
(2151, 357, 'N', 35, '2020-08-22 01:32:49', '2020-08-22 01:32:49'),
(2152, 357, 'N', 37, '2020-08-22 01:32:49', '2020-08-22 01:32:49'),
(2153, 357, 'N', 38, '2020-08-22 01:32:49', '2020-08-22 01:32:49'),
(2154, 358, 'N', 27, '2020-08-22 07:22:44', '2020-08-22 07:22:44'),
(2155, 358, 'N', 28, '2020-08-22 07:22:44', '2020-08-22 07:22:44'),
(2156, 358, 'N', 29, '2020-08-22 07:22:44', '2020-08-22 07:22:44'),
(2157, 358, 'N', 30, '2020-08-22 07:22:44', '2020-08-22 07:22:44'),
(2158, 358, 'N', 34, '2020-08-22 07:22:44', '2020-08-22 07:22:44'),
(2159, 358, 'N', 35, '2020-08-22 07:22:44', '2020-08-22 07:22:44'),
(2160, 358, 'N', 37, '2020-08-22 07:22:44', '2020-08-22 07:22:44'),
(2161, 358, 'N', 32, '2020-08-22 07:22:44', '2020-08-22 07:22:44'),
(2162, 359, 'N', 27, '2020-08-22 10:54:27', '2020-08-22 10:54:27'),
(2163, 359, 'N', 29, '2020-08-22 10:54:27', '2020-08-22 10:54:27'),
(2164, 359, 'N', 30, '2020-08-22 10:54:27', '2020-08-22 10:54:27'),
(2165, 359, 'N', 34, '2020-08-22 10:54:27', '2020-08-22 10:54:27'),
(2166, 359, 'N', 35, '2020-08-22 10:54:27', '2020-08-22 10:54:27'),
(2167, 359, 'N', 37, '2020-08-22 10:54:27', '2020-08-22 10:54:27'),
(2168, 359, 'N', 38, '2020-08-22 10:54:27', '2020-08-22 10:54:27'),
(2169, 360, 'N', 28, '2020-08-22 11:05:34', '2020-08-22 11:05:34'),
(2170, 360, 'N', 29, '2020-08-22 11:05:34', '2020-08-22 11:05:34'),
(2171, 360, 'N', 30, '2020-08-22 11:05:34', '2020-08-22 11:05:34'),
(2172, 360, 'N', 34, '2020-08-22 11:05:34', '2020-08-22 11:05:34'),
(2173, 360, 'N', 35, '2020-08-22 11:05:34', '2020-08-22 11:05:34'),
(2174, 360, 'N', 37, '2020-08-22 11:05:34', '2020-08-22 11:05:34'),
(2175, 360, 'N', 38, '2020-08-22 11:05:34', '2020-08-22 11:05:34'),
(2176, 360, 'N', 32, '2020-08-22 11:05:34', '2020-08-22 11:05:34'),
(2177, 361, 'N', 28, '2020-08-22 12:21:05', '2020-08-22 12:21:05'),
(2178, 361, 'N', 29, '2020-08-22 12:21:05', '2020-08-22 12:21:05'),
(2179, 361, 'N', 30, '2020-08-22 12:21:05', '2020-08-22 12:21:05'),
(2180, 361, 'N', 34, '2020-08-22 12:21:05', '2020-08-22 12:21:05'),
(2181, 361, 'N', 35, '2020-08-22 12:21:05', '2020-08-22 12:21:05'),
(2182, 361, 'N', 37, '2020-08-22 12:21:05', '2020-08-22 12:21:05'),
(2183, 361, 'N', 38, '2020-08-22 12:21:05', '2020-08-22 12:21:05'),
(2184, 362, 'N', 27, '2020-08-22 12:22:23', '2020-08-22 12:22:23'),
(2185, 362, 'N', 28, '2020-08-22 12:22:23', '2020-08-22 12:22:23'),
(2186, 362, 'N', 30, '2020-08-22 12:22:23', '2020-08-22 12:22:23'),
(2187, 362, 'N', 34, '2020-08-22 12:22:23', '2020-08-22 12:22:23'),
(2188, 362, 'N', 35, '2020-08-22 12:22:23', '2020-08-22 12:22:23'),
(2189, 362, 'R', 37, '2020-08-22 13:13:47', '2020-08-22 12:22:23'),
(2190, 362, 'N', 38, '2020-08-22 12:22:23', '2020-08-22 12:22:23'),
(2191, 362, 'N', 31, '2020-08-22 12:22:23', '2020-08-22 12:22:23'),
(2192, 363, 'N', 27, '2020-08-22 12:35:30', '2020-08-22 12:35:30'),
(2193, 363, 'N', 28, '2020-08-22 12:35:30', '2020-08-22 12:35:30'),
(2194, 363, 'N', 30, '2020-08-22 12:35:30', '2020-08-22 12:35:30'),
(2195, 363, 'N', 34, '2020-08-22 12:35:30', '2020-08-22 12:35:30'),
(2196, 363, 'N', 35, '2020-08-22 12:35:30', '2020-08-22 12:35:30'),
(2197, 363, 'N', 37, '2020-08-22 12:35:30', '2020-08-22 12:35:30'),
(2198, 363, 'N', 38, '2020-08-22 12:35:30', '2020-08-22 12:35:30'),
(2199, 364, 'N', 27, '2020-08-22 13:10:38', '2020-08-22 13:10:38'),
(2200, 364, 'N', 28, '2020-08-22 13:10:38', '2020-08-22 13:10:38'),
(2201, 364, 'N', 30, '2020-08-22 13:10:38', '2020-08-22 13:10:38'),
(2202, 364, 'N', 34, '2020-08-22 13:10:38', '2020-08-22 13:10:38'),
(2203, 364, 'N', 35, '2020-08-22 13:10:38', '2020-08-22 13:10:38'),
(2204, 364, 'N', 37, '2020-08-22 13:10:38', '2020-08-22 13:10:38'),
(2205, 364, 'N', 38, '2020-08-22 13:10:38', '2020-08-22 13:10:38'),
(2206, 365, 'N', 28, '2020-08-22 13:23:05', '2020-08-22 13:23:05'),
(2207, 365, 'N', 29, '2020-08-22 13:23:05', '2020-08-22 13:23:05'),
(2208, 365, 'N', 30, '2020-08-22 13:23:05', '2020-08-22 13:23:05'),
(2209, 365, 'N', 34, '2020-08-22 13:23:05', '2020-08-22 13:23:05'),
(2210, 365, 'N', 35, '2020-08-22 13:23:05', '2020-08-22 13:23:05'),
(2211, 365, 'N', 37, '2020-08-22 13:23:05', '2020-08-22 13:23:05'),
(2212, 365, 'N', 38, '2020-08-22 13:23:05', '2020-08-22 13:23:05'),
(2213, 366, 'N', 27, '2020-08-22 13:26:17', '2020-08-22 13:26:17'),
(2214, 366, 'N', 28, '2020-08-22 13:26:17', '2020-08-22 13:26:17'),
(2215, 366, 'N', 30, '2020-08-22 13:26:17', '2020-08-22 13:26:17'),
(2216, 366, 'N', 34, '2020-08-22 13:26:17', '2020-08-22 13:26:17'),
(2217, 366, 'N', 35, '2020-08-22 13:26:17', '2020-08-22 13:26:17'),
(2218, 366, 'N', 37, '2020-08-22 13:26:17', '2020-08-22 13:26:17'),
(2219, 366, 'N', 38, '2020-08-22 13:26:17', '2020-08-22 13:26:17'),
(2220, 367, 'N', 27, '2020-08-22 13:26:28', '2020-08-22 13:26:28'),
(2221, 367, 'N', 28, '2020-08-22 13:26:28', '2020-08-22 13:26:28'),
(2222, 367, 'N', 30, '2020-08-22 13:26:28', '2020-08-22 13:26:28'),
(2223, 367, 'N', 34, '2020-08-22 13:26:28', '2020-08-22 13:26:28'),
(2224, 367, 'N', 35, '2020-08-22 13:26:28', '2020-08-22 13:26:28'),
(2225, 367, 'N', 37, '2020-08-22 13:26:28', '2020-08-22 13:26:28'),
(2226, 367, 'N', 38, '2020-08-22 13:26:28', '2020-08-22 13:26:28'),
(2227, 368, 'N', 28, '2020-08-22 14:27:35', '2020-08-22 14:27:35'),
(2228, 368, 'N', 29, '2020-08-22 14:27:35', '2020-08-22 14:27:35'),
(2229, 368, 'N', 30, '2020-08-22 14:27:35', '2020-08-22 14:27:35'),
(2230, 368, 'N', 34, '2020-08-22 14:27:35', '2020-08-22 14:27:35'),
(2231, 368, 'N', 35, '2020-08-22 14:27:35', '2020-08-22 14:27:35'),
(2232, 368, 'N', 37, '2020-08-22 14:27:35', '2020-08-22 14:27:35'),
(2233, 368, 'N', 38, '2020-08-22 14:27:35', '2020-08-22 14:27:35'),
(2234, 368, 'N', 31, '2020-08-22 14:27:35', '2020-08-22 14:27:35'),
(2235, 369, 'N', 27, '2020-08-22 15:03:50', '2020-08-22 15:03:50'),
(2236, 369, 'N', 28, '2020-08-22 15:03:50', '2020-08-22 15:03:50'),
(2237, 369, 'N', 30, '2020-08-22 15:03:50', '2020-08-22 15:03:50'),
(2238, 369, 'N', 34, '2020-08-22 15:03:50', '2020-08-22 15:03:50'),
(2239, 369, 'N', 35, '2020-08-22 15:03:50', '2020-08-22 15:03:50'),
(2240, 369, 'N', 37, '2020-08-22 15:03:50', '2020-08-22 15:03:50'),
(2241, 369, 'N', 38, '2020-08-22 15:03:50', '2020-08-22 15:03:50'),
(2242, 369, 'N', 31, '2020-08-22 15:03:50', '2020-08-22 15:03:50'),
(2243, 370, 'N', 27, '2020-08-22 15:03:54', '2020-08-22 15:03:54'),
(2244, 370, 'N', 28, '2020-08-22 15:03:54', '2020-08-22 15:03:54'),
(2245, 370, 'N', 30, '2020-08-22 15:03:54', '2020-08-22 15:03:54'),
(2246, 370, 'N', 34, '2020-08-22 15:03:54', '2020-08-22 15:03:54'),
(2247, 370, 'N', 35, '2020-08-22 15:03:54', '2020-08-22 15:03:54'),
(2248, 370, 'R', 37, '2020-08-22 15:04:25', '2020-08-22 15:03:54'),
(2249, 370, 'N', 38, '2020-08-22 15:03:54', '2020-08-22 15:03:54'),
(2250, 371, 'N', 27, '2020-08-24 06:47:56', '2020-08-24 06:47:56'),
(2251, 371, 'N', 28, '2020-08-24 06:47:56', '2020-08-24 06:47:56'),
(2252, 371, 'N', 29, '2020-08-24 06:47:56', '2020-08-24 06:47:56'),
(2253, 371, 'N', 30, '2020-08-24 06:47:56', '2020-08-24 06:47:56'),
(2254, 371, 'N', 34, '2020-08-24 06:47:56', '2020-08-24 06:47:56'),
(2255, 371, 'N', 35, '2020-08-24 06:47:56', '2020-08-24 06:47:56'),
(2256, 371, 'N', 37, '2020-08-24 06:47:56', '2020-08-24 06:47:56'),
(2257, 371, 'N', 31, '2020-08-24 06:47:56', '2020-08-24 06:47:56'),
(2258, 372, 'N', 27, '2020-08-24 08:40:11', '2020-08-24 08:40:11'),
(2259, 372, 'N', 29, '2020-08-24 08:40:11', '2020-08-24 08:40:11'),
(2260, 372, 'N', 30, '2020-08-24 08:40:11', '2020-08-24 08:40:11'),
(2261, 372, 'N', 34, '2020-08-24 08:40:11', '2020-08-24 08:40:11'),
(2262, 372, 'N', 35, '2020-08-24 08:40:11', '2020-08-24 08:40:11'),
(2263, 372, 'N', 37, '2020-08-24 08:40:11', '2020-08-24 08:40:11'),
(2264, 372, 'N', 38, '2020-08-24 08:40:11', '2020-08-24 08:40:11'),
(2265, 372, 'N', 31, '2020-08-24 08:40:11', '2020-08-24 08:40:11'),
(2266, 373, 'N', 27, '2020-08-24 08:40:14', '2020-08-24 08:40:14'),
(2267, 373, 'N', 29, '2020-08-24 08:40:14', '2020-08-24 08:40:14'),
(2268, 373, 'N', 30, '2020-08-24 08:40:14', '2020-08-24 08:40:14'),
(2269, 373, 'N', 34, '2020-08-24 08:40:14', '2020-08-24 08:40:14'),
(2270, 373, 'N', 35, '2020-08-24 08:40:14', '2020-08-24 08:40:14'),
(2271, 373, 'N', 37, '2020-08-24 08:40:14', '2020-08-24 08:40:14'),
(2272, 373, 'N', 38, '2020-08-24 08:40:14', '2020-08-24 08:40:14'),
(2273, 373, 'N', 31, '2020-08-24 08:40:14', '2020-08-24 08:40:14'),
(2274, 374, 'N', 27, '2020-08-24 08:40:17', '2020-08-24 08:40:17'),
(2275, 374, 'N', 29, '2020-08-24 08:40:17', '2020-08-24 08:40:17'),
(2276, 374, 'N', 30, '2020-08-24 08:40:17', '2020-08-24 08:40:17'),
(2277, 374, 'N', 34, '2020-08-24 08:40:17', '2020-08-24 08:40:17'),
(2278, 374, 'N', 35, '2020-08-24 08:40:17', '2020-08-24 08:40:17'),
(2279, 374, 'N', 37, '2020-08-24 08:40:17', '2020-08-24 08:40:17'),
(2280, 374, 'N', 38, '2020-08-24 08:40:17', '2020-08-24 08:40:17'),
(2281, 374, 'N', 31, '2020-08-24 08:40:17', '2020-08-24 08:40:17'),
(2282, 375, 'N', 27, '2020-08-24 08:43:45', '2020-08-24 08:43:45'),
(2283, 375, 'N', 28, '2020-08-24 08:43:45', '2020-08-24 08:43:45'),
(2284, 375, 'N', 30, '2020-08-24 08:43:45', '2020-08-24 08:43:45'),
(2285, 375, 'N', 34, '2020-08-24 08:43:45', '2020-08-24 08:43:45'),
(2286, 375, 'N', 35, '2020-08-24 08:43:45', '2020-08-24 08:43:45'),
(2287, 375, 'N', 37, '2020-08-24 08:43:45', '2020-08-24 08:43:45'),
(2288, 375, 'N', 38, '2020-08-24 08:43:45', '2020-08-24 08:43:45'),
(2289, 376, 'N', 28, '2020-08-24 08:54:25', '2020-08-24 08:54:25'),
(2290, 376, 'N', 29, '2020-08-24 08:54:25', '2020-08-24 08:54:25'),
(2291, 376, 'N', 30, '2020-08-24 08:54:25', '2020-08-24 08:54:25'),
(2292, 376, 'N', 34, '2020-08-24 08:54:25', '2020-08-24 08:54:25'),
(2293, 376, 'N', 35, '2020-08-24 08:54:25', '2020-08-24 08:54:25'),
(2294, 376, 'N', 37, '2020-08-24 08:54:25', '2020-08-24 08:54:25'),
(2295, 376, 'N', 38, '2020-08-24 08:54:25', '2020-08-24 08:54:25'),
(2296, 376, 'N', 31, '2020-08-24 08:54:25', '2020-08-24 08:54:25'),
(2297, 377, 'N', 27, '2020-08-24 09:34:39', '2020-08-24 09:34:39'),
(2298, 377, 'N', 28, '2020-08-24 09:34:39', '2020-08-24 09:34:39'),
(2299, 377, 'N', 29, '2020-08-24 09:34:39', '2020-08-24 09:34:39'),
(2300, 377, 'N', 30, '2020-08-24 09:34:39', '2020-08-24 09:34:39'),
(2301, 377, 'N', 34, '2020-08-24 09:34:39', '2020-08-24 09:34:39'),
(2302, 377, 'N', 35, '2020-08-24 09:34:39', '2020-08-24 09:34:39'),
(2303, 377, 'R', 37, '2020-08-25 10:15:05', '2020-08-24 09:34:39'),
(2304, 377, 'N', 31, '2020-08-24 09:34:39', '2020-08-24 09:34:39'),
(2305, 378, 'N', 27, '2020-08-24 09:42:06', '2020-08-24 09:42:06'),
(2306, 378, 'N', 28, '2020-08-24 09:42:06', '2020-08-24 09:42:06'),
(2307, 378, 'N', 29, '2020-08-24 09:42:06', '2020-08-24 09:42:06'),
(2308, 378, 'N', 30, '2020-08-24 09:42:06', '2020-08-24 09:42:06'),
(2309, 378, 'N', 34, '2020-08-24 09:42:06', '2020-08-24 09:42:06'),
(2310, 378, 'N', 35, '2020-08-24 09:42:06', '2020-08-24 09:42:06'),
(2311, 378, 'N', 37, '2020-08-24 09:42:06', '2020-08-24 09:42:06'),
(2312, 379, 'N', 27, '2020-08-25 04:34:45', '2020-08-25 04:34:45'),
(2313, 379, 'N', 28, '2020-08-25 04:34:45', '2020-08-25 04:34:45'),
(2314, 379, 'N', 29, '2020-08-25 04:34:45', '2020-08-25 04:34:45'),
(2315, 379, 'N', 30, '2020-08-25 04:34:45', '2020-08-25 04:34:45'),
(2316, 379, 'N', 34, '2020-08-25 04:34:45', '2020-08-25 04:34:45'),
(2317, 379, 'N', 35, '2020-08-25 04:34:45', '2020-08-25 04:34:45'),
(2318, 379, 'N', 37, '2020-08-25 04:34:45', '2020-08-25 04:34:45'),
(2319, 380, 'N', 27, '2020-08-25 05:08:24', '2020-08-25 05:08:24'),
(2320, 380, 'N', 28, '2020-08-25 05:08:24', '2020-08-25 05:08:24'),
(2321, 380, 'N', 30, '2020-08-25 05:08:24', '2020-08-25 05:08:24'),
(2322, 380, 'N', 34, '2020-08-25 05:08:24', '2020-08-25 05:08:24'),
(2323, 380, 'N', 35, '2020-08-25 05:08:24', '2020-08-25 05:08:24'),
(2324, 380, 'R', 37, '2020-08-25 10:14:53', '2020-08-25 05:08:24'),
(2325, 380, 'N', 38, '2020-08-25 05:08:24', '2020-08-25 05:08:24'),
(2326, 381, 'N', 27, '2020-08-25 10:12:56', '2020-08-25 10:12:56'),
(2327, 381, 'N', 28, '2020-08-25 10:12:56', '2020-08-25 10:12:56'),
(2328, 381, 'N', 30, '2020-08-25 10:12:56', '2020-08-25 10:12:56'),
(2329, 381, 'N', 34, '2020-08-25 10:12:56', '2020-08-25 10:12:56'),
(2330, 381, 'N', 35, '2020-08-25 10:12:56', '2020-08-25 10:12:56'),
(2331, 381, 'N', 37, '2020-08-25 10:12:56', '2020-08-25 10:12:56'),
(2332, 381, 'N', 38, '2020-08-25 10:12:56', '2020-08-25 10:12:56'),
(2333, 382, 'N', 27, '2020-08-25 10:15:27', '2020-08-25 10:15:27'),
(2334, 382, 'N', 28, '2020-08-25 10:15:27', '2020-08-25 10:15:27'),
(2335, 382, 'N', 30, '2020-08-25 10:15:27', '2020-08-25 10:15:27'),
(2336, 382, 'N', 34, '2020-08-25 10:15:27', '2020-08-25 10:15:27'),
(2337, 382, 'N', 35, '2020-08-25 10:15:27', '2020-08-25 10:15:27'),
(2338, 382, 'R', 37, '2020-08-26 06:58:14', '2020-08-25 10:15:27'),
(2339, 382, 'N', 38, '2020-08-25 10:15:27', '2020-08-25 10:15:27'),
(2340, 383, 'N', 27, '2020-08-25 10:33:16', '2020-08-25 10:33:16'),
(2341, 383, 'N', 28, '2020-08-25 10:33:16', '2020-08-25 10:33:16'),
(2342, 383, 'N', 29, '2020-08-25 10:33:16', '2020-08-25 10:33:16');
INSERT INTO `notification_users` (`id`, `notification_id`, `status`, `user_id`, `created_at`, `updated_at`) VALUES
(2343, 383, 'N', 30, '2020-08-25 10:33:16', '2020-08-25 10:33:16'),
(2344, 383, 'N', 34, '2020-08-25 10:33:16', '2020-08-25 10:33:16'),
(2345, 383, 'N', 35, '2020-08-25 10:33:16', '2020-08-25 10:33:16'),
(2346, 383, 'N', 37, '2020-08-25 10:33:16', '2020-08-25 10:33:16'),
(2347, 383, 'N', 33, '2020-08-25 10:33:16', '2020-08-25 10:33:16'),
(2348, 384, 'N', 27, '2020-08-25 10:33:18', '2020-08-25 10:33:18'),
(2349, 384, 'N', 28, '2020-08-25 10:33:18', '2020-08-25 10:33:18'),
(2350, 384, 'N', 29, '2020-08-25 10:33:18', '2020-08-25 10:33:18'),
(2351, 384, 'N', 30, '2020-08-25 10:33:18', '2020-08-25 10:33:18'),
(2352, 384, 'N', 34, '2020-08-25 10:33:18', '2020-08-25 10:33:18'),
(2353, 384, 'N', 35, '2020-08-25 10:33:18', '2020-08-25 10:33:18'),
(2354, 384, 'N', 37, '2020-08-25 10:33:18', '2020-08-25 10:33:18'),
(2355, 384, 'N', 33, '2020-08-25 10:33:18', '2020-08-25 10:33:18'),
(2356, 385, 'N', 27, '2020-08-25 10:33:38', '2020-08-25 10:33:38'),
(2357, 385, 'N', 28, '2020-08-25 10:33:38', '2020-08-25 10:33:38'),
(2358, 385, 'N', 29, '2020-08-25 10:33:38', '2020-08-25 10:33:38'),
(2359, 385, 'N', 30, '2020-08-25 10:33:38', '2020-08-25 10:33:38'),
(2360, 385, 'N', 34, '2020-08-25 10:33:38', '2020-08-25 10:33:38'),
(2361, 385, 'N', 35, '2020-08-25 10:33:38', '2020-08-25 10:33:38'),
(2362, 385, 'R', 37, '2020-08-26 06:57:45', '2020-08-25 10:33:38'),
(2363, 385, 'N', 33, '2020-08-25 10:33:38', '2020-08-25 10:33:38'),
(2364, 386, 'N', 27, '2020-08-25 10:33:57', '2020-08-25 10:33:57'),
(2365, 386, 'N', 28, '2020-08-25 10:33:57', '2020-08-25 10:33:57'),
(2366, 386, 'N', 29, '2020-08-25 10:33:57', '2020-08-25 10:33:57'),
(2367, 386, 'N', 30, '2020-08-25 10:33:57', '2020-08-25 10:33:57'),
(2368, 386, 'N', 34, '2020-08-25 10:33:57', '2020-08-25 10:33:57'),
(2369, 386, 'N', 35, '2020-08-25 10:33:57', '2020-08-25 10:33:57'),
(2370, 386, 'R', 37, '2020-08-26 06:45:52', '2020-08-25 10:33:57'),
(2371, 386, 'N', 33, '2020-08-25 10:33:57', '2020-08-25 10:33:57'),
(2372, 387, 'N', 28, '2020-08-26 04:39:27', '2020-08-26 04:39:27'),
(2373, 387, 'N', 29, '2020-08-26 04:39:27', '2020-08-26 04:39:27'),
(2374, 387, 'N', 30, '2020-08-26 04:39:27', '2020-08-26 04:39:27'),
(2375, 387, 'N', 34, '2020-08-26 04:39:27', '2020-08-26 04:39:27'),
(2376, 387, 'N', 35, '2020-08-26 04:39:27', '2020-08-26 04:39:27'),
(2377, 387, 'N', 37, '2020-08-26 04:39:27', '2020-08-26 04:39:27'),
(2378, 387, 'N', 38, '2020-08-26 04:39:27', '2020-08-26 04:39:27'),
(2379, 387, 'N', 32, '2020-08-26 04:39:27', '2020-08-26 04:39:27'),
(2380, 388, 'N', 27, '2020-08-26 07:20:02', '2020-08-26 07:20:02'),
(2381, 388, 'N', 28, '2020-08-26 07:20:02', '2020-08-26 07:20:02'),
(2382, 388, 'N', 30, '2020-08-26 07:20:02', '2020-08-26 07:20:02'),
(2383, 388, 'N', 34, '2020-08-26 07:20:02', '2020-08-26 07:20:02'),
(2384, 388, 'N', 35, '2020-08-26 07:20:02', '2020-08-26 07:20:02'),
(2385, 388, 'N', 37, '2020-08-26 07:20:02', '2020-08-26 07:20:02'),
(2386, 388, 'N', 38, '2020-08-26 07:20:02', '2020-08-26 07:20:02'),
(2387, 389, 'N', 27, '2020-08-26 10:08:40', '2020-08-26 10:08:40'),
(2388, 389, 'N', 28, '2020-08-26 10:08:40', '2020-08-26 10:08:40'),
(2389, 389, 'N', 30, '2020-08-26 10:08:40', '2020-08-26 10:08:40'),
(2390, 389, 'N', 34, '2020-08-26 10:08:40', '2020-08-26 10:08:40'),
(2391, 389, 'N', 35, '2020-08-26 10:08:40', '2020-08-26 10:08:40'),
(2392, 389, 'N', 37, '2020-08-26 10:08:40', '2020-08-26 10:08:40'),
(2393, 389, 'N', 38, '2020-08-26 10:08:40', '2020-08-26 10:08:40'),
(2394, 390, 'N', 28, '2020-08-28 00:59:18', '2020-08-28 00:59:18'),
(2395, 390, 'N', 29, '2020-08-28 00:59:18', '2020-08-28 00:59:18'),
(2396, 390, 'N', 30, '2020-08-28 00:59:18', '2020-08-28 00:59:18'),
(2397, 390, 'N', 34, '2020-08-28 00:59:18', '2020-08-28 00:59:18'),
(2398, 390, 'N', 35, '2020-08-28 00:59:18', '2020-08-28 00:59:18'),
(2399, 390, 'N', 37, '2020-08-28 00:59:18', '2020-08-28 00:59:18'),
(2400, 390, 'N', 38, '2020-08-28 00:59:18', '2020-08-28 00:59:18'),
(2401, 390, 'N', 31, '2020-08-28 00:59:18', '2020-08-28 00:59:18'),
(2402, 391, 'N', 28, '2020-08-28 01:08:07', '2020-08-28 01:08:07'),
(2403, 391, 'N', 29, '2020-08-28 01:08:07', '2020-08-28 01:08:07'),
(2404, 391, 'N', 30, '2020-08-28 01:08:07', '2020-08-28 01:08:07'),
(2405, 391, 'N', 34, '2020-08-28 01:08:07', '2020-08-28 01:08:07'),
(2406, 391, 'N', 35, '2020-08-28 01:08:07', '2020-08-28 01:08:07'),
(2407, 391, 'N', 37, '2020-08-28 01:08:07', '2020-08-28 01:08:07'),
(2408, 391, 'N', 38, '2020-08-28 01:08:07', '2020-08-28 01:08:07'),
(2409, 391, 'N', 33, '2020-08-28 01:08:07', '2020-08-28 01:08:07'),
(2410, 392, 'N', 27, '2020-08-28 02:59:31', '2020-08-28 02:59:31'),
(2411, 392, 'N', 28, '2020-08-28 02:59:31', '2020-08-28 02:59:31'),
(2412, 392, 'N', 30, '2020-08-28 02:59:31', '2020-08-28 02:59:31'),
(2413, 392, 'N', 34, '2020-08-28 02:59:31', '2020-08-28 02:59:31'),
(2414, 392, 'N', 35, '2020-08-28 02:59:31', '2020-08-28 02:59:31'),
(2415, 392, 'N', 37, '2020-08-28 02:59:31', '2020-08-28 02:59:31'),
(2416, 392, 'N', 38, '2020-08-28 02:59:31', '2020-08-28 02:59:31'),
(2417, 393, 'N', 27, '2020-08-31 08:13:23', '2020-08-31 08:13:23'),
(2418, 393, 'N', 28, '2020-08-31 08:13:23', '2020-08-31 08:13:23'),
(2419, 393, 'N', 29, '2020-08-31 08:13:23', '2020-08-31 08:13:23'),
(2420, 393, 'N', 30, '2020-08-31 08:13:23', '2020-08-31 08:13:23'),
(2421, 393, 'N', 34, '2020-08-31 08:13:23', '2020-08-31 08:13:23'),
(2422, 393, 'N', 35, '2020-08-31 08:13:23', '2020-08-31 08:13:23'),
(2423, 393, 'N', 37, '2020-08-31 08:13:23', '2020-08-31 08:13:23'),
(2424, 393, 'N', 33, '2020-08-31 08:13:23', '2020-08-31 08:13:23'),
(2425, 394, 'N', 27, '2020-08-31 08:15:21', '2020-08-31 08:15:21'),
(2426, 394, 'N', 28, '2020-08-31 08:15:21', '2020-08-31 08:15:21'),
(2427, 394, 'N', 29, '2020-08-31 08:15:21', '2020-08-31 08:15:21'),
(2428, 394, 'N', 30, '2020-08-31 08:15:21', '2020-08-31 08:15:21'),
(2429, 394, 'N', 34, '2020-08-31 08:15:21', '2020-08-31 08:15:21'),
(2430, 394, 'N', 35, '2020-08-31 08:15:21', '2020-08-31 08:15:21'),
(2431, 394, 'N', 37, '2020-08-31 08:15:21', '2020-08-31 08:15:21'),
(2432, 395, 'N', 27, '2020-08-31 11:17:04', '2020-08-31 11:17:04'),
(2433, 395, 'N', 28, '2020-08-31 11:17:04', '2020-08-31 11:17:04'),
(2434, 395, 'N', 30, '2020-08-31 11:17:04', '2020-08-31 11:17:04'),
(2435, 395, 'N', 34, '2020-08-31 11:17:04', '2020-08-31 11:17:04'),
(2436, 395, 'N', 35, '2020-08-31 11:17:04', '2020-08-31 11:17:04'),
(2437, 395, 'N', 37, '2020-08-31 11:17:04', '2020-08-31 11:17:04'),
(2438, 395, 'N', 38, '2020-08-31 11:17:04', '2020-08-31 11:17:04'),
(2439, 396, 'N', 27, '2020-08-31 11:17:16', '2020-08-31 11:17:16'),
(2440, 396, 'N', 28, '2020-08-31 11:17:16', '2020-08-31 11:17:16'),
(2441, 396, 'N', 30, '2020-08-31 11:17:16', '2020-08-31 11:17:16'),
(2442, 396, 'N', 34, '2020-08-31 11:17:16', '2020-08-31 11:17:16'),
(2443, 396, 'N', 35, '2020-08-31 11:17:16', '2020-08-31 11:17:16'),
(2444, 396, 'N', 37, '2020-08-31 11:17:16', '2020-08-31 11:17:16'),
(2445, 396, 'N', 38, '2020-08-31 11:17:16', '2020-08-31 11:17:16'),
(2446, 396, 'N', 33, '2020-08-31 11:17:16', '2020-08-31 11:17:16');

-- --------------------------------------------------------

--
-- Struktur dari tabel `pembayaran_log`
--

CREATE TABLE `pembayaran_log` (
  `id` int(11) NOT NULL,
  `nominal` int(11) NOT NULL,
  `tipe` int(11) NOT NULL,
  `jenis` varchar(20) NOT NULL,
  `id_konsumen` int(11) NOT NULL DEFAULT '0',
  `kode_order` varchar(20) DEFAULT NULL,
  `tgl_input` date NOT NULL,
  `keterangan` varchar(120) NOT NULL,
  `updated_at` timestamp NOT NULL DEFAULT '0000-00-00 00:00:00',
  `created_by` int(11) NOT NULL,
  `updated_by` int(11) NOT NULL,
  `created_at` timestamp NOT NULL DEFAULT '0000-00-00 00:00:00',
  `is_deleted` varchar(1) NOT NULL DEFAULT '0'
) ENGINE=MyISAM DEFAULT CHARSET=latin1;

--
-- Dumping data untuk tabel `pembayaran_log`
--

INSERT INTO `pembayaran_log` (`id`, `nominal`, `tipe`, `jenis`, `id_konsumen`, `kode_order`, `tgl_input`, `keterangan`, `updated_at`, `created_by`, `updated_by`, `created_at`, `is_deleted`) VALUES
(1, 220000, 2, '2', 0, '', '2020-07-28', 'Uji Coba', '2020-07-31 02:00:12', 16, 0, '2020-07-28 12:46:38', '0'),
(2, 310000, 1, '1', 0, '', '2020-07-31', '', '2020-07-31 02:15:45', 16, 0, '2020-07-31 00:39:24', '0'),
(3, 1000000, 2, '4', 0, '', '2020-07-01', '', '2020-08-11 16:37:38', 16, 0, '2020-07-31 03:41:44', '0'),
(4, 300000, 2, '3', 0, '', '2020-07-03', '', '2020-08-11 16:48:16', 16, 16, '2020-07-31 03:42:08', '0'),
(5, 600000, 2, '3', 0, 'g', '2020-07-12', 'kekekekek', '2020-07-31 03:42:28', 16, 0, '2020-07-31 03:42:28', '0'),
(6, 5000000, 2, '6', 75, 'PKMD159', '2020-08-21', '', '2020-08-21 03:15:41', 16, 0, '2020-08-21 03:15:41', '0'),
(7, 2500000, 1, '2', 75, 'PKMD159', '2020-08-21', '', '2020-08-21 03:39:53', 16, 0, '2020-08-21 03:39:53', '0'),
(8, 6000000, 1, '2', 134, 'PKMD170', '2020-08-21', '', '2020-08-21 05:21:30', 16, 0, '2020-08-21 05:21:30', '0'),
(9, 6000000, 2, '6', 134, 'PKMD170', '2020-08-21', '', '2020-08-21 05:21:55', 16, 0, '2020-08-21 05:21:55', '0'),
(10, 2000000, 1, '2', 155, 'PGMW10', '2020-07-26', '', '2020-08-21 06:09:16', 16, 0, '2020-08-21 06:09:16', '0'),
(11, 3000000, 1, '3', 134, 'PKMD170', '2020-08-23', '', '2020-08-23 06:07:14', 16, 0, '2020-08-23 06:07:14', '0'),
(12, 5000000, 1, '4', 134, 'PKMD170', '2020-08-23', '', '2020-08-23 06:12:41', 16, 0, '2020-08-23 06:12:41', '0'),
(13, 3000000, 2, '6', 0, '', '2020-09-01', 'Transfer', '2020-09-01 12:07:10', 16, 0, '2020-09-01 12:07:10', '0');

-- --------------------------------------------------------

--
-- Struktur dari tabel `pengajuan_harga`
--

CREATE TABLE `pengajuan_harga` (
  `id` int(11) NOT NULL,
  `tgl_pengajuan` date NOT NULL,
  `tgl_disetujui` date NOT NULL,
  `id_konsumen` int(11) NOT NULL DEFAULT '0',
  `nama_konsumen` varchar(50) NOT NULL,
  `alamat_konsumen` varchar(100) NOT NULL,
  `no_hp_konsumen` varchar(20) NOT NULL,
  `harga_setuju_pokok_granit` int(11) NOT NULL DEFAULT '0',
  `harga_setuju_pokok_keramik` int(11) NOT NULL DEFAULT '0',
  `harga_setuju_granit` int(11) NOT NULL,
  `harga_setuju_keramik` int(11) NOT NULL,
  `uang_muka` int(11) NOT NULL,
  `tanda_jadi` int(11) NOT NULL,
  `pelunasan` int(11) NOT NULL,
  `jenis` int(11) NOT NULL DEFAULT '0' COMMENT '1 Untuk granit, 2 untuk keramik',
  `status` varchar(50) NOT NULL,
  `keterangan` varchar(200) NOT NULL,
  `is_deleted` varchar(1) NOT NULL DEFAULT '0',
  `user_id_pengaju` int(11) NOT NULL,
  `user_id_approve` int(11) NOT NULL,
  `created_by` int(11) NOT NULL,
  `updated_by` int(11) NOT NULL,
  `created_at` timestamp NOT NULL DEFAULT CURRENT_TIMESTAMP,
  `updated_at` datetime NOT NULL
) ENGINE=InnoDB DEFAULT CHARSET=latin1;

--
-- Dumping data untuk tabel `pengajuan_harga`
--

INSERT INTO `pengajuan_harga` (`id`, `tgl_pengajuan`, `tgl_disetujui`, `id_konsumen`, `nama_konsumen`, `alamat_konsumen`, `no_hp_konsumen`, `harga_setuju_pokok_granit`, `harga_setuju_pokok_keramik`, `harga_setuju_granit`, `harga_setuju_keramik`, `uang_muka`, `tanda_jadi`, `pelunasan`, `jenis`, `status`, `keterangan`, `is_deleted`, `user_id_pengaju`, `user_id_approve`, `created_by`, `updated_by`, `created_at`, `updated_at`) VALUES
(1, '2020-07-12', '0000-00-00', 0, '', '', '', 0, 0, 0, 0, 0, 0, 0, 0, '1', 'Uji Coba', '0', 16, 0, 16, 0, '2020-07-12 12:59:54', '2020-07-12 19:59:54'),
(2, '2020-07-12', '0000-00-00', 0, '', '', '', 0, 0, 0, 0, 0, 0, 0, 0, '1', 'Uji Coba', '0', 16, 0, 16, 0, '2020-07-13 10:36:43', '2020-07-13 17:36:43'),
(3, '2020-07-13', '0000-00-00', 0, '', '', '', 0, 0, 0, 0, 0, 0, 0, 0, '1', 'Uji Coba', '0', 16, 0, 16, 0, '2020-07-13 10:38:15', '2020-07-13 17:38:15'),
(4, '2020-07-14', '0000-00-00', 0, '', '', '', 0, 0, 0, 0, 0, 0, 0, 0, '2', 'Uji Coba', '0', 16, 0, 16, 0, '2020-07-14 14:11:31', '2020-08-08 21:44:16'),
(5, '2020-07-14', '0000-00-00', 0, '', '', '', 0, 0, 0, 0, 0, 0, 0, 0, '1', 'Uji Coba', '0', 16, 0, 16, 0, '2020-07-14 14:14:49', '2020-07-14 21:14:49'),
(6, '2020-07-15', '2020-07-22', 134, '', '', '', 6075000, 5275000, 6075000, 5275000, 0, 0, 0, 1, '4', 'Uji Coba', '0', 16, 16, 16, 0, '2020-07-15 12:30:37', '2020-08-21 12:17:05'),
(7, '2020-08-05', '2020-08-11', 155, '', 'Jl. Terusan Kayan A135', '', 7790000, 6390000, 12370000, 10420000, 200000, 0, 0, 1, '4', '', '0', 16, 27, 37, 16, '2020-08-05 12:11:43', '2020-08-10 21:01:20'),
(8, '2020-08-07', '0000-00-00', 0, '', '', '', 0, 0, 0, 0, 200000, 0, 0, 0, '3', '', '0', 37, 0, 37, 0, '2020-08-07 16:01:09', '2020-08-07 23:18:10'),
(9, '2020-08-09', '2020-08-26', 75, '', 'Griya Asri Purwosari, Pasuruan', '', 6420000, 5570000, 9590000, 9590000, 0, 0, 0, 2, '4', '', '0', 16, 16, 16, 16, '2020-08-09 03:21:19', '2020-08-21 09:39:26'),
(10, '2020-08-12', '0000-00-00', 0, 'Grady 2', 'Malang 2', '', 0, 0, 0, 0, 0, 0, 0, 0, '1', '', '0', 16, 0, 16, 0, '2020-08-12 15:46:30', '2020-08-12 22:46:30'),
(11, '2020-08-14', '0000-00-00', 0, 'Andi', 'Malang', '', 0, 0, 0, 0, 0, 0, 0, 0, '1', '', '0', 16, 0, 16, 0, '2020-08-12 15:51:47', '2020-08-12 22:51:47'),
(12, '2020-08-23', '0000-00-00', 0, 'tita', 'sawojajar', '', 0, 0, 0, 0, 0, 0, 0, 0, '1', '', '0', 27, 0, 27, 0, '2020-08-23 01:51:02', '2020-08-23 08:51:02'),
(13, '2020-08-24', '2020-09-02', 0, 'Test', 'Test', '', 1950000, 1650000, 1950000, 1650000, 0, 0, 0, 1, '4', '', '0', 16, 16, 16, 16, '2020-08-24 03:29:10', '2020-09-02 19:03:19');

-- --------------------------------------------------------

--
-- Struktur dari tabel `pesanan`
--

CREATE TABLE `pesanan` (
  `id` int(11) NOT NULL,
  `kode_order` varchar(20) NOT NULL,
  `tgl_order_masuk` date NOT NULL,
  `tgl_jatuh_tempo` date NOT NULL,
  `tgl_acc_konsumen` date DEFAULT NULL,
  `flow_id` int(11) NOT NULL,
  `status_order` char(5) NOT NULL,
  `user_id` int(11) NOT NULL,
  `konsumen_id` int(11) NOT NULL,
  `mitra_pemasang_kusen` int(11) NOT NULL,
  `mitra_pemasang_finish` int(11) NOT NULL,
  `created_at` timestamp NOT NULL DEFAULT '0000-00-00 00:00:00',
  `updated_at` timestamp NOT NULL DEFAULT '0000-00-00 00:00:00',
  `is_deleted` int(11) NOT NULL DEFAULT '0',
  `tipe` varchar(1) DEFAULT NULL
) ENGINE=InnoDB DEFAULT CHARSET=latin1;

--
-- Dumping data untuk tabel `pesanan`
--

INSERT INTO `pesanan` (`id`, `kode_order`, `tgl_order_masuk`, `tgl_jatuh_tempo`, `tgl_acc_konsumen`, `flow_id`, `status_order`, `user_id`, `konsumen_id`, `mitra_pemasang_kusen`, `mitra_pemasang_finish`, `created_at`, `updated_at`, `is_deleted`, `tipe`) VALUES
(56, 'PKMD146', '2020-02-05', '2020-03-06', '2020-05-04', 8, 'S', 28, 37, 33, 36, '2020-03-01 03:53:29', '2020-05-04 02:38:49', 0, 'P'),
(57, 'PGMD123r', '2020-02-14', '2020-05-24', '2020-05-04', 8, 'S', 28, 38, 32, 32, '2020-03-03 08:12:18', '2020-05-04 02:38:18', 0, 'P'),
(58, 'KSFG58', '2020-03-12', '2020-04-11', '2020-03-26', 8, 'S', 28, 39, 36, 36, '2020-03-05 04:06:54', '2020-03-26 13:37:54', 0, 'P'),
(59, 'PKMD148', '2020-04-14', '2020-05-14', '2020-05-04', 8, 'S', 28, 40, 36, 36, '2020-03-05 04:21:26', '2020-05-04 02:39:00', 0, 'P'),
(60, 'ESTI', '2020-02-14', '2020-03-15', NULL, 2, 'P', 28, 41, 0, 0, '2020-03-05 04:46:50', '2020-04-11 02:36:03', 1, 'P'),
(61, 'PGMD243', '2020-02-14', '2020-03-15', NULL, 2, 'P', 28, 42, 0, 0, '2020-03-05 04:50:00', '2020-04-11 02:36:16', 1, 'P'),
(62, 'PKMD147', '2020-02-18', '2020-05-24', '2020-05-04', 8, 'S', 28, 43, 32, 32, '2020-03-05 04:55:27', '2020-05-04 02:39:28', 0, 'P'),
(63, 'DIANA', '2020-02-25', '2020-03-26', NULL, 2, 'P', 28, 44, 0, 0, '2020-03-05 06:46:05', '2020-04-11 02:36:32', 1, 'P'),
(64, 'KSGK38', '2020-02-25', '2020-03-26', NULL, 2, 'P', 28, 45, 0, 0, '2020-03-05 06:48:58', '2020-03-26 13:48:24', 1, 'P'),
(65, 'PKMD149', '2020-02-27', '2020-05-24', '2020-05-16', 8, 'S', 28, 46, 31, 31, '2020-03-05 06:51:51', '2020-05-16 03:39:27', 0, 'P'),
(66, 'PKMD107', '2020-02-25', '2020-05-24', '2020-05-04', 8, 'S', 28, 47, 33, 33, '2020-03-06 08:45:14', '2020-05-04 02:40:06', 0, 'P'),
(67, 'PGMD244', '2020-03-09', '2020-05-24', '2020-05-16', 8, 'S', 28, 48, 33, 33, '2020-03-09 05:20:56', '2020-05-16 03:37:42', 0, 'P'),
(68, 'PGMD246', '2020-03-13', '2020-05-24', '2020-05-09', 8, 'S', 28, 49, 32, 32, '2020-03-13 10:02:27', '2020-05-09 01:33:27', 0, 'P'),
(69, 'PGMD245', '2020-03-18', '2020-05-24', '2020-05-04', 8, 'S', 28, 50, 31, 31, '2020-03-18 09:48:42', '2020-05-04 02:39:17', 0, 'P'),
(72, 'PGMD247', '2020-03-24', '2020-05-24', '2020-05-07', 8, 'S', 28, 53, 32, 31, '2020-03-28 06:46:57', '2020-05-07 09:39:17', 0, 'P'),
(73, 'PGMD249', '2020-03-28', '2020-05-24', '2020-05-07', 8, 'S', 28, 54, 33, 33, '2020-03-28 06:51:49', '2020-05-07 03:49:37', 0, 'P'),
(74, 'PKMD150', '2020-04-06', '2020-05-24', '2020-05-04', 8, 'S', 28, 55, 32, 32, '2020-04-07 00:10:12', '2020-05-04 02:35:18', 0, 'P'),
(75, 'ADG10', '2020-04-07', '2020-05-24', '2020-05-09', 8, 'S', 28, 56, 32, 32, '2020-04-07 04:22:13', '2020-05-09 01:47:10', 0, 'P'),
(76, 'PKMD151', '2020-04-14', '2020-05-24', '2020-05-18', 8, 'S', 28, 57, 33, 33, '2020-04-17 02:34:40', '2020-05-18 12:56:35', 0, 'P'),
(77, 'PKMD152', '2020-04-19', '2020-05-24', '2020-05-21', 8, 'S', 28, 58, 33, 33, '2020-04-22 01:01:33', '2020-05-21 10:08:25', 0, 'P'),
(78, 'PGMD251', '2020-04-25', '2020-06-03', '2020-05-16', 8, 'S', 28, 59, 31, 31, '2020-04-25 02:16:35', '2020-05-16 08:20:41', 0, 'P'),
(79, 'PGMD250', '2020-04-08', '2020-06-03', '2020-05-20', 8, 'S', 28, 60, 32, 32, '2020-04-27 08:00:29', '2020-05-20 10:59:02', 0, 'P'),
(80, 'PGMD252', '2020-05-04', '2020-06-09', '2020-06-22', 8, 'S', 28, 61, 33, 33, '2020-05-04 02:08:00', '2020-06-22 02:41:20', 0, 'P'),
(81, 'PGMD248', '2020-03-24', '2020-06-04', '2020-05-16', 8, 'S', 28, 62, 33, 33, '2020-05-04 02:53:25', '2020-05-16 03:38:22', 0, 'P'),
(82, 'PKMD153', '2020-05-06', '2020-06-12', '2020-06-07', 8, 'S', 28, 63, 32, 32, '2020-05-06 07:26:25', '2020-06-06 22:43:35', 0, 'P'),
(83, 'PKMD154', '2020-05-07', '2020-06-19', '2020-06-26', 8, 'S', 28, 64, 32, 32, '2020-05-07 05:07:17', '2020-06-26 04:37:53', 0, 'P'),
(84, 'PKMD155', '2020-05-08', '2020-06-12', '2020-06-08', 8, 'S', 28, 65, 33, 32, '2020-05-08 03:56:04', '2020-06-08 03:11:43', 0, 'P'),
(89, 'PKBT01', '2020-05-08', '2020-06-12', '2020-06-06', 8, 'S', 28, 70, 33, 33, '2020-05-09 02:47:46', '2020-06-06 10:46:52', 0, 'P'),
(90, 'PGMD253', '2020-05-11', '2020-07-08', '2020-07-04', 8, 'S', 28, 71, 31, 31, '2020-05-11 08:01:12', '2020-07-04 08:04:33', 0, 'P'),
(91, 'PKMD157', '2020-05-18', '2020-06-20', '2020-06-16', 8, 'S', 28, 72, 33, 33, '2020-05-18 08:25:21', '2020-06-16 00:17:01', 0, 'P'),
(92, 'PGMD254', '2020-05-18', '2020-06-19', '2020-06-04', 8, 'S', 28, 73, 31, 31, '2020-05-19 03:25:21', '2020-06-04 02:37:19', 0, 'P'),
(93, 'PKMD158', '2020-05-20', '2020-06-27', '2020-07-21', 8, 'S', 28, 74, 33, 33, '2020-05-20 02:32:10', '2020-07-21 06:28:55', 0, 'P'),
(94, 'PKMD159', '2020-05-22', '2020-07-04', '2020-08-31', 8, 'S', 28, 75, 32, 32, '2020-05-22 23:41:44', '2020-08-31 11:15:20', 0, 'P'),
(98, 'PGMD255', '2020-05-27', '2020-07-02', '2020-07-04', 8, 'S', 38, 79, 31, 31, '2020-05-28 09:20:51', '2020-07-04 08:09:45', 0, 'P'),
(99, 'PGMD257', '2020-05-28', '2020-07-02', '2020-06-14', 8, 'S', 38, 80, 32, 33, '2020-05-28 09:24:47', '2020-06-14 04:01:44', 0, 'P'),
(100, 'PKMD160', '2020-05-28', '2020-08-23', NULL, 7, 'P', 38, 81, 31, 32, '2020-05-28 09:29:50', '2020-08-13 03:10:20', 0, 'P'),
(101, 'PGMD256', '2020-05-28', '2020-07-02', '2020-06-30', 8, 'S', 38, 82, 32, 32, '2020-05-28 09:37:56', '2020-06-30 08:44:39', 0, 'P'),
(102, 'MK01', '2020-05-29', '2020-07-04', '2020-06-22', 8, 'S', 28, 83, 31, 32, '2020-05-29 01:57:34', '2020-06-22 02:41:46', 0, 'P'),
(103, 'PKMD162', '2020-06-02', '2020-07-09', '2020-07-06', 8, 'S', 27, 84, 31, 31, '2020-06-02 05:47:03', '2020-07-06 03:03:24', 0, 'P'),
(104, 'PKMD161', '2020-06-02', '2020-07-06', '2020-07-10', 8, 'S', 38, 85, 32, 32, '2020-06-02 06:54:25', '2020-07-10 03:12:16', 0, 'P'),
(111, 'PGMD258', '2020-06-04', '2020-07-08', '2020-07-06', 8, 'S', 38, 92, 33, 33, '2020-06-04 02:02:39', '2020-07-06 03:03:43', 0, 'P'),
(112, 'KSGK39', '2020-06-04', '2020-07-07', '2020-07-11', 8, 'S', 38, 93, 33, 33, '2020-06-04 09:27:41', '2020-07-11 14:34:27', 0, 'P'),
(113, 'ADK05', '2020-06-06', '2020-07-08', '2020-07-20', 8, 'S', 38, 94, 31, 31, '2020-06-06 01:22:11', '2020-07-20 06:04:20', 0, 'P'),
(114, 'PGMD259', '2020-06-06', '2020-07-08', '2020-07-11', 8, 'S', 38, 95, 31, 31, '2020-06-06 07:54:21', '2020-07-11 14:40:00', 0, 'P'),
(115, 'PKMD128', '2020-06-06', '2020-07-07', NULL, 7, 'P', 38, 96, 33, 33, '2020-06-06 08:05:50', '2020-08-12 07:21:34', 0, 'P'),
(116, 'KSGK40', '2020-06-08', '2020-07-08', '2020-07-17', 8, 'S', 38, 97, 33, 32, '2020-06-08 02:16:07', '2020-07-17 03:09:10', 0, 'P'),
(117, 'KSGK26', '2020-06-09', '2020-07-18', '2020-07-25', 8, 'S', 38, 98, 33, 33, '2020-06-09 02:24:43', '2020-07-25 14:58:46', 0, 'P'),
(118, 'PKMD163', '2020-06-09', '2020-07-18', NULL, 7, 'P', 38, 99, 33, 33, '2020-06-09 09:32:52', '2020-07-21 06:39:34', 1, 'P'),
(119, 'PKMD164', '2020-06-10', '2020-07-18', '2020-08-03', 8, 'S', 38, 101, 33, 33, '2020-06-10 06:14:17', '2020-08-03 01:37:05', 0, 'P'),
(120, 'PKMd150b', '2020-06-15', '2020-07-18', '2020-07-21', 8, 'S', 27, 102, 33, 31, '2020-06-15 15:24:07', '2020-07-21 00:42:37', 0, 'P'),
(121, 'PKMD156', '2020-06-15', '2020-07-26', '2020-08-06', 8, 'S', 27, 103, 31, 31, '2020-06-15 15:27:27', '2020-08-06 02:31:39', 0, 'P'),
(126, 'PKMD165', '2020-06-16', '2020-07-27', '2020-08-11', 8, 'S', 38, 108, 32, 32, '2020-06-16 06:33:07', '2020-08-11 14:37:33', 0, 'P'),
(127, 'PGMD260', '2020-06-19', '2020-07-28', '2020-07-29', 8, 'S', 38, 109, 33, 33, '2020-06-19 06:31:05', '2020-07-29 00:02:29', 0, 'P'),
(128, 'KSGK41', '2020-06-19', '2020-09-30', NULL, 5, 'P', 38, 110, 31, 0, '2020-06-19 06:33:36', '2020-08-31 11:17:04', 0, 'P'),
(129, 'PKMD166', '2020-06-20', '2020-07-24', '2020-07-25', 8, 'S', 38, 111, 31, 31, '2020-06-20 08:35:24', '2020-07-25 14:58:15', 0, 'P'),
(130, 'PKMD120', '2020-06-21', '2020-07-21', NULL, 2, 'P', 27, 112, 0, 0, '2020-06-21 07:00:45', '2020-06-22 03:19:14', 1, 'K'),
(131, 'PRIORITAS', '2020-06-22', '2020-07-22', NULL, 2, 'P', 27, 113, 0, 0, '2020-06-22 03:08:34', '2020-06-22 03:19:08', 1, 'P'),
(132, 'KSFG17', '2020-06-22', '2020-07-26', '2020-06-27', 8, 'S', 27, 114, 33, 33, '2020-06-22 03:25:09', '2020-06-27 11:57:40', 0, 'P'),
(141, 'PKMD.....', '2020-06-24', '2020-07-24', NULL, 8, 'S', 27, 123, 0, 0, '2020-06-24 08:06:51', '2020-06-24 09:06:08', 1, 'P'),
(142, 'PGMD262', '2020-06-24', '2020-08-03', '2020-08-22', 8, 'S', 38, 124, 32, 32, '2020-06-24 08:55:19', '2020-08-22 12:36:35', 0, 'P'),
(143, 'PKMD...', '2020-06-24', '2020-07-24', NULL, 8, 'S', 27, 125, 0, 0, '2020-06-24 09:01:50', '2020-06-24 09:01:50', 0, 'K'),
(144, 'PKMD151B', '2020-06-24', '2020-08-05', NULL, 7, 'P', 38, 126, 33, 31, '2020-06-24 10:24:17', '2020-07-20 14:07:21', 0, 'P'),
(145, 'PGMD261', '2020-06-26', '2020-07-28', '2020-07-30', 8, 'S', 38, 127, 33, 33, '2020-06-26 15:30:46', '2020-07-30 05:49:22', 0, 'P'),
(146, 'KSFG70', '2020-07-01', '2020-08-05', '2020-08-22', 8, 'S', 38, 128, 31, 31, '2020-07-01 06:37:44', '2020-08-21 23:44:44', 0, 'P'),
(148, 'COMPLAIN 10 JULI', '2020-07-10', '2020-08-09', NULL, 8, 'S', 27, 130, 0, 0, '2020-07-10 01:19:34', '2020-07-10 01:19:34', 0, NULL),
(149, 'PKMD167', '2020-07-10', '2020-08-20', NULL, 4, 'P', 38, 131, 33, 0, '2020-07-10 08:21:47', '2020-08-31 11:17:16', 0, 'P'),
(150, 'PKMD168', '2020-07-10', '2020-08-19', '2020-08-22', 8, 'S', 38, 132, 33, 33, '2020-07-10 08:46:53', '2020-08-21 23:45:37', 0, 'P'),
(151, 'KSFG71', '2020-07-03', '2020-08-21', '2020-08-22', 8, 'S', 38, 133, 33, 32, '2020-07-11 04:41:37', '2020-08-21 23:45:15', 0, 'P'),
(152, 'PKMD170', '2020-07-13', '2020-08-25', '2020-08-31', 8, 'S', 38, 134, 32, 33, '2020-07-13 07:22:49', '2020-08-31 11:14:57', 0, 'P'),
(153, 'PKMD169', '2020-07-14', '2020-08-23', '2020-08-27', 8, 'S', 38, 135, 31, 33, '2020-07-14 06:31:41', '2020-08-27 08:47:22', 0, 'P'),
(154, 'LAWANG', '2020-03-18', '2020-04-17', NULL, 8, 'S', 27, 136, 0, 0, '2020-07-14 07:33:22', '2020-07-14 07:33:22', 0, NULL),
(155, 'PKMD145', '2020-07-14', '2020-08-13', NULL, 8, 'S', 27, 137, 0, 0, '2020-07-14 12:16:47', '2020-07-14 12:16:47', 0, NULL),
(156, 'PGMD208', '2020-07-05', '2020-08-04', NULL, 8, 'S', 27, 138, 0, 0, '2020-07-15 00:30:38', '2020-07-15 00:30:38', 0, NULL),
(157, 'PKMD171', '2020-07-16', '2020-08-27', '2020-08-29', 8, 'S', 38, 139, 32, 33, '2020-07-16 08:48:59', '2020-08-29 15:09:21', 0, 'P'),
(158, 'PKMD104', '2020-02-29', '2020-03-30', NULL, 8, 'S', 27, 140, 0, 0, '2020-07-17 02:12:17', '2020-07-17 02:12:17', 0, NULL),
(171, 'PKMD172', '2020-07-20', '2020-08-24', '2020-08-31', 8, 'S', 38, 153, 31, 31, '2020-07-21 00:41:23', '2020-08-31 01:28:14', 0, 'P'),
(172, 'PGMD263', '2020-07-20', '2020-08-21', NULL, 7, 'S', 38, 154, 31, 31, '2020-07-21 01:30:26', '2020-08-31 01:26:58', 0, 'P'),
(173, 'PGMW10', '2020-08-04', '2020-09-17', NULL, 5, 'P', 38, 155, 33, 0, '2020-08-04 08:59:56', '2020-08-18 13:06:53', 0, 'P'),
(177, 'PKMD173', '2020-08-06', '2020-09-10', NULL, 6, 'P', 38, 159, 33, 33, '2020-08-06 02:53:42', '2020-09-01 04:03:08', 0, 'P'),
(178, 'KSGK32', '2020-08-09', '2020-09-08', NULL, 8, 'S', 28, 160, 0, 0, '2020-08-12 02:04:17', '2020-08-12 02:04:17', 0, NULL),
(179, 'PGMD264', '2020-08-10', '2020-09-21', NULL, 5, 'P', 38, 161, 33, 0, '2020-08-12 11:08:58', '2020-08-22 13:26:28', 0, 'P'),
(180, 'PKMD174', '2020-08-10', '2020-09-16', NULL, 5, 'P', 38, 162, 32, 0, '2020-08-15 02:59:15', '2020-08-17 04:23:25', 0, 'P'),
(181, 'KSGK BU REVI', '2020-08-16', '2020-09-15', NULL, 2, 'P', 27, 163, 0, 0, '2020-08-16 05:43:22', '2020-08-16 05:43:45', 1, 'P'),
(182, 'KSGK REVI', '2020-08-16', '2020-09-15', NULL, 8, 'S', 27, 164, 0, 0, '2020-08-16 05:47:37', '2020-08-16 05:47:37', 0, NULL),
(183, 'PGMD265', '2020-08-21', '2020-09-24', NULL, 5, 'P', 38, 165, 31, 0, '2020-08-21 08:34:50', '2020-08-25 05:08:24', 0, 'P'),
(184, 'PGMD266', '2020-08-21', '2020-09-21', NULL, 5, 'P', 38, 166, 32, 0, '2020-08-21 12:23:08', '2020-08-22 13:26:17', 0, 'P'),
(185, 'PKMD175', '2020-08-22', '2020-09-27', NULL, 5, 'P', 28, 167, 31, 0, '2020-08-22 10:54:27', '2020-08-28 02:59:31', 0, 'P'),
(198, 'ADK08', '2020-08-25', '2020-09-25', NULL, 5, 'P', 38, 180, 32, 0, '2020-08-25 04:34:45', '2020-08-26 10:08:40', 0, 'P'),
(199, 'PKMD176', '2020-08-31', '2020-09-30', NULL, 2, 'P', 38, 181, 0, 0, '2020-08-31 08:15:21', '2020-08-31 08:15:21', 0, 'P');

-- --------------------------------------------------------

--
-- Struktur dari tabel `pesanan_files`
--

CREATE TABLE `pesanan_files` (
  `id` int(11) NOT NULL,
  `pesanan_id` int(11) NOT NULL,
  `tipe` char(5) NOT NULL,
  `nama_file` varchar(200) NOT NULL,
  `user_id` int(11) NOT NULL,
  `created_at` timestamp NOT NULL DEFAULT CURRENT_TIMESTAMP ON UPDATE CURRENT_TIMESTAMP,
  `updated_at` timestamp NOT NULL DEFAULT '0000-00-00 00:00:00'
) ENGINE=InnoDB DEFAULT CHARSET=latin1;

--
-- Dumping data untuk tabel `pesanan_files`
--

INSERT INTO `pesanan_files` (`id`, `pesanan_id`, `tipe`, `nama_file`, `user_id`, `created_at`, `updated_at`) VALUES
(16, 56, 'OM', '1583034789158.jpg', 28, '2020-03-01 03:53:29', '2020-03-01 03:53:29'),
(17, 56, 'OM', '1583034800722.jpg', 28, '2020-03-01 03:53:29', '2020-03-01 03:53:29'),
(18, 57, 'OM', '1583223110819.jpg', 28, '2020-03-03 08:12:18', '2020-03-03 08:12:18'),
(19, 57, 'OM', '1583223124775.jpg', 28, '2020-03-03 08:12:18', '2020-03-03 08:12:18'),
(20, 58, 'OM', '1583381198664.jpg', 28, '2020-03-05 04:06:54', '2020-03-05 04:06:54'),
(21, 58, 'OM', '1583381206066.jpg', 28, '2020-03-05 04:06:54', '2020-03-05 04:06:54'),
(22, 59, 'OM', '1583382049345.jpg', 28, '2020-03-05 04:21:26', '2020-03-05 04:21:26'),
(23, 59, 'OM', '1583382054928.jpg', 28, '2020-03-05 04:21:26', '2020-03-05 04:21:26'),
(24, 60, 'OM', '1583383599289.jpg', 28, '2020-03-05 04:46:50', '2020-03-05 04:46:50'),
(25, 60, 'OM', '1583383606684.jpg', 28, '2020-03-05 04:46:50', '2020-03-05 04:46:50'),
(26, 61, 'OM', '1583383793878.jpg', 28, '2020-03-05 04:50:00', '2020-03-05 04:50:00'),
(27, 61, 'OM', '1583383797777.jpg', 28, '2020-03-05 04:50:00', '2020-03-05 04:50:00'),
(28, 62, 'OM', '1583384098849.jpg', 28, '2020-03-05 04:55:27', '2020-03-05 04:55:27'),
(29, 62, 'OM', '1583384104895.jpg', 28, '2020-03-05 04:55:27', '2020-03-05 04:55:27'),
(30, 63, 'OM', '1583390755809.jpg', 28, '2020-03-05 06:46:05', '2020-03-05 06:46:05'),
(31, 63, 'OM', '1583390760045.jpg', 28, '2020-03-05 06:46:05', '2020-03-05 06:46:05'),
(32, 64, 'OM', '1583390932918.jpg', 28, '2020-03-05 06:48:58', '2020-03-05 06:48:58'),
(33, 64, 'OM', '1583390936588.jpg', 28, '2020-03-05 06:48:58', '2020-03-05 06:48:58'),
(34, 65, 'OM', '1583391104065.jpg', 28, '2020-03-05 06:51:51', '2020-03-05 06:51:51'),
(35, 65, 'OM', '1583391108269.jpg', 28, '2020-03-05 06:51:51', '2020-03-05 06:51:51'),
(36, 66, 'OM', '1583484311741.jpg', 28, '2020-03-06 08:45:14', '2020-03-06 08:45:14'),
(37, 67, 'OM', '1583731252214.jpg', 28, '2020-03-09 05:20:56', '2020-03-09 05:20:56'),
(38, 68, 'OM', '1584093739163.jpg', 28, '2020-03-13 10:02:27', '2020-03-13 10:02:27'),
(39, 68, 'OM', '1584093743545.jpg', 28, '2020-03-13 10:02:27', '2020-03-13 10:02:27'),
(40, 69, 'OM', '1584524913737.jpg', 28, '2020-03-18 09:48:42', '2020-03-18 09:48:42'),
(41, 69, 'OM', '1584524918350.jpg', 28, '2020-03-18 09:48:42', '2020-03-18 09:48:42'),
(42, 58, 'PF', '1585229873160.jpg', 36, '2020-03-26 13:37:54', '2020-03-26 13:37:54'),
(43, 72, 'OM', '1585378008738.jpg', 28, '2020-03-28 06:46:57', '2020-03-28 06:46:57'),
(44, 72, 'OM', '1585378008823.jpg', 28, '2020-03-28 06:46:57', '2020-03-28 06:46:57'),
(45, 73, 'OM', '1585378305320.jpg', 28, '2020-03-28 06:51:49', '2020-03-28 06:51:49'),
(46, 73, 'OM', '1585378305374.jpg', 28, '2020-03-28 06:51:49', '2020-03-28 06:51:49'),
(47, 74, 'OM', '1586218207872.jpg', 28, '2020-04-07 00:10:12', '2020-04-07 00:10:12'),
(48, 74, 'OM', '1586218207935.jpg', 28, '2020-04-07 00:10:12', '2020-04-07 00:10:12'),
(49, 75, 'OM', '1586233329353.jpg', 28, '2020-04-07 04:22:13', '2020-04-07 04:22:13'),
(50, 75, 'OM', '1586233329434.jpg', 28, '2020-04-07 04:22:13', '2020-04-07 04:22:13'),
(51, 76, 'OM', '1587090876822.jpg', 28, '2020-04-17 02:34:40', '2020-04-17 02:34:40'),
(52, 76, 'OM', '1587090876905.jpg', 28, '2020-04-17 02:34:40', '2020-04-17 02:34:40'),
(53, 77, 'OM', '1587517289993.jpg', 28, '2020-04-22 01:01:33', '2020-04-22 01:01:33'),
(54, 77, 'OM', '1587517290071.jpg', 28, '2020-04-22 01:01:33', '2020-04-22 01:01:33'),
(55, 78, 'OM', '1587780992658.jpg', 28, '2020-04-25 02:16:35', '2020-04-25 02:16:35'),
(56, 79, 'OM', '1587974420714.jpg', 28, '2020-04-27 08:00:29', '2020-04-27 08:00:29'),
(57, 79, 'OM', '1587974420792.jpg', 28, '2020-04-27 08:00:29', '2020-04-27 08:00:29'),
(58, 79, 'OM', '1587974420830.jpg', 28, '2020-04-27 08:00:29', '2020-04-27 08:00:29'),
(59, 79, 'OM', '1587974420860.jpg', 28, '2020-04-27 08:00:29', '2020-04-27 08:00:29'),
(60, 80, 'OM', '1588558074118.jpg', 28, '2020-05-04 02:08:00', '2020-05-04 02:08:00'),
(61, 57, 'PF', '1588559893309.jpg', 29, '2020-05-04 02:38:18', '2020-05-04 02:38:18'),
(62, 56, 'PF', '1588559925936.jpg', 29, '2020-05-04 02:38:49', '2020-05-04 02:38:49'),
(63, 59, 'PF', '1588559938345.jpg', 29, '2020-05-04 02:39:00', '2020-05-04 02:39:00'),
(64, 69, 'PF', '1588559955097.jpg', 29, '2020-05-04 02:39:17', '2020-05-04 02:39:17'),
(65, 62, 'PF', '1588559966089.jpg', 29, '2020-05-04 02:39:28', '2020-05-04 02:39:28'),
(66, 66, 'PF', '1588560003634.jpg', 29, '2020-05-04 02:40:06', '2020-05-04 02:40:06'),
(67, 81, 'OM', '1588560661276.jpg', 28, '2020-05-04 02:53:25', '2020-05-04 02:53:25'),
(68, 81, 'OM', '1588560661325.jpg', 28, '2020-05-04 02:53:25', '2020-05-04 02:53:25'),
(69, 82, 'OM', '1588749980559.jpg', 28, '2020-05-06 07:26:25', '2020-05-06 07:26:25'),
(70, 73, 'PF', '1588823372348.jpg', 29, '2020-05-07 03:49:37', '2020-05-07 03:49:37'),
(71, 83, 'OM', '1588828033999.jpg', 28, '2020-05-07 05:07:17', '2020-05-07 05:07:17'),
(72, 83, 'OM', '1588828034047.jpg', 28, '2020-05-07 05:07:17', '2020-05-07 05:07:17'),
(73, 84, 'OM', '1588910159251.jpg', 28, '2020-05-08 03:56:04', '2020-05-08 03:56:04'),
(74, 84, 'OM', '1588910159300.jpg', 28, '2020-05-08 03:56:04', '2020-05-08 03:56:04'),
(75, 68, 'PF', '1588988003597.jpg', 29, '2020-05-09 01:33:27', '2020-05-09 01:33:27'),
(76, 75, 'PF', '1588988827340.jpg', 29, '2020-05-09 01:47:10', '2020-05-09 01:47:10'),
(77, 89, 'OM', '1588992459716.jpg', 28, '2020-05-09 02:47:46', '2020-05-09 02:47:46'),
(78, 89, 'OM', '1588992459746.jpg', 28, '2020-05-09 02:47:46', '2020-05-09 02:47:46'),
(79, 90, 'OM', '1589184068866.jpg', 28, '2020-05-11 08:01:12', '2020-05-11 08:01:12'),
(80, 90, 'OM', '1589184068941.jpg', 28, '2020-05-11 08:01:12', '2020-05-11 08:01:12'),
(81, 67, 'PF', '1589600250633.jpg', 29, '2020-05-16 03:37:42', '2020-05-16 03:37:42'),
(82, 81, 'PF', '1589600298003.jpg', 29, '2020-05-16 03:38:22', '2020-05-16 03:38:22'),
(83, 78, 'PF', '1589617228950.jpg', 29, '2020-05-16 08:20:41', '2020-05-16 08:20:41'),
(84, 91, 'OM', '1589790302061.jpg', 28, '2020-05-18 08:25:21', '2020-05-18 08:25:21'),
(85, 91, 'OM', '1589790302112.jpg', 28, '2020-05-18 08:25:21', '2020-05-18 08:25:21'),
(86, 76, 'PF', '1589806590986.jpg', 29, '2020-05-18 12:56:35', '2020-05-18 12:56:35'),
(87, 92, 'OM', '1589858691018.jpg', 28, '2020-05-19 03:25:21', '2020-05-19 03:25:21'),
(88, 93, 'OM', '1589941928062.jpg', 28, '2020-05-20 02:32:10', '2020-05-20 02:32:10'),
(89, 93, 'OM', '1589941928133.jpg', 28, '2020-05-20 02:32:10', '2020-05-20 02:32:10'),
(90, 79, 'PF', '1589972339280.jpg', 29, '2020-05-20 10:59:02', '2020-05-20 10:59:02'),
(91, 77, 'PF', '1590055703132.jpg', 29, '2020-05-21 10:08:25', '2020-05-21 10:08:25'),
(92, 94, 'OM', '1590190901745.jpg', 28, '2020-05-22 23:41:44', '2020-05-22 23:41:44'),
(93, 94, 'OM', '1590190901800.jpg', 28, '2020-05-22 23:41:44', '2020-05-22 23:41:44'),
(94, 98, 'OM', '1590657647045.jpg', 38, '2020-05-28 09:20:51', '2020-05-28 09:20:51'),
(95, 98, 'OM', '1590657647127.jpg', 38, '2020-05-28 09:20:51', '2020-05-28 09:20:51'),
(96, 99, 'OM', '1590657883367.jpg', 38, '2020-05-28 09:24:47', '2020-05-28 09:24:47'),
(97, 99, 'OM', '1590657883446.jpg', 38, '2020-05-28 09:24:47', '2020-05-28 09:24:47'),
(100, 101, 'OM', '1590658671651.jpg', 38, '2020-05-28 09:37:56', '2020-05-28 09:37:56'),
(101, 101, 'OM', '1590658671764.jpg', 38, '2020-05-28 09:37:56', '2020-05-28 09:37:56'),
(102, 102, 'OM', '1590717444994.jpg', 28, '2020-05-29 01:57:34', '2020-05-29 01:57:34'),
(103, 102, 'OM', '1590717445019.jpg', 28, '2020-05-29 01:57:34', '2020-05-29 01:57:34'),
(104, 102, 'OM', '1590717445037.jpg', 28, '2020-05-29 01:57:34', '2020-05-29 01:57:34'),
(105, 103, 'OM', '1591076819552.jpg', 27, '2020-06-02 05:47:03', '2020-06-02 05:47:03'),
(106, 103, 'OM', '1591076819637.jpg', 27, '2020-06-02 05:47:03', '2020-06-02 05:47:03'),
(107, 103, 'OM', '1591076819734.jpg', 27, '2020-06-02 05:47:03', '2020-06-02 05:47:03'),
(108, 104, 'OM', '1591080849973.jpg', 38, '2020-06-02 06:54:25', '2020-06-02 06:54:25'),
(109, 104, 'OM', '1591080850078.jpg', 38, '2020-06-02 06:54:25', '2020-06-02 06:54:25'),
(110, 111, 'OM', '1591236153315.jpg', 38, '2020-06-04 02:02:39', '2020-06-04 02:02:39'),
(111, 111, 'OM', '1591236153416.jpg', 38, '2020-06-04 02:02:39', '2020-06-04 02:02:39'),
(112, 112, 'OM', '1591262792233.jpg', 38, '2020-06-04 09:27:41', '2020-06-04 09:27:41'),
(113, 112, 'OM', '1591262792298.jpg', 38, '2020-06-04 09:27:41', '2020-06-04 09:27:41'),
(114, 113, 'OM', '1591406528227.jpg', 38, '2020-06-06 01:22:11', '2020-06-06 01:22:11'),
(115, 113, 'OM', '1591406528293.jpg', 38, '2020-06-06 01:22:11', '2020-06-06 01:22:11'),
(116, 114, 'OM', '1591430057571.jpg', 38, '2020-06-06 07:54:21', '2020-06-06 07:54:21'),
(117, 114, 'OM', '1591430057636.jpg', 38, '2020-06-06 07:54:21', '2020-06-06 07:54:21'),
(120, 89, 'PF', '1591440405621.jpg', 29, '2020-06-06 10:46:52', '2020-06-06 10:46:52'),
(121, 82, 'PF', '1591483410703.jpg', 29, '2020-06-06 22:43:35', '2020-06-06 22:43:35'),
(122, 116, 'OM', '1591582544401.jpg', 38, '2020-06-08 02:16:07', '2020-06-08 02:16:07'),
(123, 116, 'OM', '1591582544525.jpg', 38, '2020-06-08 02:16:07', '2020-06-08 02:16:07'),
(124, 84, 'PF', '1591585900223.jpg', 29, '2020-06-08 03:11:43', '2020-06-08 03:11:43'),
(125, 117, 'OM', '1591669478440.jpg', 38, '2020-06-09 02:24:43', '2020-06-09 02:24:43'),
(126, 117, 'OM', '1591669478512.jpg', 38, '2020-06-09 02:24:43', '2020-06-09 02:24:43'),
(127, 118, 'OM', '1591695168733.jpg', 38, '2020-06-09 09:32:52', '2020-06-09 09:32:52'),
(128, 118, 'OM', '1591695168816.jpg', 38, '2020-06-09 09:32:52', '2020-06-09 09:32:52'),
(129, 119, 'OM', '1591769653408.jpg', 38, '2020-06-10 06:14:17', '2020-06-10 06:14:17'),
(130, 119, 'OM', '1591769653506.jpg', 38, '2020-06-10 06:14:17', '2020-06-10 06:14:17'),
(131, 120, 'OM', '1592234639680.jpg', 27, '2020-06-15 15:24:07', '2020-06-15 15:24:07'),
(132, 120, 'OM', '1592234639729.jpg', 27, '2020-06-15 15:24:07', '2020-06-15 15:24:07'),
(133, 121, 'OM', '1592234791896.jpg', 27, '2020-06-15 15:27:27', '2020-06-15 15:27:27'),
(134, 121, 'OM', '1592234791978.jpg', 27, '2020-06-15 15:27:27', '2020-06-15 15:27:27'),
(135, 121, 'OM', '1592234792044.jpg', 27, '2020-06-15 15:27:27', '2020-06-15 15:27:27'),
(136, 121, 'OM', '1592234843874.jpg', 27, '2020-06-15 15:27:27', '2020-06-15 15:27:27'),
(137, 91, 'PF', '1592266615778.jpg', 29, '2020-06-16 00:17:01', '2020-06-16 00:17:01'),
(138, 126, 'OM', '1592289175406.jpg', 38, '2020-06-16 06:33:07', '2020-06-16 06:33:07'),
(139, 126, 'OM', '1592289175581.jpg', 38, '2020-06-16 06:33:08', '2020-06-16 06:33:08'),
(140, 127, 'OM', '1592548258850.jpg', 38, '2020-06-19 06:31:05', '2020-06-19 06:31:05'),
(141, 127, 'OM', '1592548259026.jpg', 38, '2020-06-19 06:31:05', '2020-06-19 06:31:05'),
(142, 127, 'OM', '1592548259194.jpg', 38, '2020-06-19 06:31:05', '2020-06-19 06:31:05'),
(143, 128, 'OM', '1592548412391.jpg', 38, '2020-06-19 06:33:36', '2020-06-19 06:33:36'),
(144, 128, 'OM', '1592548412640.jpg', 38, '2020-06-19 06:33:36', '2020-06-19 06:33:36'),
(145, 129, 'OM', '1592642116419.jpg', 38, '2020-06-20 08:35:25', '2020-06-20 08:35:25'),
(146, 129, 'OM', '1592642117291.jpg', 38, '2020-06-20 08:35:25', '2020-06-20 08:35:25'),
(147, 130, 'OM', '1592722839607.jpg', 27, '2020-06-21 07:00:45', '2020-06-21 07:00:45'),
(148, 80, 'PF', '1592793677533.jpg', 29, '2020-06-22 02:41:20', '2020-06-22 02:41:20'),
(149, 102, 'PF', '1592793703370.jpg', 29, '2020-06-22 02:41:46', '2020-06-22 02:41:46'),
(150, 131, 'OM', '1592795297941.jpg', 27, '2020-06-22 03:08:34', '2020-06-22 03:08:34'),
(151, 132, 'OM', '1592796306414.jpg', 27, '2020-06-22 03:25:09', '2020-06-22 03:25:09'),
(152, 132, 'OM', '1592796306573.jpg', 27, '2020-06-22 03:25:09', '2020-06-22 03:25:09'),
(153, 142, 'OM', '1592988907283.jpg', 38, '2020-06-24 08:55:19', '2020-06-24 08:55:19'),
(154, 142, 'OM', '1592988907347.jpg', 38, '2020-06-24 08:55:19', '2020-06-24 08:55:19'),
(155, 142, 'OM', '1592988907412.jpg', 38, '2020-06-24 08:55:19', '2020-06-24 08:55:19'),
(156, 142, 'OM', '1592988907472.jpg', 38, '2020-06-24 08:55:19', '2020-06-24 08:55:19'),
(157, 142, 'OM', '1592988907578.jpg', 38, '2020-06-24 08:55:19', '2020-06-24 08:55:19'),
(158, 142, 'OM', '1592988907697.jpg', 38, '2020-06-24 08:55:19', '2020-06-24 08:55:19'),
(159, 142, 'OM', '1592988907869.jpg', 38, '2020-06-24 08:55:19', '2020-06-24 08:55:19'),
(160, 142, 'OM', '1592988908002.jpg', 38, '2020-06-24 08:55:19', '2020-06-24 08:55:19'),
(161, 142, 'OM', '1592988908100.jpg', 38, '2020-06-24 08:55:19', '2020-06-24 08:55:19'),
(162, 144, 'OM', '1592994254340.jpg', 38, '2020-06-24 10:24:17', '2020-06-24 10:24:17'),
(163, 144, 'OM', '1592994254521.jpg', 38, '2020-06-24 10:24:17', '2020-06-24 10:24:17'),
(164, 83, 'PF', '1593146270421.jpg', 29, '2020-06-26 04:37:53', '2020-06-26 04:37:53'),
(165, 145, 'OM', '1593185440888.jpg', 38, '2020-06-26 15:30:46', '2020-06-26 15:30:46'),
(166, 145, 'OM', '1593185440956.jpg', 38, '2020-06-26 15:30:46', '2020-06-26 15:30:46'),
(167, 145, 'OM', '1593185441023.jpg', 38, '2020-06-26 15:30:46', '2020-06-26 15:30:46'),
(168, 132, 'PF', '1593259057951.jpg', 29, '2020-06-27 11:57:40', '2020-06-27 11:57:40'),
(169, 101, 'PF', '1593506671990.jpg', 29, '2020-06-30 08:44:39', '2020-06-30 08:44:39'),
(170, 146, 'OM', '1593585459770.jpg', 38, '2020-07-01 06:37:44', '2020-07-01 06:37:44'),
(171, 146, 'OM', '1593585459849.jpg', 38, '2020-07-01 06:37:44', '2020-07-01 06:37:44'),
(172, 146, 'OM', '1593585459897.jpg', 38, '2020-07-01 06:37:44', '2020-07-01 06:37:44'),
(176, 60, 'OM', '1593691720375.jpg', 37, '2020-07-02 12:08:48', '2020-07-02 12:08:48'),
(177, 60, 'OM', '1593693112964.jpg', 37, '2020-07-02 12:32:56', '2020-07-02 12:32:56'),
(178, 61, 'OM', '1593696201388.jpg', 37, '2020-07-02 13:30:56', '2020-07-02 13:30:56'),
(179, 61, 'OM', '1593698206221.jpg', 37, '2020-07-02 13:58:38', '2020-07-02 13:58:38'),
(185, 90, 'PF', '1593849863340.jpg', 29, '2020-07-04 08:04:33', '2020-07-04 08:04:33'),
(186, 98, 'PF', '1593850180827.jpg', 29, '2020-07-04 08:09:45', '2020-07-04 08:09:45'),
(187, 115, 'OM', '1593924809332.jpg', 38, '2020-07-05 04:53:48', '2020-07-05 04:53:48'),
(188, 115, 'OM', '1593924809573.jpg', 38, '2020-07-05 04:53:48', '2020-07-05 04:53:48'),
(189, 103, 'PF', '1594004601510.jpg', 29, '2020-07-06 03:03:24', '2020-07-06 03:03:24'),
(190, 111, 'PF', '1594004620636.jpg', 29, '2020-07-06 03:03:43', '2020-07-06 03:03:43'),
(191, 116, 'OM', '1594005942205.jpg', 38, '2020-07-06 03:25:46', '2020-07-06 03:25:46'),
(192, 116, 'OM', '1594005984652.jpg', 38, '2020-07-06 03:26:35', '2020-07-06 03:26:35'),
(193, 149, 'OM', '1594369303904.jpg', 38, '2020-07-10 08:21:47', '2020-07-10 08:21:47'),
(196, 150, 'OM', '1594370808561.jpg', 38, '2020-07-10 08:46:53', '2020-07-10 08:46:53'),
(197, 150, 'OM', '1594370808721.jpg', 38, '2020-07-10 08:46:53', '2020-07-10 08:46:53'),
(198, 150, 'OM', '1594370808903.jpg', 38, '2020-07-10 08:46:53', '2020-07-10 08:46:53'),
(199, 151, 'OM', '1594442472740.jpg', 38, '2020-07-11 04:41:37', '2020-07-11 04:41:37'),
(200, 151, 'OM', '1594442472913.jpg', 38, '2020-07-11 04:41:37', '2020-07-11 04:41:37'),
(201, 151, 'OM', '1594442473077.jpg', 38, '2020-07-11 04:41:37', '2020-07-11 04:41:37'),
(202, 112, 'PF', '1594478064484.jpg', 29, '2020-07-11 14:34:27', '2020-07-11 14:34:27'),
(203, 114, 'PF', '1594478396751.jpg', 29, '2020-07-11 14:40:00', '2020-07-11 14:40:00'),
(206, 153, 'OM', '1594708296637.jpg', 38, '2020-07-14 06:31:41', '2020-07-14 06:31:41'),
(207, 153, 'OM', '1594708296829.jpg', 38, '2020-07-14 06:31:41', '2020-07-14 06:31:41'),
(208, 100, 'OM', '1594711677903.jpg', 27, '2020-07-14 07:28:08', '2020-07-14 07:28:08'),
(209, 100, 'OM', '1594711677975.jpg', 27, '2020-07-14 07:28:08', '2020-07-14 07:28:08'),
(210, 100, 'OM', '1594711678043.jpg', 27, '2020-07-14 07:28:08', '2020-07-14 07:28:08'),
(211, 100, 'OM', '1594711678111.jpg', 27, '2020-07-14 07:28:08', '2020-07-14 07:28:08'),
(212, 100, 'OM', '1594711685903.jpg', 27, '2020-07-14 07:28:08', '2020-07-14 07:28:08'),
(213, 94, 'OM', '1594715616720.jpg', 38, '2020-07-14 08:33:45', '2020-07-14 08:33:45'),
(214, 94, 'OM', '1594715616898.jpg', 38, '2020-07-14 08:33:45', '2020-07-14 08:33:45'),
(215, 153, 'OM', '1594787569458.jpg', 38, '2020-07-15 04:32:51', '2020-07-15 04:32:51'),
(216, 152, 'OM', '1594787608684.jpg', 38, '2020-07-15 04:33:32', '2020-07-15 04:33:32'),
(217, 157, 'OM', '1594889330513.jpg', 38, '2020-07-16 08:48:59', '2020-07-16 08:48:59'),
(218, 157, 'OM', '1594889330694.jpg', 38, '2020-07-16 08:48:59', '2020-07-16 08:48:59'),
(219, 157, 'OM', '1594889330874.jpg', 38, '2020-07-16 08:48:59', '2020-07-16 08:48:59'),
(220, 116, 'PF', '1594955346655.jpg', 29, '2020-07-17 03:09:10', '2020-07-17 03:09:10'),
(221, 113, 'PF', '1595225056293.jpg', 29, '2020-07-20 06:04:20', '2020-07-20 06:04:20'),
(222, 113, 'PF', '1595225056358.jpg', 29, '2020-07-20 06:04:20', '2020-07-20 06:04:20'),
(223, 171, 'OM', '1595292074326.jpg', 38, '2020-07-21 00:41:23', '2020-07-21 00:41:23'),
(224, 171, 'OM', '1595292074488.jpg', 38, '2020-07-21 00:41:23', '2020-07-21 00:41:23'),
(225, 171, 'OM', '1595292074656.jpg', 38, '2020-07-21 00:41:23', '2020-07-21 00:41:23'),
(226, 120, 'PF', '1595292153607.jpg', 29, '2020-07-21 00:42:37', '2020-07-21 00:42:37'),
(227, 172, 'OM', '1595295021001.jpg', 38, '2020-07-21 01:30:26', '2020-07-21 01:30:26'),
(233, 172, 'OM', '1595577993643.jpg', 38, '2020-07-24 08:06:38', '2020-07-24 08:06:38'),
(234, 172, 'OM', '1595577993818.jpg', 38, '2020-07-24 08:06:38', '2020-07-24 08:06:38'),
(235, 129, 'PF', '1595689092078.jpg', 29, '2020-07-25 14:58:15', '2020-07-25 14:58:15'),
(236, 117, 'PF', '1595689123351.jpg', 29, '2020-07-25 14:58:46', '2020-07-25 14:58:46'),
(237, 127, 'PF', '1595980946288.jpg', 29, '2020-07-29 00:02:29', '2020-07-29 00:02:29'),
(238, 145, 'PF', '1596088159470.jpg', 29, '2020-07-30 05:49:22', '2020-07-30 05:49:22'),
(239, 119, 'PF', '1596418621515.jpg', 29, '2020-08-03 01:37:05', '2020-08-03 01:37:05'),
(240, 173, 'OM', '1596531591408.jpg', 38, '2020-08-04 08:59:56', '2020-08-04 08:59:56'),
(241, 173, 'OM', '1596531591568.jpg', 38, '2020-08-04 08:59:56', '2020-08-04 08:59:56'),
(242, 173, 'OM', '1596531591726.jpg', 38, '2020-08-04 08:59:56', '2020-08-04 08:59:56'),
(243, 121, 'PF', '1596681095379.jpg', 29, '2020-08-06 02:31:39', '2020-08-06 02:31:39'),
(244, 177, 'OM', '1596681636379.jpg', 38, '2020-08-06 02:53:42', '2020-08-06 02:53:42'),
(245, 177, 'OM', '1596681636539.jpg', 38, '2020-08-06 02:53:42', '2020-08-06 02:53:42'),
(246, 177, 'OM', '1596681636688.jpg', 38, '2020-08-06 02:53:42', '2020-08-06 02:53:42'),
(247, 177, 'OM', '1596681636818.jpg', 38, '2020-08-06 02:53:42', '2020-08-06 02:53:42'),
(248, 126, 'PF', '1597156649502.jpg', 29, '2020-08-11 14:37:33', '2020-08-11 14:37:33'),
(249, 179, 'OM', '1597230524770.jpg', 38, '2020-08-12 11:08:58', '2020-08-12 11:08:58'),
(250, 179, 'OM', '1597230524950.jpg', 38, '2020-08-12 11:08:58', '2020-08-12 11:08:58'),
(251, 179, 'OM', '1597230525124.jpg', 38, '2020-08-12 11:08:58', '2020-08-12 11:08:58'),
(252, 180, 'OM', '1597460343982.jpg', 38, '2020-08-15 02:59:15', '2020-08-15 02:59:15'),
(253, 180, 'OM', '1597460344175.jpg', 38, '2020-08-15 02:59:15', '2020-08-15 02:59:15'),
(254, 180, 'OM', '1597460344335.jpg', 38, '2020-08-15 02:59:15', '2020-08-15 02:59:15'),
(255, 181, 'OM', '1597556588994.jpg', 27, '2020-08-16 05:43:22', '2020-08-16 05:43:22'),
(256, 100, 'OM', '1597751248571.jpg', 38, '2020-08-18 11:47:34', '2020-08-18 11:47:34'),
(257, 100, 'OM', '1597751248736.jpg', 38, '2020-08-18 11:47:34', '2020-08-18 11:47:34'),
(260, 183, 'OM', '1597998884617.jpg', 38, '2020-08-21 08:34:50', '2020-08-21 08:34:50'),
(261, 183, 'OM', '1597998884816.jpg', 38, '2020-08-21 08:34:50', '2020-08-21 08:34:50'),
(262, 183, 'OM', '1597998884998.jpg', 38, '2020-08-21 08:34:50', '2020-08-21 08:34:50'),
(263, 184, 'OM', '1598012584159.jpg', 38, '2020-08-21 12:23:08', '2020-08-21 12:23:08'),
(264, 184, 'OM', '1598012584355.jpg', 38, '2020-08-21 12:23:08', '2020-08-21 12:23:08'),
(265, 184, 'OM', '1598012584518.jpg', 38, '2020-08-21 12:23:08', '2020-08-21 12:23:08'),
(266, 146, 'PF', '1598053481495.jpg', 29, '2020-08-21 23:44:44', '2020-08-21 23:44:44'),
(267, 151, 'PF', '1598053512546.jpg', 29, '2020-08-21 23:45:15', '2020-08-21 23:45:15'),
(268, 150, 'PF', '1598053535183.jpg', 29, '2020-08-21 23:45:37', '2020-08-21 23:45:37'),
(269, 152, 'OM', '1598080958478.jpg', 38, '2020-08-22 07:22:44', '2020-08-22 07:22:44'),
(270, 152, 'OM', '1598080958639.jpg', 38, '2020-08-22 07:22:44', '2020-08-22 07:22:44'),
(273, 185, 'OM', '1598093649149.jpg', 28, '2020-08-22 10:54:27', '2020-08-22 10:54:27'),
(274, 142, 'PF', '1598099792164.jpg', 29, '2020-08-22 12:36:35', '2020-08-22 12:36:35'),
(275, 185, 'OM', '1598251665263.jpg', 38, '2020-08-24 06:47:56', '2020-08-24 06:47:56'),
(276, 185, 'OM', '1598251665459.jpg', 38, '2020-08-24 06:47:56', '2020-08-24 06:47:56'),
(277, 183, 'OM', '1598258406314.jpg', 28, '2020-08-24 08:40:11', '2020-08-24 08:40:11'),
(279, 183, 'OM', '1598261674770.jpg', 38, '2020-08-24 09:34:39', '2020-08-24 09:34:39'),
(280, 198, 'OM', '1598330080142.jpg', 38, '2020-08-25 04:34:45', '2020-08-25 04:34:45'),
(281, 198, 'OM', '1598330080315.jpg', 38, '2020-08-25 04:34:45', '2020-08-25 04:34:45'),
(282, 198, 'OM', '1598330080469.jpg', 38, '2020-08-25 04:34:45', '2020-08-25 04:34:45'),
(283, 149, 'OM', '1598351612266.jpg', 38, '2020-08-25 10:33:38', '2020-08-25 10:33:38'),
(284, 149, 'OM', '1598351612493.jpg', 38, '2020-08-25 10:33:38', '2020-08-25 10:33:38'),
(285, 149, 'OM', '1598351612736.jpg', 38, '2020-08-25 10:33:38', '2020-08-25 10:33:38'),
(286, 149, 'OM', '1598351612885.jpg', 38, '2020-08-25 10:33:38', '2020-08-25 10:33:38'),
(287, 153, 'PF', '1598518038954.jpg', 29, '2020-08-27 08:47:22', '2020-08-27 08:47:22'),
(288, 157, 'PF', '1598713756848.jpg', 29, '2020-08-29 15:09:21', '2020-08-29 15:09:21'),
(289, 171, 'PF', '1598837290908.jpg', 29, '2020-08-31 01:28:14', '2020-08-31 01:28:14'),
(290, 199, 'OM', '1598861716963.jpg', 38, '2020-08-31 08:15:21', '2020-08-31 08:15:21'),
(291, 199, 'OM', '1598861717126.jpg', 38, '2020-08-31 08:15:21', '2020-08-31 08:15:21'),
(292, 199, 'OM', '1598861717305.jpg', 38, '2020-08-31 08:15:21', '2020-08-31 08:15:21'),
(293, 152, 'PF', '1598872493036.jpg', 29, '2020-08-31 11:14:57', '2020-08-31 11:14:57'),
(294, 94, 'PF', '1598872516305.jpg', 29, '2020-08-31 11:15:20', '2020-08-31 11:15:20');

-- --------------------------------------------------------

--
-- Struktur dari tabel `pesanan_flow`
--

CREATE TABLE `pesanan_flow` (
  `id` int(11) NOT NULL,
  `nama` varchar(100) NOT NULL,
  `rencana_kerja_id` int(11) NOT NULL
) ENGINE=InnoDB DEFAULT CHARSET=latin1;

--
-- Dumping data untuk tabel `pesanan_flow`
--

INSERT INTO `pesanan_flow` (`id`, `nama`, `rencana_kerja_id`) VALUES
(1, 'Order Masuk', 0),
(2, 'Pengajuan Pasang Kusen', 1),
(3, 'Konfirmasi Pasang Kusen', 1),
(4, 'Mitra Pemasang Kusen', 1),
(5, 'Pengajuan Pasang Unit', 2),
(6, 'Konfirmasi Pasang Unit', 2),
(7, 'Selesai Pemasangan Unit', 3),
(8, 'Selesai', 0);

-- --------------------------------------------------------

--
-- Struktur dari tabel `pesanan_log`
--

CREATE TABLE `pesanan_log` (
  `id` int(11) NOT NULL,
  `user_id` int(11) NOT NULL,
  `pesanan_id` int(11) NOT NULL,
  `aktivitas` text NOT NULL,
  `created_at` timestamp NOT NULL DEFAULT CURRENT_TIMESTAMP ON UPDATE CURRENT_TIMESTAMP
) ENGINE=InnoDB DEFAULT CHARSET=latin1;

--
-- Dumping data untuk tabel `pesanan_log`
--

INSERT INTO `pesanan_log` (`id`, `user_id`, `pesanan_id`, `aktivitas`, `created_at`) VALUES
(8, 28, 56, 'menginputkan data konsumen dengan kode order \"PKMD146\"', '2020-03-01 03:53:29'),
(9, 29, 56, 'mengajukan jadwal pasang kusen untuk kode order \"PKMD146\" ', '2020-03-02 10:31:59'),
(10, 27, 56, 'menolak jadwal pasang kusen untuk kode order \"PKMD146\" ', '2020-03-03 01:08:50'),
(11, 28, 57, 'menginputkan data konsumen dengan kode order \"PGMD123r\"', '2020-03-03 08:12:18'),
(12, 30, 57, 'mengajukan jadwal pasang kusen untuk kode order \"PGMD123r\" ', '2020-03-04 06:39:15'),
(13, 28, 58, 'menginputkan data konsumen dengan kode order \"KSFG58\"', '2020-03-05 04:06:54'),
(14, 28, 59, 'menginputkan data konsumen dengan kode order \"PKMD148\"', '2020-03-05 04:21:26'),
(15, 28, 60, 'menginputkan data konsumen dengan kode order \"ESTI\"', '2020-03-05 04:46:50'),
(16, 28, 61, 'menginputkan data konsumen dengan kode order \"PGMD243\"', '2020-03-05 04:50:00'),
(17, 28, 62, 'menginputkan data konsumen dengan kode order \"PKMD147\"', '2020-03-05 04:55:27'),
(18, 28, 63, 'menginputkan data konsumen dengan kode order \"DIANA\"', '2020-03-05 06:46:05'),
(19, 28, 64, 'menginputkan data konsumen dengan kode order \"KSGK38\"', '2020-03-05 06:48:58'),
(20, 28, 65, 'menginputkan data konsumen dengan kode order \"PKMD149\"', '2020-03-05 06:51:51'),
(21, 30, 56, 'menerima perubahan jadwal pasang kusen untuk kode order \"PKMD146\" ', '2020-03-06 01:43:56'),
(22, 28, 66, 'menginputkan data konsumen dengan kode order \"PKMD107\"', '2020-03-06 08:45:14'),
(23, 28, 67, 'menginputkan data konsumen dengan kode order \"PGMD244\"', '2020-03-09 05:20:56'),
(24, 28, 68, 'menginputkan data konsumen dengan kode order \"PGMD246\"', '2020-03-13 10:02:27'),
(25, 28, 69, 'menginputkan data konsumen dengan kode order \"PGMD245\"', '2020-03-18 09:48:42'),
(26, 27, 57, 'menerima pengajuan jadwal pasang kusen untuk kode order \"PGMD123r\" ', '2020-03-24 07:15:04'),
(29, 30, 58, 'mengajukan jadwal pasang kusen untuk kode order \"KSFG58\" ', '2020-03-26 13:20:24'),
(30, 27, 58, 'menerima pengajuan jadwal pasang kusen untuk kode order \"KSFG58\" ', '2020-03-26 13:20:40'),
(31, 30, 59, 'mengajukan jadwal pasang kusen untuk kode order \"PKMD148\" ', '2020-03-26 13:22:50'),
(32, 27, 59, 'menerima pengajuan jadwal pasang kusen untuk kode order \"PKMD148\" ', '2020-03-26 13:23:12'),
(33, 36, 58, 'telah menyelesaikan pasang kusen untuk kode order \"KSFG58\" ', '2020-03-26 13:27:50'),
(34, 36, 59, 'telah menyelesaikan pasang kusen untuk kode order \"PKMD148\" ', '2020-03-26 13:27:54'),
(35, 27, 64, 'Pesanan dihapus', '2020-03-26 13:48:24'),
(36, 33, 56, 'telah menyelesaikan pasang kusen untuk kode order \"PKMD146\" ', '2020-03-26 13:49:47'),
(37, 28, 72, 'menginputkan data konsumen dengan kode order \"PGMD247\"', '2020-03-28 06:46:57'),
(38, 28, 73, 'menginputkan data konsumen dengan kode order \"PGMD249\"', '2020-03-28 06:51:49'),
(39, 28, 74, 'menginputkan data konsumen dengan kode order \"PKMD150\"', '2020-04-07 00:10:12'),
(40, 28, 75, 'menginputkan data konsumen dengan kode order \"ADG10\"', '2020-04-07 04:22:13'),
(41, 27, 60, 'Pesanan dihapus', '2020-04-11 02:36:03'),
(42, 27, 61, 'Pesanan dihapus', '2020-04-11 02:36:16'),
(43, 27, 63, 'Pesanan dihapus', '2020-04-11 02:36:32'),
(44, 28, 76, 'menginputkan data konsumen dengan kode order \"PKMD151\"', '2020-04-17 02:34:40'),
(45, 29, 73, 'mengajukan jadwal pasang kusen untuk kode order \"PGMD249\" ', '2020-04-18 02:57:29'),
(46, 29, 68, 'mengajukan jadwal pasang kusen untuk kode order \"PGMD246\" ', '2020-04-18 03:01:35'),
(47, 29, 69, 'mengajukan jadwal pasang kusen untuk kode order \"PGMD245\" ', '2020-04-18 03:51:37'),
(48, 29, 74, 'mengajukan jadwal pasang kusen untuk kode order \"PKMD150\" ', '2020-04-18 04:05:52'),
(49, 29, 75, 'mengajukan jadwal pasang kusen untuk kode order \"ADG10\" ', '2020-04-18 04:06:22'),
(50, 29, 76, 'mengajukan jadwal pasang kusen untuk kode order \"PKMD151\" ', '2020-04-18 04:07:21'),
(51, 29, 67, 'mengajukan jadwal pasang kusen untuk kode order \"PGMD244\" ', '2020-04-18 04:11:17'),
(52, 27, 67, 'menerima pengajuan jadwal pasang kusen untuk kode order \"PGMD244\" ', '2020-04-18 04:12:08'),
(53, 27, 76, 'menerima pengajuan jadwal pasang kusen untuk kode order \"PKMD151\" ', '2020-04-18 04:12:18'),
(54, 27, 75, 'menerima pengajuan jadwal pasang kusen untuk kode order \"ADG10\" ', '2020-04-18 04:12:22'),
(55, 27, 69, 'menerima pengajuan jadwal pasang kusen untuk kode order \"PGMD245\" ', '2020-04-18 04:12:31'),
(56, 27, 74, 'menerima pengajuan jadwal pasang kusen untuk kode order \"PKMD150\" ', '2020-04-18 04:12:36'),
(57, 27, 68, 'menerima pengajuan jadwal pasang kusen untuk kode order \"PGMD246\" ', '2020-04-18 04:12:52'),
(58, 27, 73, 'menerima pengajuan jadwal pasang kusen untuk kode order \"PGMD249\" ', '2020-04-18 04:12:59'),
(59, 29, 72, 'mengajukan jadwal pasang kusen untuk kode order \"PGMD247\" ', '2020-04-18 04:14:50'),
(60, 29, 65, 'mengajukan jadwal pasang kusen untuk kode order \"PKMD149\" ', '2020-04-18 04:16:13'),
(61, 29, 66, 'mengajukan jadwal pasang kusen untuk kode order \"PKMD107\" ', '2020-04-18 04:16:48'),
(62, 29, 62, 'mengajukan jadwal pasang kusen untuk kode order \"PKMD147\" ', '2020-04-18 04:19:53'),
(63, 28, 77, 'menginputkan data konsumen dengan kode order \"PKMD152\"', '2020-04-22 01:01:33'),
(64, 29, 77, 'mengajukan jadwal pasang kusen untuk kode order \"PKMD152\" ', '2020-04-22 02:29:47'),
(65, 27, 62, 'menerima pengajuan jadwal pasang kusen untuk kode order \"PKMD147\" ', '2020-04-22 03:01:13'),
(66, 27, 66, 'menerima pengajuan jadwal pasang kusen untuk kode order \"PKMD107\" ', '2020-04-22 03:01:22'),
(67, 27, 65, 'menerima pengajuan jadwal pasang kusen untuk kode order \"PKMD149\" ', '2020-04-22 03:01:28'),
(68, 27, 72, 'menerima pengajuan jadwal pasang kusen untuk kode order \"PGMD247\" ', '2020-04-22 03:01:33'),
(69, 27, 77, 'menerima pengajuan jadwal pasang kusen untuk kode order \"PKMD152\" ', '2020-04-23 05:47:48'),
(70, 29, 68, 'telah menyelesaikan pasang kusen untuk kode order \"PGMD246\" ', '2020-04-24 01:19:05'),
(71, 29, 57, 'telah menyelesaikan pasang kusen untuk kode order \"PGMD123r\" ', '2020-04-24 01:20:16'),
(72, 29, 69, 'telah menyelesaikan pasang kusen untuk kode order \"PGMD245\" ', '2020-04-24 01:20:50'),
(73, 29, 73, 'telah menyelesaikan pasang kusen untuk kode order \"PGMD249\" ', '2020-04-24 01:21:47'),
(74, 29, 74, 'telah menyelesaikan pasang kusen untuk kode order \"PKMD150\" ', '2020-04-24 01:22:34'),
(75, 29, 77, 'telah menyelesaikan pasang kusen untuk kode order \"PKMD152\" ', '2020-04-24 01:22:54'),
(76, 29, 62, 'telah menyelesaikan pasang kusen untuk kode order \"PKMD147\" ', '2020-04-24 01:23:09'),
(77, 29, 66, 'telah menyelesaikan pasang kusen untuk kode order \"PKMD107\" ', '2020-04-24 01:25:58'),
(78, 29, 65, 'telah menyelesaikan pasang kusen untuk kode order \"PKMD149\" ', '2020-04-24 01:27:41'),
(79, 29, 72, 'telah menyelesaikan pasang kusen untuk kode order \"PGMD247\" ', '2020-04-24 01:28:10'),
(80, 29, 67, 'telah menyelesaikan pasang kusen untuk kode order \"PGMD244\" ', '2020-04-24 01:28:27'),
(81, 29, 76, 'telah menyelesaikan pasang kusen untuk kode order \"PKMD151\" ', '2020-04-24 01:28:55'),
(82, 29, 75, 'telah menyelesaikan pasang kusen untuk kode order \"ADG10\" ', '2020-04-24 01:30:44'),
(83, 28, 78, 'menginputkan data konsumen dengan kode order \"PGMD251\"', '2020-04-25 02:16:35'),
(84, 29, 78, 'mengajukan jadwal pasang kusen untuk kode order \"PGMD251\" ', '2020-04-27 07:01:43'),
(85, 28, 79, 'menginputkan data konsumen dengan kode order \"PGMD250\"', '2020-04-27 08:00:29'),
(86, 27, 78, 'menerima pengajuan jadwal pasang kusen untuk kode order \"PGMD251\" ', '2020-04-30 22:50:18'),
(87, 29, 79, 'mengajukan jadwal pasang kusen untuk kode order \"PGMD250\" ', '2020-05-01 11:46:03'),
(88, 28, 79, 'menerima pengajuan jadwal pasang kusen untuk kode order \"PGMD250\" ', '2020-05-04 00:58:00'),
(89, 28, 80, 'menginputkan data konsumen dengan kode order \"PGMD252\"', '2020-05-04 02:08:00'),
(90, 28, 81, 'menginputkan data konsumen dengan kode order \"PGMD248\"', '2020-05-04 02:53:26'),
(91, 29, 78, 'telah menyelesaikan pasang kusen untuk kode order \"PGMD251\" ', '2020-05-04 02:58:09'),
(92, 29, 79, 'telah menyelesaikan pasang kusen untuk kode order \"PGMD250\" ', '2020-05-04 03:11:37'),
(93, 29, 81, 'mengajukan jadwal pasang kusen untuk kode order \"PGMD248\" ', '2020-05-04 11:56:37'),
(94, 29, 80, 'mengajukan jadwal pasang kusen untuk kode order \"PGMD252\" ', '2020-05-04 11:57:31'),
(95, 28, 81, 'menerima pengajuan jadwal pasang kusen untuk kode order \"PGMD248\" ', '2020-05-05 01:33:53'),
(96, 27, 80, 'menolak jadwal pasang kusen untuk kode order \"PGMD252\" ', '2020-05-05 02:21:37'),
(97, 29, 81, 'telah menyelesaikan pasang kusen untuk kode order \"PGMD248\" ', '2020-05-05 02:23:06'),
(98, 29, 80, 'menerima perubahan jadwal pasang kusen untuk kode order \"PGMD252\" ', '2020-05-05 02:23:58'),
(99, 28, 82, 'menginputkan data konsumen dengan kode order \"PKMD153\"', '2020-05-06 07:26:25'),
(100, 29, 65, 'menolak perubahan jadwal pasang finish untuk kode order \"PKMD149\" ', '2020-05-07 02:31:54'),
(101, 28, 83, 'menginputkan data konsumen dengan kode order \"PKMD154\"', '2020-05-07 05:07:17'),
(102, 29, 82, 'mengajukan jadwal pasang kusen untuk kode order \"PKMD153\" ', '2020-05-08 02:47:20'),
(103, 28, 82, 'menerima pengajuan jadwal pasang kusen untuk kode order \"PKMD153\" ', '2020-05-08 03:15:32'),
(104, 28, 84, 'menginputkan data konsumen dengan kode order \"PKMD155\"', '2020-05-08 03:56:04'),
(105, 29, 84, 'mengajukan jadwal pasang kusen untuk kode order \"PKMD155\" ', '2020-05-09 01:20:09'),
(106, 28, 89, 'menginputkan data konsumen dengan kode order \"PKBT01\"', '2020-05-09 02:47:46'),
(107, 29, 89, 'mengajukan jadwal pasang kusen untuk kode order \"PKBT01\" ', '2020-05-09 03:48:45'),
(108, 29, 80, 'telah menyelesaikan pasang kusen untuk kode order \"PGMD252\" ', '2020-05-10 01:38:41'),
(109, 28, 89, 'menerima pengajuan jadwal pasang kusen untuk kode order \"PKBT01\" ', '2020-05-10 03:02:18'),
(110, 28, 84, 'menerima pengajuan jadwal pasang kusen untuk kode order \"PKMD155\" ', '2020-05-10 03:02:33'),
(111, 29, 83, 'mengajukan jadwal pasang kusen untuk kode order \"PKMD154\" ', '2020-05-11 01:56:02'),
(112, 28, 90, 'menginputkan data konsumen dengan kode order \"PGMD253\"', '2020-05-11 08:01:12'),
(113, 29, 89, 'telah menyelesaikan pasang kusen untuk kode order \"PKBT01\" ', '2020-05-13 01:26:42'),
(114, 29, 90, 'mengajukan jadwal pasang kusen untuk kode order \"PGMD253\" ', '2020-05-13 01:27:35'),
(115, 29, 82, 'telah menyelesaikan pasang kusen untuk kode order \"PKMD153\" ', '2020-05-13 01:29:22'),
(116, 29, 84, 'telah menyelesaikan pasang kusen untuk kode order \"PKMD155\" ', '2020-05-13 01:29:50'),
(117, 28, 90, 'menolak jadwal pasang kusen untuk kode order \"PGMD253\" ', '2020-05-13 02:05:42'),
(118, 28, 83, 'menolak jadwal pasang kusen untuk kode order \"PKMD154\" ', '2020-05-16 03:37:24'),
(119, 29, 83, 'menolak perubahan jadwal pasang kusen untuk kode order \"PKMD154\" ', '2020-05-16 03:56:53'),
(120, 28, 83, 'menerima pengajuan jadwal pasang kusen untuk kode order \"PKMD154\" ', '2020-05-16 04:23:19'),
(121, 29, 90, 'menolak perubahan jadwal pasang kusen untuk kode order \"PGMD253\" ', '2020-05-16 08:21:15'),
(122, 28, 90, 'menerima pengajuan jadwal pasang kusen untuk kode order \"PGMD253\" ', '2020-05-16 08:21:50'),
(123, 28, 91, 'menginputkan data konsumen dengan kode order \"PKMD157\"', '2020-05-18 08:25:21'),
(124, 29, 91, 'mengajukan jadwal pasang kusen untuk kode order \"PKMD157\" ', '2020-05-18 13:45:47'),
(125, 28, 92, 'menginputkan data konsumen dengan kode order \"PGMD254\"', '2020-05-19 03:25:21'),
(126, 29, 92, 'mengajukan jadwal pasang kusen untuk kode order \"PGMD254\" ', '2020-05-19 07:21:23'),
(127, 28, 93, 'menginputkan data konsumen dengan kode order \"PKMD158\"', '2020-05-20 02:32:10'),
(128, 27, 92, 'menerima pengajuan jadwal pasang kusen untuk kode order \"PGMD254\" ', '2020-05-20 08:21:31'),
(129, 27, 91, 'menolak jadwal pasang kusen untuk kode order \"PKMD157\" ', '2020-05-20 08:53:02'),
(130, 29, 83, 'telah menyelesaikan pasang kusen untuk kode order \"PKMD154\" ', '2020-05-20 11:00:03'),
(131, 29, 92, 'telah menyelesaikan pasang kusen untuk kode order \"PGMD254\" ', '2020-05-20 11:00:20'),
(132, 29, 93, 'mengajukan jadwal pasang kusen untuk kode order \"PKMD158\" ', '2020-05-20 11:00:58'),
(133, 27, 93, 'menerima pengajuan jadwal pasang kusen untuk kode order \"PKMD158\" ', '2020-05-21 03:33:59'),
(134, 29, 91, 'menerima perubahan jadwal pasang kusen untuk kode order \"PKMD157\" ', '2020-05-21 10:07:09'),
(135, 29, 91, 'telah menyelesaikan pasang kusen untuk kode order \"PKMD157\" ', '2020-05-21 10:07:22'),
(136, 28, 94, 'menginputkan data konsumen dengan kode order \"PKMD159\"', '2020-05-22 23:41:44'),
(137, 27, 93, 'melakukan reschedule jadwal pasang kusen untuk kode order \"PKMD158\" ', '2020-05-28 09:17:47'),
(138, 38, 98, 'menginputkan data konsumen dengan kode order \"PGMD255\"', '2020-05-28 09:20:51'),
(139, 38, 99, 'menginputkan data konsumen dengan kode order \"PGMD257\"', '2020-05-28 09:24:47'),
(140, 38, 100, 'menginputkan data konsumen dengan kode order \"PKMD160\"', '2020-05-28 09:29:50'),
(141, 38, 101, 'menginputkan data konsumen dengan kode order \"PGMD256\"', '2020-05-28 09:37:56'),
(142, 29, 98, 'mengajukan jadwal pasang kusen untuk kode order \"PGMD255\" ', '2020-05-28 14:49:53'),
(143, 29, 99, 'mengajukan jadwal pasang kusen untuk kode order \"PGMD257\" ', '2020-05-28 14:50:49'),
(144, 29, 101, 'mengajukan jadwal pasang kusen untuk kode order \"PGMD256\" ', '2020-05-28 14:51:11'),
(145, 29, 93, 'menerima perubahan jadwal pasang kusen untuk kode order \"PKMD158\" ', '2020-05-28 15:08:55'),
(146, 29, 93, 'telah menyelesaikan pasang kusen untuk kode order \"PKMD158\" ', '2020-05-28 15:09:09'),
(147, 28, 102, 'menginputkan data konsumen dengan kode order \"MK01\"', '2020-05-29 01:57:34'),
(148, 38, 101, 'menerima pengajuan jadwal pasang kusen untuk kode order \"PGMD256\" ', '2020-05-29 02:50:36'),
(149, 38, 99, 'menerima pengajuan jadwal pasang kusen untuk kode order \"PGMD257\" ', '2020-05-29 02:50:40'),
(150, 38, 98, 'menerima pengajuan jadwal pasang kusen untuk kode order \"PGMD255\" ', '2020-05-29 02:50:42'),
(151, 29, 102, 'mengajukan jadwal pasang kusen untuk kode order \"MK01\" ', '2020-05-29 12:34:25'),
(152, 27, 102, 'menerima pengajuan jadwal pasang kusen untuk kode order \"MK01\" ', '2020-05-29 15:58:13'),
(153, 29, 99, 'telah menyelesaikan pasang kusen untuk kode order \"PGMD257\" ', '2020-06-02 04:25:43'),
(154, 29, 98, 'telah menyelesaikan pasang kusen untuk kode order \"PGMD255\" ', '2020-06-02 04:25:54'),
(155, 29, 101, 'telah menyelesaikan pasang kusen untuk kode order \"PGMD256\" ', '2020-06-02 04:26:01'),
(156, 27, 103, 'menginputkan data konsumen dengan kode order \"PKMD162\"', '2020-06-02 05:47:03'),
(157, 38, 104, 'menginputkan data konsumen dengan kode order \"PKMD161\"', '2020-06-02 06:54:25'),
(158, 28, 102, 'melakukan reschedule jadwal pasang kusen untuk kode order \"MK01\" ', '2020-06-04 01:57:29'),
(159, 38, 111, 'menginputkan data konsumen dengan kode order \"PGMD258\"', '2020-06-04 02:02:39'),
(160, 29, 102, 'menerima perubahan jadwal pasang kusen untuk kode order \"MK01\" ', '2020-06-04 02:38:23'),
(161, 29, 102, 'telah menyelesaikan pasang kusen untuk kode order \"MK01\" ', '2020-06-04 02:38:28'),
(162, 29, 94, 'mengajukan jadwal pasang kusen untuk kode order \"PKMD159\" ', '2020-06-04 03:17:06'),
(163, 29, 104, 'mengajukan jadwal pasang kusen untuk kode order \"PKMD161\" ', '2020-06-04 03:17:44'),
(164, 29, 103, 'mengajukan jadwal pasang kusen untuk kode order \"PKMD162\" ', '2020-06-04 03:30:02'),
(165, 38, 112, 'menginputkan data konsumen dengan kode order \"KSGK39\"', '2020-06-04 09:27:41'),
(166, 27, 94, 'menolak jadwal pasang kusen untuk kode order \"PKMD159\" ', '2020-06-04 11:04:52'),
(167, 27, 104, 'menerima pengajuan jadwal pasang kusen untuk kode order \"PKMD161\" ', '2020-06-04 11:05:00'),
(168, 27, 103, 'menerima pengajuan jadwal pasang kusen untuk kode order \"PKMD162\" ', '2020-06-04 14:57:54'),
(169, 29, 111, 'mengajukan jadwal pasang kusen untuk kode order \"PGMD258\" ', '2020-06-04 15:10:04'),
(170, 29, 94, 'menerima perubahan jadwal pasang kusen untuk kode order \"PKMD159\" ', '2020-06-04 15:10:30'),
(171, 29, 94, 'telah menyelesaikan pasang kusen untuk kode order \"PKMD159\" ', '2020-06-04 15:10:34'),
(172, 27, 111, 'menerima pengajuan jadwal pasang kusen untuk kode order \"PGMD258\" ', '2020-06-04 15:25:01'),
(173, 29, 112, 'mengajukan jadwal pasang kusen untuk kode order \"KSGK39\" ', '2020-06-05 06:22:09'),
(174, 27, 112, 'menerima pengajuan jadwal pasang kusen untuk kode order \"KSGK39\" ', '2020-06-05 06:44:47'),
(175, 38, 113, 'menginputkan data konsumen dengan kode order \"ADK05\"', '2020-06-06 01:22:11'),
(176, 38, 114, 'menginputkan data konsumen dengan kode order \"PGMD259\"', '2020-06-06 07:54:21'),
(177, 38, 115, 'menginputkan data konsumen dengan kode order \"PKMD128\"', '2020-06-06 08:05:51'),
(178, 29, 104, 'telah menyelesaikan pasang kusen untuk kode order \"PKMD161\" ', '2020-06-06 10:45:52'),
(179, 29, 115, 'mengajukan jadwal pasang kusen untuk kode order \"PKMD128\" ', '2020-06-06 10:47:53'),
(180, 27, 115, 'menerima pengajuan jadwal pasang kusen untuk kode order \"PKMD128\" ', '2020-06-06 11:16:00'),
(181, 29, 115, 'telah menyelesaikan pasang kusen untuk kode order \"PKMD128\" ', '2020-06-06 22:44:20'),
(182, 29, 112, 'telah menyelesaikan pasang kusen untuk kode order \"KSGK39\" ', '2020-06-07 01:26:05'),
(183, 29, 113, 'mengajukan jadwal pasang kusen untuk kode order \"ADK05\" ', '2020-06-07 02:35:17'),
(184, 29, 114, 'mengajukan jadwal pasang kusen untuk kode order \"PGMD259\" ', '2020-06-07 02:35:34'),
(185, 27, 114, 'menerima pengajuan jadwal pasang kusen untuk kode order \"PGMD259\" ', '2020-06-07 02:41:09'),
(186, 27, 113, 'menerima pengajuan jadwal pasang kusen untuk kode order \"ADK05\" ', '2020-06-07 02:41:14'),
(187, 38, 116, 'menginputkan data konsumen dengan kode order \"KSGK40\"', '2020-06-08 02:16:07'),
(188, 29, 116, 'mengajukan jadwal pasang kusen untuk kode order \"KSGK40\" ', '2020-06-08 03:02:25'),
(189, 29, 80, 'menolak perubahan jadwal pasang finish untuk kode order \"PGMD252\" ', '2020-06-08 03:02:48'),
(190, 28, 116, 'menerima pengajuan jadwal pasang kusen untuk kode order \"KSGK40\" ', '2020-06-08 03:27:59'),
(191, 29, 90, 'telah menyelesaikan pasang kusen untuk kode order \"PGMD253\" ', '2020-06-08 11:28:54'),
(192, 29, 111, 'telah menyelesaikan pasang kusen untuk kode order \"PGMD258\" ', '2020-06-08 11:29:05'),
(193, 29, 113, 'telah menyelesaikan pasang kusen untuk kode order \"ADK05\" ', '2020-06-08 11:29:13'),
(194, 29, 114, 'telah menyelesaikan pasang kusen untuk kode order \"PGMD259\" ', '2020-06-08 11:29:21'),
(195, 29, 116, 'telah menyelesaikan pasang kusen untuk kode order \"KSGK40\" ', '2020-06-08 11:29:29'),
(196, 29, 103, 'telah menyelesaikan pasang kusen untuk kode order \"PKMD162\" ', '2020-06-09 01:33:51'),
(197, 38, 117, 'menginputkan data konsumen dengan kode order \"KSGK26\"', '2020-06-09 02:24:43'),
(198, 38, 118, 'menginputkan data konsumen dengan kode order \"PKMD163\"', '2020-06-09 09:32:52'),
(199, 38, 119, 'menginputkan data konsumen dengan kode order \"PKMD164\"', '2020-06-10 06:14:17'),
(200, 29, 117, 'mengajukan jadwal pasang kusen untuk kode order \"KSGK26\" ', '2020-06-12 01:56:30'),
(201, 29, 118, 'mengajukan jadwal pasang kusen untuk kode order \"PKMD163\" ', '2020-06-12 01:56:52'),
(202, 29, 119, 'mengajukan jadwal pasang kusen untuk kode order \"PKMD164\" ', '2020-06-12 01:57:12'),
(203, 27, 118, 'menerima pengajuan jadwal pasang kusen untuk kode order \"PKMD163\" ', '2020-06-12 02:02:55'),
(204, 27, 117, 'menerima pengajuan jadwal pasang kusen untuk kode order \"KSGK26\" ', '2020-06-12 02:03:17'),
(205, 27, 119, 'menerima pengajuan jadwal pasang kusen untuk kode order \"PKMD164\" ', '2020-06-12 02:03:23'),
(206, 27, 120, 'menginputkan data konsumen dengan kode order \"PKMd150b\"', '2020-06-15 15:24:07'),
(207, 27, 121, 'menginputkan data konsumen dengan kode order \"PKMD156\"', '2020-06-15 15:27:27'),
(208, 29, 121, 'mengajukan jadwal pasang kusen untuk kode order \"PKMD156\" ', '2020-06-16 02:51:52'),
(209, 29, 120, 'mengajukan jadwal pasang kusen untuk kode order \"PKMd150b\" ', '2020-06-16 02:52:40'),
(210, 27, 120, 'menerima pengajuan jadwal pasang kusen untuk kode order \"PKMd150b\" ', '2020-06-16 03:08:52'),
(211, 38, 126, 'menginputkan data konsumen dengan kode order \"PKMD165\"', '2020-06-16 06:33:08'),
(212, 29, 117, 'telah menyelesaikan pasang kusen untuk kode order \"KSGK26\" ', '2020-06-18 06:30:16'),
(213, 29, 119, 'telah menyelesaikan pasang kusen untuk kode order \"PKMD164\" ', '2020-06-18 06:30:22'),
(214, 29, 120, 'telah menyelesaikan pasang kusen untuk kode order \"PKMd150b\" ', '2020-06-18 06:30:43'),
(215, 29, 126, 'mengajukan jadwal pasang kusen untuk kode order \"PKMD165\" ', '2020-06-18 07:25:34'),
(216, 29, 118, 'telah menyelesaikan pasang kusen untuk kode order \"PKMD163\" ', '2020-06-18 07:28:47'),
(217, 38, 127, 'menginputkan data konsumen dengan kode order \"PGMD260\"', '2020-06-19 06:31:05'),
(218, 38, 128, 'menginputkan data konsumen dengan kode order \"KSGK41\"', '2020-06-19 06:33:36'),
(219, 27, 126, 'menerima pengajuan jadwal pasang kusen untuk kode order \"PKMD165\" ', '2020-06-20 01:01:29'),
(220, 38, 129, 'menginputkan data konsumen dengan kode order \"PKMD166\"', '2020-06-20 08:35:25'),
(221, 29, 128, 'mengajukan jadwal pasang kusen untuk kode order \"KSGK41\" ', '2020-06-21 06:33:17'),
(222, 27, 121, 'menolak jadwal pasang kusen untuk kode order \"PKMD156\" ', '2020-06-21 06:33:22'),
(223, 29, 129, 'mengajukan jadwal pasang kusen untuk kode order \"PKMD166\" ', '2020-06-21 06:33:35'),
(224, 27, 129, 'menolak jadwal pasang kusen untuk kode order \"PKMD166\" ', '2020-06-21 06:35:14'),
(225, 29, 121, 'menerima perubahan jadwal pasang kusen untuk kode order \"PKMD156\" ', '2020-06-21 06:58:24'),
(226, 29, 129, 'menerima perubahan jadwal pasang kusen untuk kode order \"PKMD166\" ', '2020-06-21 06:58:29'),
(227, 27, 130, 'menginputkan data konsumen dengan kode order \"PKMD120\"', '2020-06-21 07:00:45'),
(228, 27, 131, 'menginputkan data konsumen dengan kode order \"PRIORITAS\"', '2020-06-22 03:08:34'),
(229, 27, 131, 'Pesanan dihapus', '2020-06-22 03:19:08'),
(230, 27, 130, 'Pesanan dihapus', '2020-06-22 03:19:14'),
(231, 27, 132, 'menginputkan data konsumen dengan kode order \"KSFG17\"', '2020-06-22 03:25:09'),
(232, 38, 129, 'melakukan reschedule jadwal pasang kusen untuk kode order \"PKMD166\" ', '2020-06-24 05:54:15'),
(233, 29, 129, 'menerima perubahan jadwal pasang kusen untuk kode order \"PKMD166\" ', '2020-06-24 08:27:42'),
(234, 29, 129, 'telah menyelesaikan pasang kusen untuk kode order \"PKMD166\" ', '2020-06-24 08:27:53'),
(235, 29, 115, 'menolak perubahan jadwal pasang finish untuk kode order \"PKMD128\" ', '2020-06-24 08:28:21'),
(236, 29, 127, 'mengajukan jadwal pasang kusen untuk kode order \"PGMD260\" ', '2020-06-24 08:30:10'),
(237, 29, 132, 'mengajukan jadwal pasang kusen untuk kode order \"KSFG17\" ', '2020-06-24 08:30:37'),
(238, 38, 142, 'menginputkan data konsumen dengan kode order \"PGMD262\"', '2020-06-24 08:55:19'),
(239, 27, 127, 'menerima pengajuan jadwal pasang kusen untuk kode order \"PGMD260\" ', '2020-06-24 08:56:30'),
(240, 27, 132, 'menerima pengajuan jadwal pasang kusen untuk kode order \"KSFG17\" ', '2020-06-24 08:56:42'),
(241, 27, 141, 'Pesanan dihapus', '2020-06-24 09:06:08'),
(242, 38, 144, 'menginputkan data konsumen dengan kode order \"PKMD151B\"', '2020-06-24 10:24:17'),
(243, 29, 132, 'telah menyelesaikan pasang kusen untuk kode order \"KSFG17\" ', '2020-06-26 08:36:53'),
(244, 29, 121, 'telah menyelesaikan pasang kusen untuk kode order \"PKMD156\" ', '2020-06-26 11:58:19'),
(245, 38, 145, 'menginputkan data konsumen dengan kode order \"PGMD261\"', '2020-06-26 15:30:46'),
(246, 29, 145, 'mengajukan jadwal pasang kusen untuk kode order \"PGMD261\" ', '2020-06-27 02:15:42'),
(247, 38, 145, 'menerima pengajuan jadwal pasang kusen untuk kode order \"PGMD261\" ', '2020-06-27 02:24:06'),
(248, 29, 126, 'telah menyelesaikan pasang kusen untuk kode order \"PKMD165\" ', '2020-06-27 06:40:32'),
(249, 29, 127, 'telah menyelesaikan pasang kusen untuk kode order \"PGMD260\" ', '2020-06-28 09:24:41'),
(250, 29, 145, 'telah menyelesaikan pasang kusen untuk kode order \"PGMD261\" ', '2020-06-28 09:24:54'),
(251, 29, 142, 'mengajukan jadwal pasang kusen untuk kode order \"PGMD262\" ', '2020-06-30 11:52:44'),
(252, 38, 142, 'menerima pengajuan jadwal pasang kusen untuk kode order \"PGMD262\" ', '2020-07-01 04:31:29'),
(253, 38, 146, 'menginputkan data konsumen dengan kode order \"KSFG70\"', '2020-07-01 06:37:44'),
(255, 29, 121, 'menolak perubahan jadwal pasang finish untuk kode order \"PKMD156\" ', '2020-07-03 14:14:02'),
(256, 29, 126, 'menolak perubahan jadwal pasang finish untuk kode order \"PKMD165\" ', '2020-07-03 14:17:39'),
(257, 29, 146, 'mengajukan jadwal pasang kusen untuk kode order \"KSFG70\" ', '2020-07-03 14:18:23'),
(258, 28, 146, 'menerima pengajuan jadwal pasang kusen untuk kode order \"KSFG70\" ', '2020-07-03 14:39:18'),
(259, 29, 142, 'telah menyelesaikan pasang kusen untuk kode order \"PGMD262\" ', '2020-07-04 01:24:24'),
(260, 29, 126, 'menolak perubahan jadwal pasang finish untuk kode order \"PKMD165\" ', '2020-07-04 01:25:44'),
(262, 29, 144, 'mengajukan jadwal pasang kusen untuk kode order \"PKMD151B\" ', '2020-07-04 14:48:00'),
(264, 27, 144, 'menerima pengajuan jadwal pasang kusen untuk kode order \"PKMD151B\" ', '2020-07-05 04:35:33'),
(265, 38, 115, 'mengubah gambar kerja untuk kode order \"PKMD128\" ', '2020-07-05 04:53:48'),
(266, 29, 144, 'telah menyelesaikan pasang kusen untuk kode order \"PKMD151B\" ', '2020-07-06 02:59:47'),
(267, 38, 116, 'mengubah gambar kerja untuk kode order \"KSGK40\" ', '2020-07-06 03:25:46'),
(268, 38, 116, 'mengubah gambar kerja untuk kode order \"KSGK40\" ', '2020-07-06 03:26:35'),
(269, 29, 146, 'telah menyelesaikan pasang kusen untuk kode order \"KSFG70\" ', '2020-07-06 14:12:23'),
(272, 38, 149, 'menginputkan data konsumen dengan kode order \"PKMD167\"', '2020-07-10 08:21:47'),
(273, 38, 150, 'menginputkan data konsumen dengan kode order \"PKMD168\"', '2020-07-10 08:46:53'),
(274, 38, 151, 'menginputkan data konsumen dengan kode order \"KSFG71\"', '2020-07-11 04:41:37'),
(275, 29, 151, 'mengajukan jadwal pasang kusen untuk kode order \"KSFG71\" ', '2020-07-11 04:45:44'),
(276, 29, 150, 'mengajukan jadwal pasang kusen untuk kode order \"PKMD168\" ', '2020-07-11 04:47:11'),
(277, 27, 150, 'menolak jadwal pasang kusen untuk kode order \"PKMD168\" ', '2020-07-11 05:11:02'),
(278, 38, 151, 'menolak jadwal pasang kusen untuk kode order \"KSFG71\" ', '2020-07-11 05:24:00'),
(279, 29, 151, 'menerima perubahan jadwal pasang kusen untuk kode order \"KSFG71\" ', '2020-07-11 08:03:49'),
(280, 29, 150, 'menerima perubahan jadwal pasang kusen untuk kode order \"PKMD168\" ', '2020-07-11 08:03:56'),
(281, 29, 126, 'menolak perubahan jadwal pasang finish untuk kode order \"PKMD165\" ', '2020-07-13 03:56:22'),
(282, 38, 152, 'menginputkan data konsumen dengan kode order \"PKMD170\"', '2020-07-13 07:22:49'),
(283, 29, 149, 'mengajukan jadwal pasang kusen untuk kode order \"PKMD167\" ', '2020-07-14 05:45:07'),
(284, 38, 153, 'menginputkan data konsumen dengan kode order \"PKMD169\"', '2020-07-14 06:31:41'),
(285, 38, 150, 'melakukan reschedule jadwal pasang kusen untuk kode order \"PKMD168\" ', '2020-07-14 06:56:47'),
(286, 27, 100, 'mengubah gambar kerja untuk kode order \"PKMD160\" ', '2020-07-14 07:28:08'),
(287, 38, 94, 'mengubah gambar kerja untuk kode order \"PKMD159\" ', '2020-07-14 08:33:45'),
(288, 38, 94, 'mengubah gambar kerja untuk kode order \"PKMD159\" ', '2020-07-14 08:33:48'),
(289, 29, 150, 'menerima perubahan jadwal pasang kusen untuk kode order \"PKMD168\" ', '2020-07-15 01:10:34'),
(290, 38, 153, 'mengubah gambar kerja untuk kode order \"PKMD169\" ', '2020-07-15 04:32:51'),
(291, 38, 152, 'mengubah gambar kerja untuk kode order \"PKMD170\" ', '2020-07-15 04:33:32'),
(292, 29, 152, 'mengajukan jadwal pasang kusen untuk kode order \"PKMD170\" ', '2020-07-16 04:53:18'),
(293, 27, 152, 'menerima pengajuan jadwal pasang kusen untuk kode order \"PKMD170\" ', '2020-07-16 06:39:08'),
(294, 27, 149, 'menolak jadwal pasang kusen untuk kode order \"PKMD167\" ', '2020-07-16 06:39:26'),
(295, 38, 157, 'menginputkan data konsumen dengan kode order \"PKMD171\"', '2020-07-16 08:48:59'),
(296, 29, 94, 'menolak perubahan jadwal pasang finish untuk kode order \"PKMD159\" ', '2020-07-17 00:53:14'),
(297, 29, 149, 'menolak perubahan jadwal pasang kusen untuk kode order \"PKMD167\" ', '2020-07-17 00:55:01'),
(298, 38, 152, 'melakukan reschedule jadwal pasang kusen untuk kode order \"PKMD170\" ', '2020-07-17 10:33:20'),
(299, 29, 100, 'mengajukan jadwal pasang kusen untuk kode order \"PKMD160\" ', '2020-07-20 05:38:10'),
(300, 29, 153, 'mengajukan jadwal pasang kusen untuk kode order \"PKMD169\" ', '2020-07-20 05:38:44'),
(301, 29, 157, 'mengajukan jadwal pasang kusen untuk kode order \"PKMD171\" ', '2020-07-20 05:43:38'),
(302, 38, 100, 'menerima pengajuan jadwal pasang kusen untuk kode order \"PKMD160\" ', '2020-07-20 06:49:10'),
(303, 29, 150, 'telah menyelesaikan pasang kusen untuk kode order \"PKMD168\" ', '2020-07-20 07:03:17'),
(304, 29, 152, 'menolak perubahan jadwal pasang kusen untuk kode order \"PKMD170\" ', '2020-07-20 07:03:55'),
(305, 27, 152, 'menerima pengajuan jadwal pasang kusen untuk kode order \"PKMD170\" ', '2020-07-20 07:06:51'),
(306, 27, 149, 'menolak jadwal pasang kusen untuk kode order \"PKMD167\" ', '2020-07-20 14:04:42'),
(307, 28, 153, 'menerima pengajuan jadwal pasang kusen untuk kode order \"PKMD169\" ', '2020-07-20 14:09:33'),
(308, 29, 149, 'menerima perubahan jadwal pasang kusen untuk kode order \"PKMD167\" ', '2020-07-21 00:29:18'),
(309, 29, 149, 'telah menyelesaikan pasang kusen untuk kode order \"PKMD167\" ', '2020-07-21 00:29:23'),
(310, 38, 171, 'menginputkan data konsumen dengan kode order \"PKMD172\"', '2020-07-21 00:41:23'),
(311, 38, 172, 'menginputkan data konsumen dengan kode order \"PGMD263\"', '2020-07-21 01:30:26'),
(312, 29, 172, 'mengajukan jadwal pasang kusen untuk kode order \"PGMD263\" ', '2020-07-21 01:46:13'),
(313, 27, 172, 'menerima pengajuan jadwal pasang kusen untuk kode order \"PGMD263\" ', '2020-07-21 06:30:30'),
(314, 27, 118, 'Pesanan dihapus', '2020-07-21 06:39:34'),
(315, 29, 171, 'mengajukan jadwal pasang kusen untuk kode order \"PKMD172\" ', '2020-07-22 02:38:31'),
(316, 27, 171, 'menerima pengajuan jadwal pasang kusen untuk kode order \"PKMD172\" ', '2020-07-22 07:03:44'),
(317, 29, 172, 'telah menyelesaikan pasang kusen untuk kode order \"PGMD263\" ', '2020-07-22 07:16:45'),
(318, 29, 151, 'telah menyelesaikan pasang kusen untuk kode order \"KSFG71\" ', '2020-07-22 07:17:05'),
(319, 38, 157, 'menerima pengajuan jadwal pasang kusen untuk kode order \"PKMD171\" ', '2020-07-22 08:16:37'),
(320, 38, 157, 'melakukan reschedule jadwal pasang kusen untuk kode order \"PKMD171\" ', '2020-07-22 08:17:20'),
(321, 29, 157, 'menolak perubahan jadwal pasang kusen untuk kode order \"PKMD171\" ', '2020-07-22 09:21:00'),
(322, 38, 100, 'mengubah gambar kerja untuk kode order \"PKMD160\" ', '2020-07-24 04:12:23'),
(323, 38, 172, 'mengubah gambar kerja untuk kode order \"PGMD263\" ', '2020-07-24 08:06:38'),
(324, 29, 100, 'telah menyelesaikan pasang kusen untuk kode order \"PKMD160\" ', '2020-07-24 09:53:01'),
(325, 29, 153, 'telah menyelesaikan pasang kusen untuk kode order \"PKMD169\" ', '2020-07-24 09:53:09'),
(326, 29, 171, 'telah menyelesaikan pasang kusen untuk kode order \"PKMD172\" ', '2020-07-25 14:59:02'),
(327, 29, 152, 'telah menyelesaikan pasang kusen untuk kode order \"PKMD170\" ', '2020-07-26 06:37:02'),
(328, 38, 157, 'menerima pengajuan jadwal pasang kusen untuk kode order \"PKMD171\" ', '2020-07-27 05:15:44'),
(329, 38, 157, 'melakukan reschedule jadwal pasang kusen untuk kode order \"PKMD171\" ', '2020-07-27 05:16:49'),
(330, 29, 157, 'menerima perubahan jadwal pasang kusen untuk kode order \"PKMD171\" ', '2020-07-27 06:01:20'),
(331, 29, 157, 'telah menyelesaikan pasang kusen untuk kode order \"PKMD171\" ', '2020-07-28 06:41:05'),
(332, 38, 173, 'menginputkan data konsumen dengan kode order \"PGMW10\"', '2020-08-04 08:59:56'),
(333, 38, 177, 'menginputkan data konsumen dengan kode order \"PKMD173\"', '2020-08-06 02:53:42'),
(334, 29, 177, 'mengajukan jadwal pasang kusen untuk kode order \"PKMD173\" ', '2020-08-07 02:57:01'),
(335, 38, 177, 'menerima pengajuan jadwal pasang kusen untuk kode order \"PKMD173\" ', '2020-08-07 03:12:59'),
(336, 29, 177, 'telah menyelesaikan pasang kusen untuk kode order \"PKMD173\" ', '2020-08-11 11:34:44'),
(337, 29, 173, 'mengajukan jadwal pasang kusen untuk kode order \"PGMW10\" ', '2020-08-12 04:50:04'),
(338, 38, 179, 'menginputkan data konsumen dengan kode order \"PGMD264\"', '2020-08-12 11:08:58'),
(339, 38, 173, 'menerima pengajuan jadwal pasang kusen untuk kode order \"PGMW10\" ', '2020-08-13 02:32:53'),
(340, 38, 180, 'menginputkan data konsumen dengan kode order \"PKMD174\"', '2020-08-15 02:59:15'),
(341, 29, 180, 'mengajukan jadwal pasang kusen untuk kode order \"PKMD174\" ', '2020-08-15 07:18:34'),
(342, 29, 179, 'mengajukan jadwal pasang kusen untuk kode order \"PGMD264\" ', '2020-08-15 07:19:00'),
(343, 27, 179, 'menerima pengajuan jadwal pasang kusen untuk kode order \"PGMD264\" ', '2020-08-15 11:22:02'),
(344, 27, 180, 'menerima pengajuan jadwal pasang kusen untuk kode order \"PKMD174\" ', '2020-08-15 11:41:16'),
(345, 27, 181, 'menginputkan data konsumen dengan kode order \"KSGK BU REVI\"', '2020-08-16 05:43:22'),
(346, 27, 181, 'Pesanan dihapus', '2020-08-16 05:43:45'),
(347, 29, 180, 'telah menyelesaikan pasang kusen untuk kode order \"PKMD174\" ', '2020-08-17 04:23:25'),
(348, 38, 179, 'melakukan reschedule jadwal pasang kusen untuk kode order \"PGMD264\" ', '2020-08-18 05:47:32'),
(349, 29, 179, 'menerima perubahan jadwal pasang kusen untuk kode order \"PGMD264\" ', '2020-08-18 05:53:04'),
(350, 38, 100, 'mengubah gambar kerja untuk kode order \"PKMD160\" ', '2020-08-18 11:47:34'),
(351, 38, 152, 'mengubah gambar kerja untuk kode order \"PKMD170\" ', '2020-08-18 11:48:02'),
(352, 38, 152, 'mengubah gambar kerja untuk kode order \"PKMD170\" ', '2020-08-18 11:48:18'),
(353, 29, 173, 'telah menyelesaikan pasang kusen untuk kode order \"PGMW10\" ', '2020-08-18 13:06:53'),
(354, 38, 183, 'menginputkan data konsumen dengan kode order \"PGMD265\"', '2020-08-21 08:34:50'),
(355, 38, 184, 'menginputkan data konsumen dengan kode order \"PGMD266\"', '2020-08-21 12:23:08'),
(356, 29, 184, 'mengajukan jadwal pasang kusen untuk kode order \"PGMD266\" ', '2020-08-22 01:32:49'),
(357, 38, 152, 'mengubah gambar kerja untuk kode order \"PKMD170\" ', '2020-08-22 07:22:44'),
(358, 28, 185, 'menginputkan data konsumen dengan kode order \"PKMD175\"', '2020-08-22 10:54:27'),
(359, 27, 184, 'menerima pengajuan jadwal pasang kusen untuk kode order \"PGMD266\" ', '2020-08-22 11:05:34'),
(360, 29, 185, 'mengajukan jadwal pasang kusen untuk kode order \"PKMD175\" ', '2020-08-22 12:35:30'),
(361, 29, 183, 'mengajukan jadwal pasang kusen untuk kode order \"PGMD265\" ', '2020-08-22 13:10:38'),
(362, 27, 185, 'menolak jadwal pasang kusen untuk kode order \"PKMD175\" ', '2020-08-22 13:23:05'),
(363, 29, 184, 'telah menyelesaikan pasang kusen untuk kode order \"PGMD266\" ', '2020-08-22 13:26:17'),
(364, 29, 179, 'telah menyelesaikan pasang kusen untuk kode order \"PGMD264\" ', '2020-08-22 13:26:28'),
(365, 27, 183, 'menerima pengajuan jadwal pasang kusen untuk kode order \"PGMD265\" ', '2020-08-22 14:27:35'),
(366, 29, 185, 'menerima perubahan jadwal pasang kusen untuk kode order \"PKMD175\" ', '2020-08-22 15:03:50'),
(367, 29, 185, 'telah menyelesaikan pasang kusen untuk kode order \"PKMD175\" ', '2020-08-22 15:03:54'),
(368, 38, 185, 'mengubah gambar kerja untuk kode order \"PKMD175\" ', '2020-08-24 06:47:56'),
(369, 28, 183, 'mengubah gambar kerja untuk kode order \"PGMD265\" ', '2020-08-24 08:40:11'),
(370, 28, 183, 'mengubah gambar kerja untuk kode order \"PGMD265\" ', '2020-08-24 08:40:14'),
(371, 28, 183, 'mengubah gambar kerja untuk kode order \"PGMD265\" ', '2020-08-24 08:40:17'),
(372, 29, 185, 'mengajukan jadwal pasang kusen untuk kode order \"PKMD175\" ', '2020-08-24 08:43:45'),
(373, 27, 185, 'menerima pengajuan jadwal pasang kusen untuk kode order \"PKMD175\" ', '2020-08-24 08:54:25'),
(374, 38, 183, 'mengubah gambar kerja untuk kode order \"PGMD265\" ', '2020-08-24 09:34:39'),
(375, 38, 128, 'menolak jadwal pasang kusen untuk kode order \"KSGK41\" ', '2020-08-24 09:42:06'),
(376, 38, 198, 'menginputkan data konsumen dengan kode order \"ADK08\"', '2020-08-25 04:34:45'),
(377, 29, 183, 'telah menyelesaikan pasang kusen untuk kode order \"PGMD265\" ', '2020-08-25 05:08:24'),
(378, 29, 128, 'menolak perubahan jadwal pasang kusen untuk kode order \"KSGK41\" ', '2020-08-25 10:12:56'),
(379, 29, 198, 'mengajukan jadwal pasang kusen untuk kode order \"ADK08\" ', '2020-08-25 10:15:27'),
(380, 38, 149, 'mengubah gambar kerja untuk kode order \"PKMD167\" ', '2020-08-25 10:33:16'),
(381, 38, 149, 'mengubah gambar kerja untuk kode order \"PKMD167\" ', '2020-08-25 10:33:18'),
(382, 38, 149, 'mengubah gambar kerja untuk kode order \"PKMD167\" ', '2020-08-25 10:33:38'),
(383, 38, 149, 'mengubah gambar kerja untuk kode order \"PKMD167\" ', '2020-08-25 10:33:57'),
(384, 27, 198, 'menerima pengajuan jadwal pasang kusen untuk kode order \"ADK08\" ', '2020-08-26 04:39:27'),
(385, 29, 149, 'mengajukan jadwal pasang kusen untuk kode order \"PKMD167\" ', '2020-08-26 07:20:02'),
(386, 29, 198, 'telah menyelesaikan pasang kusen untuk kode order \"ADK08\" ', '2020-08-26 10:08:40'),
(387, 27, 128, 'menerima pengajuan jadwal pasang kusen untuk kode order \"KSGK41\" ', '2020-08-28 00:59:18'),
(388, 27, 149, 'menerima pengajuan jadwal pasang kusen untuk kode order \"PKMD167\" ', '2020-08-28 01:08:07'),
(389, 29, 185, 'telah menyelesaikan pasang kusen untuk kode order \"PKMD175\" ', '2020-08-28 02:59:31'),
(390, 38, 149, 'melakukan reschedule jadwal pasang kusen untuk kode order \"PKMD167\" ', '2020-08-31 08:13:23'),
(391, 38, 199, 'menginputkan data konsumen dengan kode order \"PKMD176\"', '2020-08-31 08:15:21'),
(392, 29, 128, 'telah menyelesaikan pasang kusen untuk kode order \"KSGK41\" ', '2020-08-31 11:17:04'),
(393, 29, 149, 'menerima perubahan jadwal pasang kusen untuk kode order \"PKMD167\" ', '2020-08-31 11:17:16');

-- --------------------------------------------------------

--
-- Stand-in struktur untuk tampilan `pesanan_view`
-- (Lihat di bawah untuk tampilan aktual)
--
CREATE TABLE `pesanan_view` (
`id` int(11)
,`kode_order` varchar(20)
,`tgl_order_masuk` date
,`tgl_jatuh_tempo` date
,`tgl_acc_konsumen` date
,`flow_id` int(11)
,`flow_name` varchar(100)
,`rencana_kerja_id` int(11)
,`rencana_kerja_nama` varchar(50)
,`user_id` int(11)
,`nama_user` varchar(100)
,`konsumen_id` int(11)
,`nama_konsumen` varchar(100)
,`alamat_konsumen` text
,`no_hp_konsumen` varchar(15)
,`mitra_pemasang_kusen` int(11)
,`nama_pemasang_kusen` varchar(100)
,`mitra_pemasang_finish` int(11)
,`nama_pemasang_finish` varchar(100)
,`tanggal_pasang_kusen` date
,`tanggal_pasang_finish` date
,`is_deleted` int(11)
,`tipe` varchar(1)
);

-- --------------------------------------------------------

--
-- Struktur dari tabel `rencana_kerja`
--

CREATE TABLE `rencana_kerja` (
  `id` int(11) NOT NULL,
  `kode` varchar(5) NOT NULL,
  `nama` varchar(50) NOT NULL
) ENGINE=InnoDB DEFAULT CHARSET=latin1;

--
-- Dumping data untuk tabel `rencana_kerja`
--

INSERT INTO `rencana_kerja` (`id`, `kode`, `nama`) VALUES
(1, '', 'Pasang Kusen'),
(2, '', 'Pasang Unit'),
(3, '', 'Selesai Pasang Unit');

-- --------------------------------------------------------

--
-- Struktur dari tabel `reset_password`
--

CREATE TABLE `reset_password` (
  `id` int(11) NOT NULL,
  `temp_password` varchar(10) NOT NULL,
  `user_id` int(11) NOT NULL,
  `created_at` timestamp NOT NULL DEFAULT CURRENT_TIMESTAMP ON UPDATE CURRENT_TIMESTAMP,
  `updated_at` timestamp NOT NULL DEFAULT '0000-00-00 00:00:00'
) ENGINE=MyISAM DEFAULT CHARSET=latin1;

-- --------------------------------------------------------

--
-- Struktur dari tabel `users`
--

CREATE TABLE `users` (
  `id` int(11) NOT NULL,
  `username` varchar(100) NOT NULL,
  `name` varchar(100) NOT NULL,
  `no_hp` varchar(20) NOT NULL,
  `is_active` tinyint(1) NOT NULL DEFAULT '1',
  `password` varchar(100) NOT NULL,
  `password_salt` varchar(100) NOT NULL,
  `role` char(2) NOT NULL,
  `created_at` timestamp NULL DEFAULT CURRENT_TIMESTAMP,
  `updated_at` timestamp NOT NULL DEFAULT '0000-00-00 00:00:00'
) ENGINE=InnoDB DEFAULT CHARSET=latin1;

--
-- Dumping data untuk tabel `users`
--

INSERT INTO `users` (`id`, `username`, `name`, `no_hp`, `is_active`, `password`, `password_salt`, `role`, `created_at`, `updated_at`) VALUES
(16, 'adminganteng', 'Administrator', '', 1, '67ceb17dfe75f5602936e72d57e3e3cacaff2825', 'Ak8OXmZarIRnqj1aNvH25ufPRt8TjMlzxDw+DXSZqDnHZs9DXSkQaqmepZEm9c/+EH+xeSPXhqYs+zTvAIuutg==', 'A', '2020-01-29 12:50:09', '2020-03-26 11:44:46'),
(27, 'ariaryoto', 'Ari Aryoto', '087855994300', 1, 'b11e6f3c8d948a26ca3abd21ad9a43d92a83681f', 'Wqzeqhuruw78ZDiuL9oO8EX6Sqx3sU8cSh7SbkNQQUb6mtI8h+csfsHhxDByignRvaYngvZLStSFMmdcp4utmw==', 'R', '2020-02-29 03:02:41', '2020-04-23 05:46:27'),
(28, 'rezagulamz', 'reza gulam zulfikar', '+62 823-5943-4074', 1, 'a67e851a4b1a0d87d2701d517bb2bf2b664bc7f3', '/52j72wostheJ9zAlIOIyID2KTLrriCXEJdBfirjpac6T/dpHmxWHfQ4bUR4XM2ULwVcaF4ZIk+n8NdG9C5ozg==', 'D', '2020-02-29 03:07:27', '2020-02-29 03:07:27'),
(29, 'ning', 'ririn widyaningsih', '085100309920', 1, 'fe7b683ac551da4201cf54931e02a26463d9fc5a', 'BQq7b9V26TR43tmkCQcUVSmyWNQZ9bcwNSkSZp4kmC2eSsmMrsJ/8NehJzRiRYFSkL7VwlWR6J4370HpJDiQ/w==', 'P', '2020-02-29 03:09:23', '2020-03-24 07:25:50'),
(30, 'ekobp', 'Eko Budi', '+62 857-3111-4444', 1, '186a90314f65b0d648f80fe46f8642ac49be5e20', 'eAzSi5OXJofxON4JzTUNJI04vYDYf5kuArnaLPc9VINPOeR6Ic1E3JWIirkO1f6yz7v5qNNriXKHJHeWBIn4UA==', 'P', '2020-02-29 03:10:26', '2020-03-02 10:35:36'),
(31, 'samsulhadi', 'Samsul Hadi', '+62 822-4441-7445', 1, 'b610a8c8a2cf24692ae48f872d13edc8cbfba4ca', '2/7TdsFgdJmJq0riWE3CdRx+trDEFZ2GIwvtRpo6n/ydvrKh4s7M3iS9SwnpyfhCSacq/OsfT96gknK+rp86dw==', 'S', '2020-02-29 04:30:35', '2020-02-29 04:30:35'),
(32, 'aziz', 'muhamad aziz', '+62 856-0741-9836', 1, '08eeedce81310cbf3c2630134d90a9a283f0b855', '3N96ihZK8c7xG4+hVQRBLggh9d4R+TnDKv2WUw4Lpehr22qOq2E7axC9JDK1Ym8cv0D3FEHJGl1Hx84YKRJL9Q==', 'S', '2020-02-29 04:31:31', '2020-02-29 04:31:31'),
(33, 'wandi', 'heri iswandi', '+62 821-3232-5735', 1, '19ef56a190c6902daa98c73703680b4cc2a8ff08', 'w9tf6NkRTDBzIE64dBBLpp1E5U+XM/N+36gwGK4PCnEyXLP5dzTCG5N5C5lvKHBvCrxmo+GEFE5XTqhblGEy9Q==', 'S', '2020-02-29 04:32:18', '2020-02-29 04:32:18'),
(34, 'nasatechadmin', 'nst admin', '1234567890', 1, '32c96ff83d774d22214321e1e6b3d75057007843', '4kv2+VeS1krwELcWrHqR+1hvqKbL0WGEbyJmasTO+4BkXDbRfnm1GbzNM8g+RJwyTMo07otYPJlLoW2mYScYww==', 'R', '2020-03-02 13:43:37', '2020-03-02 13:43:37'),
(35, 'test_1', 'Tester 1', '', 1, '7a27285713bf13219467d878d35422cfb86b671b', 'C5r1KCBN7NF8NWg3qVr3rs7K55obqx4/lb3fbZmSe3mG7YS4lO5EFM/P7/c8ZNnjdLCbh47egvWpl0MFs0uV7w==', 'M', '2020-03-10 11:24:02', '2020-03-30 10:20:35'),
(36, 'test_mitra', 'Tester Mitra', '', 1, '5b23f58c499dfeecdce2312aad16c5295493040b', 'KGAV2igl2BILM7LCmRAuGq456hDyOKi+SL9iiSHvBuQLu3RLq4c9dnyOCM4LjI/Nb9ktZ7lYuIkUA+yu++H/Bg==', 'S', '2020-03-10 11:28:26', '2020-03-10 11:28:26'),
(37, 'test_2', 'Tester 2', '', 1, '001655a56d8f76d8845c18f5482dcacdd178237d', 'G/NrBcxF0cpcTk8t3aFfyzEnfNPlqYUfUif8nbnTh6xT2eKLg78RvTFEOI8aFbXtrV595aWUYMp3cwLWTsLZ+w==', 'P', '2020-03-11 08:08:59', '2020-08-26 07:31:09'),
(38, 'france', 'franc hidayat', '+62 812-9375-2473', 1, 'be9047cbbccc10f1350331ebc9fba9592a13a7bb', '0QHXLAYNsdax+f32W+bDdHl8gckQFlGaS9aGGmeOdToD9yvTRCx59jTlCfw5kU/7siy6CLRznv2ayRTosG/j5Q==', 'D', '2020-05-18 03:18:32', '2020-06-27 11:32:57');

-- --------------------------------------------------------

--
-- Struktur dari tabel `user_tokens`
--

CREATE TABLE `user_tokens` (
  `id` int(11) NOT NULL,
  `user_id` int(11) NOT NULL,
  `device_id` int(11) NOT NULL,
  `ip_address` varchar(20) NOT NULL,
  `login_time` timestamp NOT NULL DEFAULT '0000-00-00 00:00:00',
  `last_activity` timestamp NOT NULL DEFAULT '0000-00-00 00:00:00',
  `token` varchar(255) NOT NULL,
  `token_expired_time` timestamp NOT NULL DEFAULT '0000-00-00 00:00:00',
  `count_request` int(11) NOT NULL,
  `status` char(1) NOT NULL,
  `created_at` timestamp NOT NULL DEFAULT '0000-00-00 00:00:00',
  `updated_at` timestamp NOT NULL DEFAULT '0000-00-00 00:00:00'
) ENGINE=InnoDB DEFAULT CHARSET=latin1;

--
-- Dumping data untuk tabel `user_tokens`
--

INSERT INTO `user_tokens` (`id`, `user_id`, `device_id`, `ip_address`, `login_time`, `last_activity`, `token`, `token_expired_time`, `count_request`, `status`, `created_at`, `updated_at`) VALUES
(2, 16, 6, '118.137.118.248', '2020-04-16 08:51:49', '2020-04-23 05:42:17', '359a6bb7f89fd3f514fbcf62a58c533cc74d97b01eae257e44aa9d5bade97baf12fbf1356eefc6ce56bf0298ad494c24', '2020-04-28 05:42:17', 34, 'I', '2020-04-16 08:51:49', '2020-04-23 05:42:17'),
(3, 28, 7, '36.71.35.2', '2020-04-17 02:32:38', '2020-04-28 01:57:09', 'c2425ac176cbf3cb7afcffcca5b2b95533e75ff09dd601bbe69f351039152189771844f2f7e3a859d45b45110ce39fbf', '2020-05-03 01:57:09', 139, 'E', '2020-04-17 02:32:38', '2020-05-04 00:46:16'),
(4, 27, 5, '36.71.35.2', '2020-04-18 02:20:55', '2020-04-27 02:32:20', 'fe1354af1804d53cf7c6f7273911fefc02e74f10e0327ad868d138f2b4fdd6f02f15bb63f4be5ab9e0a840524680ec34', '2020-05-02 02:32:20', 151, 'I', '2020-04-18 02:20:55', '2020-04-27 02:32:20'),
(5, 29, 8, '36.82.79.13', '2020-04-18 02:55:22', '2020-07-05 13:34:16', '2592201c6582bfce3ace45b69ac8ea816ea9ab1baa0efb9e19094440c317e21b300880d19bf3a525cb4c4a107f492bd4', '2020-07-10 13:34:16', 3425, 'E', '2020-04-18 02:55:22', '2020-07-15 03:22:19'),
(6, 37, 6, '114.124.161.189', '2020-04-18 06:48:59', '2020-04-22 03:41:16', '61739e4338e88713f25b624de617076ba5bfc9e07964f8dddeb95fc584cd965df5fb68d37657cd6ee28e04b6c772ba64', '2020-04-27 03:41:16', 86, 'I', '2020-04-18 06:48:59', '2020-04-22 03:41:16'),
(7, 16, 6, '114.124.161.189', '2020-04-22 02:39:48', '2020-04-22 02:39:50', 'dd21da5870616e0ed62f287b35d89003c74d97b01eae257e44aa9d5bade97baf6150667bf6e3920dc9692d1656514dbb', '2020-04-27 02:39:50', 3, 'I', '2020-04-22 02:39:48', '2020-04-22 02:39:50'),
(8, 29, 6, '114.124.161.189', '2020-04-22 02:40:08', '2020-04-22 02:43:08', 'a1fdd88f295781d2d17798bd1b1b51ab6ea9ab1baa0efb9e19094440c317e21bbc39ff6de78e1769b7c704a463ffba3e', '2020-04-27 02:43:08', 20, 'I', '2020-04-22 02:40:08', '2020-04-22 02:43:08'),
(9, 29, 6, '118.137.118.248', '2020-04-22 03:48:58', '2020-04-22 04:48:21', '6e251d81f4a7af05366726820b91827b6ea9ab1baa0efb9e19094440c317e21b79e5a105a7b5c4d0cf5599128df857a2', '2020-04-27 04:48:21', 18, 'I', '2020-04-22 03:48:58', '2020-04-22 04:48:21'),
(10, 30, 6, '118.137.118.248', '2020-04-22 03:49:38', '2020-04-22 04:32:04', 'e015a4efc23d1260e082dc694bd70d6734173cb38f07f89ddbebc2ac9128303f0d0d17e435ad3c2600dd6ba76b194e4f', '2020-04-27 04:32:04', 9, 'I', '2020-04-22 03:49:38', '2020-04-22 04:32:04'),
(11, 36, 6, '118.137.118.248', '2020-04-22 04:32:24', '2020-04-22 04:32:29', '25cbd34c27e894126fb1c1d673eaaf2c19ca14e7ea6328a42e0eb13d585e4c22c7a8b100ef3024b5cb11c28b1969f893', '2020-04-27 04:32:29', 5, 'I', '2020-04-22 04:32:24', '2020-04-22 04:32:29'),
(12, 37, 6, '114.124.161.142', '2020-04-22 04:32:51', '2020-05-06 12:06:08', 'e105b1e8f93d9f9b3646e6043ee65b42a5bfc9e07964f8dddeb95fc584cd965df5b8965394ea9c4f08700634c122818e', '2020-05-11 12:06:08', 644, 'I', '2020-04-22 04:32:51', '2020-05-06 12:06:08'),
(13, 37, 12, '118.137.118.248', '2020-04-22 05:54:41', '2020-04-23 02:36:54', '6d087b75df756184c3b1f14d829032baa5bfc9e07964f8dddeb95fc584cd965d154b1fcc0890d52b2fe047545601af0f', '2020-04-28 02:36:54', 67, 'E', '2020-04-22 05:54:41', '2020-04-28 09:12:18'),
(14, 16, 12, '118.137.118.248', '2020-04-22 05:58:50', '2020-04-22 06:22:50', 'b4ff037142624e10006009fa0415c550c74d97b01eae257e44aa9d5bade97baf518af4ca72d3ce5aef32dd2aaebc578d', '2020-04-27 06:22:50', 19, 'E', '2020-04-22 05:58:50', '2020-05-06 10:35:34'),
(15, 36, 12, '118.137.118.248', '2020-04-22 06:05:41', '2020-04-22 06:10:47', 'fe290635665879b0c8e5a57a3f1a47de19ca14e7ea6328a42e0eb13d585e4c228ca3bafc8a991ab050760187c02f7f99', '2020-04-27 06:10:47', 4, 'I', '2020-04-22 06:05:41', '2020-04-22 06:10:47'),
(16, 32, 12, '118.137.118.248', '2020-04-22 06:22:26', '2020-04-22 06:22:31', 'bd9188f2b7e559b54cb5abe4f79cdcc56364d3f0f495b6ab9dcf8d3b5c6e0b0177d5a0c845d8b44042566fa1ffea7dd7', '2020-04-27 06:22:31', 5, 'I', '2020-04-22 06:22:26', '2020-04-22 06:22:31'),
(17, 33, 12, '118.137.118.248', '2020-04-22 06:23:12', '2020-04-22 06:23:14', 'b04f184ab2da34d85118fd82ca3e2db5182be0c5cdcd5072bb1864cdee4d3d6e7d1f5d7106ba88609695a2efa2481329', '2020-04-27 06:23:14', 4, 'I', '2020-04-22 06:23:12', '2020-04-22 06:23:14'),
(18, 16, 6, '114.124.212.110', '2020-04-23 01:28:24', '2020-04-23 01:28:30', '1dd6df8611bd982fd68c024fbd516700c74d97b01eae257e44aa9d5bade97baf535d229a735a0165d352015cbefd7289', '2020-04-28 01:28:30', 7, 'I', '2020-04-23 01:28:24', '2020-04-23 01:28:30'),
(19, 37, 6, '114.124.212.110', '2020-04-23 03:54:55', '2020-04-23 05:27:00', '51bda96e6bc0b7cdf8a318204d740592a5bfc9e07964f8dddeb95fc584cd965d5bdada5925450bc66f94276590f3a450', '2020-04-28 05:27:00', 30, 'I', '2020-04-23 03:54:55', '2020-04-23 05:27:00'),
(20, 37, 12, '118.137.118.248', '2020-04-23 04:12:10', '2020-04-24 01:48:20', '051717de019e970316e0fc6428ca7589a5bfc9e07964f8dddeb95fc584cd965d2d7697371a54de19798625ba7023d7ff', '2020-04-29 01:48:20', 33, 'E', '2020-04-23 04:12:10', '2020-05-04 09:55:01'),
(21, 37, 6, '114.124.229.78', '2020-04-23 05:05:05', '2020-04-23 05:05:08', '03ee977e819fd21e43176973888bc64da5bfc9e07964f8dddeb95fc584cd965dfe693513393c6296f3af9f6eb18910e2', '2020-04-28 05:05:08', 5, 'I', '2020-04-23 05:05:05', '2020-04-23 05:05:08'),
(23, 16, 13, '110.138.225.163', '2020-04-24 12:17:41', '2020-04-24 12:18:05', 'e6a51af031a29f278b7c978f1e468ba2c74d97b01eae257e44aa9d5bade97baf6bea22a0c806abdd703a866c8403bc5a', '2020-04-29 12:18:05', 8, 'I', '2020-04-24 12:17:41', '2020-04-24 12:18:05'),
(24, 37, 12, '118.137.118.248', '2020-04-28 09:12:18', '2020-04-28 09:12:44', 'ed6850d2322823d0315f9ead88e71439a5bfc9e07964f8dddeb95fc584cd965d9d00aca34f873fe05a326848923b554c', '2020-05-03 09:12:44', 7, 'E', '2020-04-28 09:12:18', '2020-05-04 09:50:52'),
(25, 27, 5, '36.71.75.127', '2020-04-30 22:49:19', '2020-05-07 11:03:24', 'b8e301c166c5d9fde53761769147689902e74f10e0327ad868d138f2b4fdd6f0f9d44dcdd41d0687440c2981807a2906', '2020-05-12 11:03:24', 235, 'I', '2020-04-30 22:49:19', '2020-05-07 11:03:24'),
(26, 28, 7, '140.213.57.126', '2020-05-04 00:46:16', '2020-05-04 00:46:16', 'e1126898a5428daf89d4d156f28f317633e75ff09dd601bbe69f35103915218977ef1d952df029a82d159682a0fc7f92', '2020-05-09 00:46:16', 1, 'I', '2020-05-04 00:46:16', '2020-05-04 00:46:16'),
(27, 28, 7, '36.71.75.127', '2020-05-04 00:57:34', '2020-05-08 03:56:04', '2f517959c4f5e51a76cfbeb9b4bba5c133e75ff09dd601bbe69f351039152189ba681f4143dcf91afd3b3b2ef08c8ba7', '2020-05-13 03:56:04', 273, 'I', '2020-05-04 00:57:34', '2020-05-08 03:56:04'),
(28, 37, 12, '118.137.118.248', '2020-05-04 09:50:52', '2020-05-07 12:00:14', '2069ca85edfe4e25d3878027813ca9b6a5bfc9e07964f8dddeb95fc584cd965d94a2039d5c99fdb0a6936541f06df63c', '2020-05-12 12:00:14', 68, 'I', '2020-05-04 09:50:52', '2020-05-07 12:00:14'),
(29, 37, 12, '118.137.118.248', '2020-05-04 09:55:01', '2020-05-06 10:30:13', '88e0a08ffe74765c79ce05416d195a7fa5bfc9e07964f8dddeb95fc584cd965de300dba58d637bed44ccea5786f3c42b', '2020-05-11 10:30:13', 221, 'I', '2020-05-04 09:55:01', '2020-05-06 10:30:13'),
(30, 16, 12, '118.137.118.248', '2020-05-06 10:35:34', '2020-05-06 10:35:37', 'e5d4725e7a3a6d3dbfa5bf16001c43d5c74d97b01eae257e44aa9d5bade97bafadc86f08945982ae8c6dda5bb5d0c758', '2020-05-11 10:35:37', 3, 'I', '2020-05-06 10:35:34', '2020-05-06 10:35:37'),
(31, 27, 12, '118.137.118.248', '2020-05-06 10:36:06', '2020-05-07 02:59:07', 'bf087f0cfb0bf00380153dd71f19151902e74f10e0327ad868d138f2b4fdd6f028198d08c0cb1d662614c9ec0c2dd41e', '2020-05-12 02:59:07', 72, 'I', '2020-05-06 10:36:06', '2020-05-07 02:59:07'),
(32, 27, 6, '118.137.118.248', '2020-05-06 12:25:40', '2020-05-07 02:16:18', '1360157ae27d23aaba37b954a2c2566302e74f10e0327ad868d138f2b4fdd6f0f7e876930bd73ffa3d615472baa09070', '2020-05-12 02:16:18', 30, 'I', '2020-05-06 12:25:40', '2020-05-07 02:16:18'),
(33, 37, 6, '114.124.161.207', '2020-05-07 02:16:38', '2020-05-16 02:28:58', '225f9e5f871ca96325c928b7a838ef49a5bfc9e07964f8dddeb95fc584cd965d9f9aaf0c930114ea6d8513529f5a4a47', '2020-05-21 02:28:58', 148, 'I', '2020-05-07 02:16:38', '2020-05-16 02:28:58'),
(34, 27, 5, '114.125.124.115', '2020-05-08 23:37:00', '2020-09-02 12:44:51', 'dbccacddd4622ebbc17cb6d51a7e706f02e74f10e0327ad868d138f2b4fdd6f0d47023801f08dfee7883132ceddd1bbe', '2020-09-07 12:44:51', 3032, 'I', '2020-05-08 23:37:00', '2020-09-02 12:44:51'),
(35, 28, 7, '125.160.154.85', '2020-05-09 02:17:59', '2020-06-10 09:56:04', '0184dbbbe43a74973fdb2ddaec39464e33e75ff09dd601bbe69f351039152189822ffe057cec67e09f287a6eafa3bc2c', '2020-06-15 09:56:04', 303, 'E', '2020-05-09 02:17:59', '2020-06-22 22:52:17'),
(36, 27, 6, '114.124.161.207', '2020-05-16 02:24:08', '2020-05-16 02:28:19', '662f98073020981d3905024dc88550ad02e74f10e0327ad868d138f2b4fdd6f0bf7ca223dba6f6163f9179159cf131b3', '2020-05-21 02:28:19', 15, 'I', '2020-05-16 02:24:08', '2020-05-16 02:28:19'),
(37, 37, 4, '114.124.161.207', '2020-05-16 02:29:30', '2020-05-16 06:12:39', 'ba172b2ffb481358d3cc1f66244026fea5bfc9e07964f8dddeb95fc584cd965dcbb749516b844070d8e574cdad777e3d', '2020-05-21 06:12:39', 34, 'I', '2020-05-16 02:29:30', '2020-05-16 06:12:39'),
(38, 27, 4, '114.124.161.207', '2020-05-16 02:33:30', '2020-05-16 06:11:51', '0aa4cc977b87304b60831701122d22c002e74f10e0327ad868d138f2b4fdd6f0f311c2063b662dadf5645eee5f5d78da', '2020-05-21 06:11:51', 61, 'I', '2020-05-16 02:33:30', '2020-05-16 06:11:51'),
(39, 38, 14, '114.125.81.99', '2020-05-18 03:23:14', '2020-05-21 12:23:50', '4fc53321468838b2db11c69acf1f6c51a5771bce93e200c36f7cd9dfd0e5deaa7042382cfc6c91d09f33d63e4dbe02e2', '2020-05-26 12:23:50', 103, 'E', '2020-05-18 03:23:14', '2020-05-28 09:10:32'),
(40, 38, 14, '125.166.4.146', '2020-05-28 09:10:32', '2020-09-02 09:21:46', 'f9f9c8ac9fd06fa3db194d92d85a00e1a5771bce93e200c36f7cd9dfd0e5deaa265f723b9d2c4b8d12e86392a7d7da50', '2020-09-07 09:21:46', 2327, 'I', '2020-05-28 09:10:32', '2020-09-02 09:21:46'),
(41, 37, 6, '114.124.212.138', '2020-05-28 10:01:11', '2020-06-02 06:55:16', '862035d479aa43d8afa049a70a56729ea5bfc9e07964f8dddeb95fc584cd965d2a999c74be9091129add3f31d95f3389', '2020-06-07 06:55:16', 88, 'I', '2020-05-28 10:01:11', '2020-06-02 06:55:16'),
(42, 16, 6, '114.124.161.134', '2020-06-02 06:55:28', '2020-06-04 03:20:49', 'ab4a94ada29f3538b5303c6c04e0c9fdc74d97b01eae257e44aa9d5bade97bafb0f24fbcc50096bc32044cfdd8fedae5', '2020-06-09 03:20:49', 38, 'I', '2020-06-02 06:55:28', '2020-06-04 03:20:49'),
(43, 37, 6, '114.124.161.134', '2020-06-04 03:21:06', '2020-06-04 03:28:01', 'ab7bab3cb4514868061e599f7bca752fa5bfc9e07964f8dddeb95fc584cd965d23e564386998142aa08536d6e099f3c8', '2020-06-09 03:28:01', 16, 'I', '2020-06-04 03:21:06', '2020-06-04 03:28:01'),
(44, 37, 6, '114.124.161.198', '2020-06-08 02:35:49', '2020-06-08 03:05:34', 'f3bd092d0d2d95a13fa388a680c28f23a5bfc9e07964f8dddeb95fc584cd965d74d7716a968e35d65bcaec8547a73e24', '2020-06-13 03:05:34', 38, 'E', '2020-06-08 02:35:49', '2020-06-22 03:10:49'),
(45, 37, 6, '114.124.161.148', '2020-06-22 03:10:49', '2020-07-02 12:20:56', 'faf50621653b49841e19f7123c086e72a5bfc9e07964f8dddeb95fc584cd965db0908bb6232dc0404832c72ca45c8e39', '2020-07-07 12:20:56', 333, 'I', '2020-06-22 03:10:49', '2020-07-02 12:20:56'),
(46, 37, 15, '139.195.93.228', '2020-06-22 09:56:35', '2020-06-24 10:13:40', '9f474679cdc0a01a8417b2eb076de091a5bfc9e07964f8dddeb95fc584cd965dd2f9d13a51621530a930d2c3bca8b068', '2020-06-29 10:13:40', 58, 'I', '2020-06-22 09:56:35', '2020-06-24 10:13:40'),
(47, 28, 7, '182.1.115.136', '2020-06-22 22:52:17', '2020-07-21 01:14:33', '6b0492edf7f6eca7ef03258c2c8bd4ea33e75ff09dd601bbe69f3510391521894d67693ce7e6778db0482fdde79cd33c', '2020-07-26 01:14:33', 164, 'E', '2020-06-22 22:52:17', '2020-07-26 03:58:11'),
(48, 27, 6, '139.195.93.228', '2020-06-27 15:06:09', '2020-06-28 01:35:36', 'd5fe63b6784de04cb91c3695d2ebe37302e74f10e0327ad868d138f2b4fdd6f0766dc18244edf55da64a29a4be6bc3d7', '2020-07-03 01:35:36', 28, 'I', '2020-06-27 15:06:09', '2020-06-28 01:35:36'),
(49, 27, 1, '139.195.93.228', '2020-06-28 02:00:38', '2020-06-28 02:12:59', '95da2ffdaf32a2d29910e496f23f526202e74f10e0327ad868d138f2b4fdd6f0fb96c27435ac8d69c7111c02aa13f0b6', '2020-07-03 02:12:59', 40, 'I', '2020-06-28 02:00:38', '2020-06-28 02:12:59'),
(50, 37, 1, '139.195.93.228', '2020-06-28 02:13:13', '2020-06-28 02:13:25', 'dd5d59f284f7b2485f810ea37f23a1efa5bfc9e07964f8dddeb95fc584cd965d098ead3e649e99d0816702fd6e488e4a', '2020-07-03 02:13:25', 13, 'I', '2020-06-28 02:13:13', '2020-06-28 02:13:25'),
(51, 37, 16, '139.195.93.228', '2020-06-30 11:48:08', '2020-07-09 04:11:26', 'ff1797777fe8ddc6a5703284c5f5a4c3a5bfc9e07964f8dddeb95fc584cd965d550a68b6b8dee37007825ea72c047df8', '2020-07-14 04:11:26', 322, 'I', '2020-06-30 11:48:08', '2020-07-09 04:11:26'),
(52, 37, 4, '139.195.93.228', '2020-07-02 12:23:05', '2020-07-11 13:20:50', 'c0f85b5efb363cd5ea5e139bc8ea5455a5bfc9e07964f8dddeb95fc584cd965d6a468027dc252c08f932c83b411ec3ac', '2020-07-16 13:20:50', 563, 'I', '2020-07-02 12:23:05', '2020-07-11 13:20:50'),
(53, 29, 10, '36.85.19.115', '2020-07-03 02:28:10', '2020-09-02 09:11:26', '7bb797b3ddd47aa7d1ddb527c57fb50f6ea9ab1baa0efb9e19094440c317e21b87be4c70145f1e765b449e9ddb5d564c', '2020-09-07 09:11:26', 2064, 'I', '2020-07-03 02:28:10', '2020-09-02 09:11:26'),
(54, 37, 17, '139.195.93.228', '2020-07-05 01:48:42', '2020-07-06 12:18:59', '8787c452235ff2068954aa306fe40e12a5bfc9e07964f8dddeb95fc584cd965de0dc09fcc26850e348efc35366530a35', '2020-07-11 12:18:59', 18, 'E', '2020-07-05 01:48:42', '2020-07-13 11:22:43'),
(55, 16, 17, '139.195.93.228', '2020-07-06 11:44:44', '2020-07-07 11:31:20', 'd82998d93b3b900ee392b972a60b69bac74d97b01eae257e44aa9d5bade97baf0ec56802cc4535ca6e2f7aa2accd445a', '2020-07-12 11:31:20', 16, 'E', '2020-07-06 11:44:44', '2020-07-13 11:32:52'),
(56, 16, 4, '114.124.161.136', '2020-07-06 11:52:36', '2020-07-16 04:46:45', '9e65e9e507a9a309c8bd6c88a19ca479c74d97b01eae257e44aa9d5bade97baf7756388482d0449b958f24cd34fd1766', '2020-07-21 04:46:45', 726, 'I', '2020-07-06 11:52:36', '2020-07-16 04:46:45'),
(57, 16, 16, '139.195.93.228', '2020-07-07 01:40:32', '2020-07-13 10:38:15', '905f82348720d1a0b7f4138f734a2aa5c74d97b01eae257e44aa9d5bade97bafce1b418cce90e8c9ad63a94864d55435', '2020-07-18 10:38:15', 251, 'E', '2020-07-07 01:40:32', '2020-07-21 02:11:41'),
(58, 37, 17, '139.195.93.228', '2020-07-13 11:22:43', '2020-07-13 11:22:43', '684e5cdc985d5da7fdee3e8f1684cad0a5bfc9e07964f8dddeb95fc584cd965df6e090c39a2024dc775f44e3f570685e', '2020-07-18 11:22:43', 1, 'I', '2020-07-13 11:22:43', '2020-07-13 11:22:43'),
(59, 16, 17, '140.0.27.15', '2020-07-13 11:32:52', '2020-07-15 12:35:12', '0fc2dc7d4a3656239dc5dfaeb1cda97ec74d97b01eae257e44aa9d5bade97baf14f51902b858ab9ec075920ca8d0699d', '2020-07-20 12:35:12', 18, 'E', '2020-07-13 11:32:52', '2020-07-28 11:21:23'),
(60, 29, 8, '36.81.169.94', '2020-07-15 03:22:19', '2020-07-15 04:44:08', 'c7e353dc4325d03fc7054d2133c1401c6ea9ab1baa0efb9e19094440c317e21b4498bb0ecdf7228d5131fc5b7008168e', '2020-07-20 04:44:08', 11, 'I', '2020-07-15 03:22:19', '2020-07-15 04:44:08'),
(61, 37, 4, '114.124.161.136', '2020-07-16 04:46:56', '2020-07-16 05:22:00', 'c3756c824e5f6fcf9d728710a0722f20a5bfc9e07964f8dddeb95fc584cd965d16acc1a04136162d1f8072d0a1c3769d', '2020-07-21 05:22:00', 22, 'I', '2020-07-16 04:46:56', '2020-07-16 05:22:00'),
(62, 37, 1, '114.124.161.136', '2020-07-16 05:25:12', '2020-07-16 05:25:16', '4328d43771ecad81ebcf6d64500c7848a5bfc9e07964f8dddeb95fc584cd965d9d0725dfe30ad53ef7b5f3123847c972', '2020-07-21 05:25:16', 6, 'I', '2020-07-16 05:25:12', '2020-07-16 05:25:16'),
(63, 16, 1, '114.124.161.136', '2020-07-16 05:26:22', '2020-07-16 06:21:49', 'ca5683897ea6b26bb54a6a45ee0b3414c74d97b01eae257e44aa9d5bade97baf136f0207adddff205b270529cce1a2e4', '2020-07-21 06:21:49', 18, 'I', '2020-07-16 05:26:22', '2020-07-16 06:21:49'),
(64, 29, 1, '114.124.161.136', '2020-07-16 05:28:00', '2020-07-16 06:21:33', 'd6c3a129ea3c47f95dd8e8bbbfef35756ea9ab1baa0efb9e19094440c317e21ba5483ff99b762c04218f33f8cf24c753', '2020-07-21 06:21:33', 37, 'I', '2020-07-16 05:28:00', '2020-07-16 06:21:33'),
(65, 16, 4, '140.0.27.15', '2020-07-20 11:59:42', '2020-07-22 12:26:01', 'af7d492c3d80af2b7a621e3fefde72adc74d97b01eae257e44aa9d5bade97bafa6ea78801d62bcafbc3295370f42eba2', '2020-07-27 12:26:01', 213, 'I', '2020-07-20 11:59:42', '2020-07-22 12:26:01'),
(66, 16, 16, '140.0.27.15', '2020-07-21 02:11:41', '2020-07-21 02:42:36', '52202c758d4c6c67b8c2199d4d774c60c74d97b01eae257e44aa9d5bade97baf1cd73445fe32387c65087c279154c2b9', '2020-07-26 02:42:36', 89, 'I', '2020-07-21 02:11:41', '2020-07-21 02:42:36'),
(67, 37, 16, '139.195.134.22', '2020-07-21 02:42:47', '2020-07-28 09:40:02', '25c0a617124984fbcdb4f9daabaea3f7a5bfc9e07964f8dddeb95fc584cd965d82cf5cb769a4b3be4a6dc19b46b34e70', '2020-08-02 09:40:02', 157, 'E', '2020-07-21 02:42:47', '2020-08-06 01:35:36'),
(68, 37, 4, '140.0.27.15', '2020-07-22 12:44:13', '2020-07-23 02:54:16', 'c6d8794f55b29bedcd22321d24b49b35a5bfc9e07964f8dddeb95fc584cd965d7cf70dfb1f77549aff4122fcf8640cfd', '2020-07-28 02:54:16', 44, 'I', '2020-07-22 12:44:13', '2020-07-23 02:54:16'),
(69, 16, 6, '114.124.161.194', '2020-07-24 09:59:17', '2020-07-24 09:59:26', '693cfb33ede8797a367298991c2c2cf6c74d97b01eae257e44aa9d5bade97baf9b4188068a1c8632ac25e2b6a6339ba8', '2020-07-29 09:59:26', 4, 'I', '2020-07-24 09:59:17', '2020-07-24 09:59:26'),
(70, 37, 1, '139.195.134.22', '2020-07-24 10:24:04', '2020-07-24 10:37:39', '9577c976776ac0712a16ff1ab166f472a5bfc9e07964f8dddeb95fc584cd965d65b1903e5713d35acedd698e812f5262', '2020-07-29 10:37:39', 39, 'I', '2020-07-24 10:24:04', '2020-07-24 10:37:39'),
(71, 37, 4, '139.195.134.22', '2020-07-24 13:00:00', '2020-07-24 13:00:05', 'f82573714b3f6a94195530686735abb0a5bfc9e07964f8dddeb95fc584cd965d572ee17320f83008b3d9cb02fa28caaa', '2020-07-29 13:00:05', 6, 'E', '2020-07-24 13:00:00', '2020-08-05 12:10:42'),
(72, 16, 4, '114.124.212.131', '2020-07-24 13:04:08', '2020-08-11 16:51:45', '3d04a064fda782b1a48978d9a2fb4061c74d97b01eae257e44aa9d5bade97baf50cdfac2d4ed569e5f5a6c9e7954eeb4', '2020-08-16 16:51:45', 1155, 'E', '2020-07-24 13:04:08', '2020-08-25 12:45:50'),
(73, 28, 7, '114.122.136.55', '2020-07-26 03:58:11', '2020-07-26 03:58:11', 'b95016a6914614617d7214462848b00d33e75ff09dd601bbe69f3510391521890762a330fa8cf791790466d21b679673', '2020-07-31 03:58:11', 1, 'I', '2020-07-26 03:58:11', '2020-07-26 03:58:11'),
(74, 28, 7, '180.242.223.62', '2020-07-26 03:58:36', '2020-07-28 10:25:52', '2b34a24b6c70763814a986288a99a03f33e75ff09dd601bbe69f351039152189249cc644b55686ae62e2c1feda95f3bc', '2020-08-02 10:25:52', 32, 'I', '2020-07-26 03:58:36', '2020-07-28 10:25:52'),
(75, 16, 17, '139.195.134.22', '2020-07-28 11:21:23', '2020-07-28 13:03:50', '225dc4b534054c81c32c01269754b607c74d97b01eae257e44aa9d5bade97bafb0348a71f68765eae9b2857f1d9e47ef', '2020-08-02 13:03:50', 13, 'I', '2020-07-28 11:21:23', '2020-07-28 13:03:50'),
(76, 37, 4, '114.124.204.116', '2020-08-05 12:10:42', '2020-08-07 16:17:46', 'e05f3e27d1ac7464d9aa195130e805f9a5bfc9e07964f8dddeb95fc584cd965d9d4df2bb96a27b6a80fd44ff2399ad9e', '2020-08-12 16:17:46', 222, 'I', '2020-08-05 12:10:42', '2020-08-07 16:17:46'),
(77, 37, 16, '139.195.134.22', '2020-08-06 01:35:36', '2020-08-06 11:27:05', '0aa3af09ed26c68673862cc4fe6e7db4a5bfc9e07964f8dddeb95fc584cd965da48a7cdb9d0dc4c3c9719e1dd9ab014e', '2020-08-11 11:27:05', 61, 'E', '2020-08-06 01:35:36', '2020-08-12 15:04:19'),
(78, 16, 4, '114.124.237.117', '2020-08-07 16:17:57', '2020-08-07 16:18:17', '8dc49caa0afb8756d5adf86002f4bd97c74d97b01eae257e44aa9d5bade97baf8cc9d4f36bb26bd8f17f4b449ec8969e', '2020-08-12 16:18:17', 13, 'I', '2020-08-07 16:17:57', '2020-08-07 16:18:17'),
(79, 37, 4, '114.124.199.220', '2020-08-07 16:18:30', '2020-08-08 01:03:46', 'fc4e374968c8f22f1c91f0f5b3f6cfc3a5bfc9e07964f8dddeb95fc584cd965d1dcde0f6a8dbad4885c80cff27bb5ee9', '2020-08-13 01:03:46', 51, 'I', '2020-08-07 16:18:30', '2020-08-08 01:03:46'),
(80, 16, 4, '114.124.215.124', '2020-08-08 01:03:55', '2020-08-08 02:58:58', '913d9ef545573a820386178e0f3e8df7c74d97b01eae257e44aa9d5bade97baf5e50e58a6eed8e84e529e76d80d749aa', '2020-08-13 02:58:58', 25, 'I', '2020-08-08 01:03:55', '2020-08-08 02:58:58'),
(81, 37, 4, '139.195.134.22', '2020-08-08 02:59:17', '2020-08-09 02:16:31', 'b47651f5f5633f669491552de1bfe137a5bfc9e07964f8dddeb95fc584cd965d6151fae0cd1980210567b7b67819c11b', '2020-08-14 02:16:31', 53, 'E', '2020-08-08 02:59:17', '2020-08-16 12:47:43'),
(82, 16, 16, '139.195.134.22', '2020-08-10 09:38:59', '2020-09-02 12:34:12', 'dcbc7da230acd203353e1aead77ce8e3c74d97b01eae257e44aa9d5bade97bafd2e557f10a21336ad5ae99391eb36a28', '2020-09-07 12:34:12', 948, 'I', '2020-08-10 09:38:59', '2020-09-02 12:34:12'),
(83, 37, 4, '114.124.231.92', '2020-08-10 13:13:45', '2020-08-10 13:13:46', 'c655e3b39c15e6ad42b31b2ef5c71e37a5bfc9e07964f8dddeb95fc584cd965d18bbc44bf01c88c45624e0b35082a090', '2020-08-15 13:13:46', 3, 'I', '2020-08-10 13:13:45', '2020-08-10 13:13:46'),
(84, 27, 4, '114.124.213.35', '2020-08-11 03:40:22', '2020-08-11 03:40:23', 'ca4d1fb224faa62bd2d5ff430423128a02e74f10e0327ad868d138f2b4fdd6f0866b62e0c04b9cc8eebb5183e897fdd5', '2020-08-16 03:40:23', 3, 'I', '2020-08-11 03:40:22', '2020-08-11 03:40:23'),
(85, 37, 4, '114.124.215.246', '2020-08-11 16:52:13', '2020-08-12 00:22:06', 'fa883cd6865146890d2e2b6f4c620853a5bfc9e07964f8dddeb95fc584cd965d73cec652421c799a1aae351f2eaadff9', '2020-08-17 00:22:06', 49, 'I', '2020-08-11 16:52:13', '2020-08-12 00:22:06'),
(86, 29, 4, '114.124.215.246', '2020-08-12 00:22:21', '2020-08-12 00:22:36', '7eeed1dac978b8155e55061650958eaf6ea9ab1baa0efb9e19094440c317e21b2e9003dd0129a5c2d8aecdbb0f44b371', '2020-08-17 00:22:36', 11, 'I', '2020-08-12 00:22:21', '2020-08-12 00:22:36'),
(87, 16, 4, '114.124.237.215', '2020-08-12 00:56:58', '2020-08-12 01:18:28', 'c064a4431b8968f2ac7dc5c26787881fc74d97b01eae257e44aa9d5bade97baf424f90c09c79e4b098f2cbd61f815cde', '2020-08-17 01:18:28', 47, 'I', '2020-08-12 00:56:58', '2020-08-12 01:18:28'),
(88, 28, 7, '114.125.100.200', '2020-08-12 01:03:59', '2020-08-15 09:24:47', '9b028af78858a34a78e3d054a30f743133e75ff09dd601bbe69f351039152189320b3cc5125007d0584094b066ca9837', '2020-08-20 09:24:47', 115, 'E', '2020-08-12 01:03:59', '2020-08-22 10:51:21'),
(89, 37, 4, '114.124.236.142', '2020-08-12 01:18:51', '2020-08-13 13:44:41', '4d10a8470ec31da4b9c8897ddf4249aba5bfc9e07964f8dddeb95fc584cd965dd9702c9375bde6728b05eeb34333efe5', '2020-08-18 13:44:41', 231, 'I', '2020-08-12 01:18:51', '2020-08-13 13:44:41'),
(90, 37, 16, '139.195.134.22', '2020-08-12 15:04:19', '2020-08-12 15:30:31', '969ab1fb222c973aafdae25d590f44a5a5bfc9e07964f8dddeb95fc584cd965df3481351ddb221654c5d83f63de119d5', '2020-08-17 15:30:31', 9, 'E', '2020-08-12 15:04:19', '2020-08-31 12:44:14'),
(91, 37, 1, '114.124.161.157', '2020-08-15 07:33:28', '2020-08-15 11:32:05', '1c55ff153bd0863ee97ed41a8dde3ecba5bfc9e07964f8dddeb95fc584cd965d411eafc5313cbb9f951b04677557fc0d', '2020-08-20 11:32:05', 37, 'I', '2020-08-15 07:33:28', '2020-08-15 11:32:05'),
(92, 37, 4, '114.124.161.193', '2020-08-15 12:39:44', '2020-08-22 03:14:23', '0e05d3cf7f3e128608c4b3fd4cc6f8d7a5bfc9e07964f8dddeb95fc584cd965d8456e9319024774302d49b257f6fd865', '2020-08-27 03:14:23', 147, 'I', '2020-08-15 12:39:44', '2020-08-22 03:14:23'),
(93, 27, 4, '139.195.134.22', '2020-08-16 06:24:26', '2020-08-16 12:47:28', '6a6c22a5a60dda695ac10fc1614b16a902e74f10e0327ad868d138f2b4fdd6f0be0df9e4484d9558217c1bdb0f2d4563', '2020-08-21 12:47:28', 260, 'I', '2020-08-16 06:24:26', '2020-08-16 12:47:28'),
(94, 37, 4, '114.124.214.81', '2020-08-16 12:47:43', '2020-08-29 10:00:45', '9fadc54f79c678f265b697d16a6191a2a5bfc9e07964f8dddeb95fc584cd965daa4ee241279ceb7917183ab58490dd7d', '2020-09-03 10:00:45', 620, 'I', '2020-08-16 12:47:43', '2020-08-29 10:00:45'),
(95, 16, 4, '139.195.134.22', '2020-08-20 13:09:33', '2020-08-28 03:01:07', '85c7c046d3f65d3407aafe9e5a1b73c8c74d97b01eae257e44aa9d5bade97baf3f8ece275bf34f7bde92756c5d830426', '2020-09-02 03:01:07', 844, 'I', '2020-08-20 13:09:33', '2020-08-28 03:01:07'),
(96, 16, 4, '139.195.134.22', '2020-08-22 03:14:40', '2020-08-22 13:13:17', 'f59f4956550028265a5de34ca8181a17c74d97b01eae257e44aa9d5bade97bafe037dc84c4fc95b0bc2b9fad79a37754', '2020-08-27 13:13:17', 75, 'I', '2020-08-22 03:14:40', '2020-08-22 13:13:17'),
(97, 28, 7, '110.136.218.164', '2020-08-22 10:51:21', '2020-08-25 10:23:35', 'a96c4ae9b7405a2acc8568ebd140442333e75ff09dd601bbe69f351039152189879d960d0ee8986e51f2c7abddb92b63', '2020-08-30 10:23:35', 86, 'I', '2020-08-22 10:51:21', '2020-08-25 10:23:35'),
(98, 16, 4, '139.195.134.22', '2020-08-25 12:45:50', '2020-08-25 12:45:50', 'de6f0623383a9cc38e6a73de0276026ac74d97b01eae257e44aa9d5bade97bafbd1166b32a13ba0e0e28fa9d061facb8', '2020-08-30 12:45:50', 1, 'I', '2020-08-25 12:45:50', '2020-08-25 12:45:50'),
(99, 16, 4, '139.195.134.22', '2020-08-29 10:00:56', '2020-09-02 11:39:12', '3b073e070b588fae2e39bc01b77f72a9c74d97b01eae257e44aa9d5bade97baf640335af561c1138a5668932793669e7', '2020-09-07 11:39:12', 138, 'I', '2020-08-29 10:00:56', '2020-09-02 11:39:12'),
(100, 37, 16, '139.195.134.22', '2020-08-31 12:44:14', '2020-08-31 12:44:30', '91153be5d45a32d6f0c3a85ab7333531a5bfc9e07964f8dddeb95fc584cd965d4a871d91f630c46ee176cde564229c07', '2020-09-05 12:44:30', 8, 'I', '2020-08-31 12:44:14', '2020-08-31 12:44:30'),
(101, 16, 13, '114.124.161.149', '2020-09-01 08:35:07', '2020-09-02 09:06:47', 'b4ce3f5e6ae2fd3312bf297cca287182c74d97b01eae257e44aa9d5bade97bafc21c0f6809cc8be250f5348184ab8734', '2020-09-07 09:06:47', 63, 'I', '2020-09-01 08:35:07', '2020-09-02 09:06:47'),
(102, 16, 18, '116.206.40.79', '2020-09-01 15:03:42', '2020-09-01 15:17:41', '4bfef6d66b6cabd7b3950f23a39849d5c74d97b01eae257e44aa9d5bade97baf661559dce936b4ee64f387eee850008a', '2020-09-06 15:17:41', 20, 'I', '2020-09-01 15:03:42', '2020-09-01 15:17:41'),
(103, 16, 19, '114.5.243.250', '2020-09-01 15:05:20', '2020-09-01 15:44:48', '10607fe0f86ca5b8cc37420207696321c74d97b01eae257e44aa9d5bade97baf68087ab60aa5d8e9ea3478b6ac66321e', '2020-09-06 15:44:48', 75, 'I', '2020-09-01 15:05:20', '2020-09-01 15:44:48');

-- --------------------------------------------------------

--
-- Stand-in struktur untuk tampilan `user_view`
-- (Lihat di bawah untuk tampilan aktual)
--
CREATE TABLE `user_view` (
`id` int(11)
,`username` varchar(100)
,`name` varchar(100)
,`no_hp` varchar(20)
,`is_active` tinyint(1)
,`password` varchar(100)
,`password_salt` varchar(100)
,`role` char(2)
,`created_at` timestamp
,`updated_at` timestamp
,`reset_id` int(11)
,`temp_password` varchar(10)
);

-- --------------------------------------------------------

--
-- Struktur dari tabel `usulan`
--

CREATE TABLE `usulan` (
  `id` int(11) NOT NULL,
  `jadwal_usulan` date NOT NULL DEFAULT '0000-00-00',
  `status` char(2) NOT NULL,
  `rencana_kerja_id` int(11) NOT NULL,
  `flow_id` int(11) NOT NULL,
  `pesanan_id` int(11) NOT NULL,
  `created_at` timestamp NOT NULL DEFAULT '0000-00-00 00:00:00',
  `updated_at` timestamp NOT NULL DEFAULT '0000-00-00 00:00:00',
  `user_id` int(11) NOT NULL,
  `approver_id` int(11) DEFAULT NULL,
  `rescheduler_id` int(11) DEFAULT NULL
) ENGINE=InnoDB DEFAULT CHARSET=latin1;

--
-- Dumping data untuk tabel `usulan`
--

INSERT INTO `usulan` (`id`, `jadwal_usulan`, `status`, `rencana_kerja_id`, `flow_id`, `pesanan_id`, `created_at`, `updated_at`, `user_id`, `approver_id`, `rescheduler_id`) VALUES
(61, '2020-02-13', 'R', 1, 2, 56, '2020-03-02 10:31:59', '2020-03-03 01:08:50', 29, 27, NULL),
(62, '2020-03-13', 'D', 1, 2, 56, '2020-03-03 01:08:50', '2020-03-06 01:43:56', 27, 30, NULL),
(63, '2020-02-20', 'D', 1, 2, 57, '2020-03-04 06:39:15', '2020-03-24 07:15:04', 30, 27, NULL),
(64, '2020-03-27', 'D', 1, 2, 58, '2020-03-26 13:20:24', '2020-03-26 13:20:40', 30, 27, NULL),
(65, '2020-03-26', 'D', 1, 2, 59, '2020-03-26 13:22:50', '2020-03-26 13:23:12', 30, 27, NULL),
(66, '2020-03-27', 'D', 2, 5, 58, '2020-03-26 13:28:15', '2020-03-26 13:28:45', 30, 27, NULL),
(67, '2020-03-27', 'R', 2, 5, 59, '2020-03-26 13:29:01', '2020-03-26 13:52:42', 30, 27, NULL),
(68, '2020-03-30', 'D', 2, 5, 56, '2020-03-26 13:51:00', '2020-03-26 13:52:24', 30, 27, NULL),
(69, '2020-03-30', 'D', 2, 5, 59, '2020-03-26 13:52:42', '2020-03-26 13:53:06', 27, 30, NULL),
(70, '2020-03-28', 'D', 1, 2, 73, '2020-04-18 02:57:29', '2020-04-18 04:12:59', 29, 27, NULL),
(71, '2020-03-13', 'D', 1, 2, 68, '2020-04-18 03:01:35', '2020-04-18 04:12:52', 29, 27, NULL),
(72, '2020-04-03', 'D', 1, 2, 69, '2020-04-18 03:51:37', '2020-04-18 04:12:31', 29, 27, NULL),
(73, '2020-04-11', 'D', 1, 2, 74, '2020-04-18 04:05:52', '2020-04-18 04:12:36', 29, 27, NULL),
(74, '2020-04-11', 'D', 1, 2, 75, '2020-04-18 04:06:21', '2020-04-18 04:12:22', 29, 27, NULL),
(75, '2020-04-22', 'D', 1, 2, 76, '2020-04-18 04:07:21', '2020-04-18 04:12:18', 29, 27, NULL),
(76, '2020-03-12', 'D', 1, 2, 67, '2020-04-18 04:11:17', '2020-04-18 04:12:08', 29, 27, NULL),
(77, '2020-03-26', 'D', 1, 2, 72, '2020-04-18 04:14:50', '2020-04-22 03:01:33', 29, 27, NULL),
(78, '2020-03-03', 'D', 1, 2, 65, '2020-04-18 04:16:13', '2020-04-22 03:01:28', 29, 27, NULL),
(79, '2020-04-14', 'D', 1, 2, 66, '2020-04-18 04:16:48', '2020-04-22 03:01:22', 29, 27, NULL),
(80, '2020-02-21', 'D', 1, 2, 62, '2020-04-18 04:19:53', '2020-04-22 03:01:13', 29, 27, NULL),
(81, '2020-04-23', 'D', 1, 2, 77, '2020-04-22 02:29:47', '2020-04-23 05:47:48', 29, 27, NULL),
(82, '2020-04-28', 'D', 2, 5, 57, '2020-04-24 01:26:49', '2020-04-25 01:28:09', 29, 27, NULL),
(83, '2020-05-06', 'D', 2, 5, 73, '2020-04-24 01:37:45', '2020-04-25 02:37:16', 29, 28, NULL),
(84, '2020-04-28', 'D', 2, 5, 68, '2020-04-24 01:44:37', '2020-04-25 02:27:02', 29, 28, NULL),
(85, '2020-04-22', 'D', 2, 5, 69, '2020-04-24 01:51:40', '2020-04-25 01:28:26', 29, 27, NULL),
(86, '2020-05-09', 'E', 2, 5, 74, '2020-04-24 01:55:18', '2020-05-04 02:30:17', 29, 28, 28),
(87, '2020-05-11', 'R', 2, 5, 75, '2020-04-24 01:58:25', '2020-04-25 01:47:43', 29, 28, NULL),
(88, '2020-04-15', 'D', 2, 5, 62, '2020-04-25 01:39:17', '2020-04-27 02:20:47', 29, 28, NULL),
(89, '2020-04-20', 'D', 2, 5, 66, '2020-04-25 01:40:17', '2020-04-27 02:21:35', 29, 28, NULL),
(90, '2020-05-07', 'E', 2, 5, 75, '2020-04-25 01:47:43', '2020-05-04 02:30:33', 28, 29, 28),
(91, '2020-04-29', 'D', 2, 5, 67, '2020-04-25 09:04:50', '2020-04-27 02:32:37', 29, 28, NULL),
(92, '2020-05-04', 'R', 2, 5, 65, '2020-04-25 09:21:28', '2020-05-04 02:18:51', 29, 28, NULL),
(93, '2020-05-11', 'E', 2, 5, 72, '2020-04-25 09:22:51', '2020-05-04 02:35:13', 29, 28, 28),
(94, '2020-04-28', 'D', 1, 2, 78, '2020-04-27 07:01:43', '2020-04-30 22:50:18', 29, 27, NULL),
(95, '2020-05-01', 'D', 1, 2, 79, '2020-05-01 11:46:03', '2020-05-04 00:58:00', 29, 28, NULL),
(96, '2020-05-05', 'R', 2, 5, 65, '2020-05-04 02:18:51', '2020-05-07 02:31:54', 28, 29, NULL),
(97, '2020-05-09', 'D', 2, 5, 74, '2020-05-04 02:30:17', '2020-05-04 02:35:00', 28, 29, NULL),
(98, '2020-05-07', 'D', 2, 5, 75, '2020-05-04 02:30:33', '2020-05-04 02:35:27', 28, 29, NULL),
(99, '2020-05-07', 'E', 2, 5, 72, '2020-05-04 02:35:13', '2020-05-07 03:25:47', 28, 29, 28),
(100, '2020-04-11', 'D', 1, 2, 81, '2020-05-04 11:56:37', '2020-05-05 01:33:53', 29, 28, NULL),
(101, '2020-05-14', 'R', 1, 2, 80, '2020-05-04 11:57:31', '2020-05-05 02:21:37', 29, 27, NULL),
(102, '2020-05-16', 'D', 2, 5, 79, '2020-05-05 01:58:16', '2020-05-06 03:31:59', 29, 28, NULL),
(103, '2020-05-21', 'D', 2, 5, 77, '2020-05-05 02:01:56', '2020-05-06 03:32:12', 29, 28, NULL),
(104, '2020-05-18', 'D', 2, 5, 76, '2020-05-05 02:04:02', '2020-05-06 03:32:23', 29, 28, NULL),
(105, '2020-05-08', 'D', 1, 2, 80, '2020-05-05 02:21:37', '2020-05-05 02:23:58', 27, 29, NULL),
(106, '2020-05-13', 'D', 2, 5, 81, '2020-05-05 02:24:45', '2020-05-06 03:31:45', 29, 28, NULL),
(107, '2020-05-11', 'D', 2, 5, 65, '2020-05-07 02:31:54', '2020-05-07 03:25:12', 29, 28, NULL),
(108, '2020-05-07', 'D', 2, 5, 72, '2020-05-07 03:25:47', '2020-05-07 09:39:08', 28, 29, NULL),
(109, '2020-05-11', 'D', 1, 2, 82, '2020-05-08 02:47:20', '2020-05-08 03:15:32', 29, 28, NULL),
(110, '2020-05-16', 'D', 2, 5, 78, '2020-05-08 02:49:41', '2020-05-08 02:59:06', 29, 28, NULL),
(111, '2020-05-08', 'D', 1, 2, 84, '2020-05-09 01:20:09', '2020-05-10 03:02:33', 29, 28, NULL),
(112, '2020-05-09', 'D', 1, 2, 89, '2020-05-09 03:48:45', '2020-05-10 03:02:18', 29, 28, NULL),
(113, '2020-05-11', 'R', 1, 2, 83, '2020-05-11 01:56:02', '2020-05-16 03:37:24', 29, 28, NULL),
(114, '2020-05-13', 'R', 1, 2, 90, '2020-05-13 01:27:35', '2020-05-13 02:05:42', 29, 28, NULL),
(115, '2020-05-18', 'R', 1, 2, 90, '2020-05-13 02:05:42', '2020-05-16 08:21:15', 28, 29, NULL),
(116, '2020-05-18', 'R', 1, 2, 83, '2020-05-16 03:37:24', '2020-05-16 03:56:53', 28, 29, NULL),
(117, '2020-05-20', 'D', 1, 2, 83, '2020-05-16 03:56:53', '2020-05-16 04:23:19', 29, 28, NULL),
(118, '2020-05-19', 'D', 1, 2, 90, '2020-05-16 08:21:15', '2020-05-16 08:21:50', 29, 28, NULL),
(119, '2020-05-19', 'R', 1, 2, 91, '2020-05-18 13:45:47', '2020-05-20 08:53:02', 29, 27, NULL),
(120, '2020-05-20', 'D', 1, 2, 92, '2020-05-19 07:21:23', '2020-05-20 08:21:31', 29, 27, NULL),
(121, '2020-05-21', 'D', 1, 2, 91, '2020-05-20 08:53:02', '2020-05-21 10:07:09', 27, 29, NULL),
(122, '2020-06-28', 'E', 1, 2, 93, '2020-05-20 11:00:58', '2020-05-28 09:17:47', 29, 27, 27),
(123, '2020-06-28', 'D', 1, 2, 93, '2020-05-28 09:17:47', '2020-05-28 15:08:55', 27, 29, NULL),
(124, '2020-06-02', 'D', 1, 2, 98, '2020-05-28 14:49:53', '2020-05-29 02:50:42', 29, 38, NULL),
(125, '2020-06-01', 'D', 1, 2, 99, '2020-05-28 14:50:49', '2020-05-29 02:50:40', 29, 38, NULL),
(126, '2020-06-01', 'D', 1, 2, 101, '2020-05-28 14:51:11', '2020-05-29 02:50:36', 29, 38, NULL),
(127, '2020-06-13', 'E', 2, 5, 80, '2020-05-28 16:20:17', '2020-06-04 11:04:21', 29, 27, 27),
(128, '2020-06-05', 'D', 2, 5, 84, '2020-05-28 16:21:34', '2020-05-29 06:38:19', 29, 27, NULL),
(129, '2020-06-06', 'E', 2, 5, 82, '2020-05-28 16:22:24', '2020-06-04 02:15:12', 29, 28, 28),
(130, '2020-06-06', 'D', 2, 5, 89, '2020-05-28 16:23:03', '2020-05-31 06:45:55', 29, 27, NULL),
(131, '2020-06-19', 'D', 2, 5, 83, '2020-05-28 16:31:54', '2020-05-29 06:37:52', 29, 27, NULL),
(132, '2020-06-12', 'E', 2, 5, 92, '2020-05-28 16:32:29', '2020-06-04 01:54:20', 29, 28, 28),
(133, '2020-06-15', 'D', 2, 5, 91, '2020-05-28 16:32:55', '2020-05-29 05:41:32', 29, 28, NULL),
(134, '2020-06-11', 'E', 1, 2, 102, '2020-05-29 12:34:25', '2020-06-04 01:57:29', 29, 27, 28),
(135, '2020-06-12', 'D', 2, 5, 92, '2020-06-04 01:54:20', '2020-06-04 02:37:11', 28, 29, NULL),
(136, '2020-06-11', 'D', 1, 2, 102, '2020-06-04 01:57:29', '2020-06-04 02:38:23', 28, 29, NULL),
(137, '2020-06-06', 'D', 2, 5, 82, '2020-06-04 02:15:12', '2020-06-04 02:38:38', 28, 29, NULL),
(138, '2020-06-06', 'R', 1, 2, 94, '2020-06-04 03:17:06', '2020-06-04 11:04:52', 29, 27, NULL),
(139, '2020-06-06', 'D', 1, 2, 104, '2020-06-04 03:17:44', '2020-06-04 11:05:00', 29, 27, NULL),
(140, '2020-06-08', 'D', 1, 2, 103, '2020-06-04 03:30:02', '2020-06-04 14:57:54', 29, 27, NULL),
(141, '2020-06-13', 'E', 2, 5, 102, '2020-06-04 03:30:47', '2020-06-09 00:58:25', 29, 27, 27),
(142, '2020-06-13', 'R', 2, 5, 80, '2020-06-04 11:04:21', '2020-06-08 03:02:48', 27, 29, NULL),
(143, '2020-06-13', 'D', 1, 2, 94, '2020-06-04 11:04:52', '2020-06-04 15:10:30', 27, 29, NULL),
(144, '2020-06-08', 'D', 1, 2, 111, '2020-06-04 15:10:04', '2020-06-04 15:25:01', 29, 27, NULL),
(145, '2020-06-05', 'D', 1, 2, 112, '2020-06-05 06:22:09', '2020-06-05 06:44:47', 29, 27, NULL),
(146, '2020-06-06', 'D', 1, 2, 115, '2020-06-06 10:47:53', '2020-06-06 11:16:00', 29, 27, NULL),
(147, '2020-06-08', 'D', 1, 2, 113, '2020-06-07 02:35:17', '2020-06-07 02:41:14', 29, 27, NULL),
(148, '2020-06-08', 'D', 1, 2, 114, '2020-06-07 02:35:34', '2020-06-07 02:41:09', 29, 27, NULL),
(149, '2020-06-08', 'D', 1, 2, 116, '2020-06-08 03:02:25', '2020-06-08 03:27:59', 29, 28, NULL),
(150, '2020-06-12', 'D', 2, 5, 80, '2020-06-08 03:02:48', '2020-06-08 12:09:09', 29, 27, NULL),
(151, '2020-06-17', 'E', 2, 5, 99, '2020-06-08 03:13:25', '2020-06-14 03:54:40', 29, 28, 27),
(152, '2020-06-29', 'E', 2, 5, 101, '2020-06-08 03:14:28', '2020-06-18 14:18:40', 29, 27, 27),
(153, '2020-06-25', 'E', 2, 5, 115, '2020-06-08 03:16:48', '2020-06-22 13:08:02', 29, 27, 27),
(154, '2020-06-13', 'D', 2, 5, 102, '2020-06-09 00:58:25', '2020-06-09 11:11:57', 27, 29, NULL),
(155, '2020-06-18', 'D', 1, 2, 117, '2020-06-12 01:56:30', '2020-06-12 02:03:17', 29, 27, NULL),
(156, '2020-06-18', 'D', 1, 2, 118, '2020-06-12 01:56:52', '2020-06-12 02:02:55', 29, 27, NULL),
(157, '2020-06-18', 'D', 1, 2, 119, '2020-06-12 01:57:12', '2020-06-12 02:03:23', 29, 27, NULL),
(158, '2020-06-17', 'D', 2, 5, 99, '2020-06-14 03:54:40', '2020-06-14 04:01:38', 27, 29, NULL),
(159, '2020-06-25', 'R', 1, 2, 121, '2020-06-16 02:51:52', '2020-06-21 06:33:22', 29, 27, NULL),
(160, '2020-06-18', 'D', 1, 2, 120, '2020-06-16 02:52:40', '2020-06-16 03:08:52', 29, 27, NULL),
(161, '2020-06-27', 'D', 1, 2, 126, '2020-06-18 07:25:34', '2020-06-20 01:01:29', 29, 27, NULL),
(162, '2020-06-29', 'D', 2, 5, 101, '2020-06-18 14:18:40', '2020-06-18 14:19:26', 27, 29, NULL),
(163, '2020-06-25', 'R', 1, 2, 128, '2020-06-21 06:33:17', '2020-08-24 09:42:06', 29, 38, NULL),
(164, '2020-06-26', 'D', 1, 2, 121, '2020-06-21 06:33:22', '2020-06-21 06:58:24', 27, 29, NULL),
(165, '2020-06-25', 'R', 1, 2, 129, '2020-06-21 06:33:35', '2020-06-21 06:35:14', 29, 27, NULL),
(166, '2020-06-25', 'E', 1, 2, 129, '2020-06-21 06:35:14', '2020-06-24 05:54:15', 27, 29, 38),
(167, '2020-06-25', 'R', 2, 5, 115, '2020-06-22 13:08:02', '2020-06-24 08:28:21', 27, 29, NULL),
(168, '2020-06-25', 'D', 1, 2, 129, '2020-06-24 05:54:15', '2020-06-24 08:27:42', 38, 29, NULL),
(169, '2020-07-06', 'E', 2, 5, 115, '2020-06-24 08:28:21', '2020-06-27 10:20:51', 29, 27, 38),
(170, '2020-06-28', 'D', 1, 2, 127, '2020-06-24 08:30:10', '2020-06-24 08:56:30', 29, 27, NULL),
(171, '2020-06-24', 'D', 1, 2, 132, '2020-06-24 08:30:37', '2020-06-24 08:56:42', 29, 27, NULL),
(172, '2020-06-28', 'D', 1, 2, 145, '2020-06-27 02:15:42', '2020-06-27 02:24:06', 29, 38, NULL),
(173, '2020-07-04', 'D', 2, 5, 90, '2020-06-27 09:44:33', '2020-06-27 13:23:06', 29, 27, NULL),
(174, '2020-07-01', 'R', 2, 5, 98, '2020-06-27 09:45:03', '2020-06-27 13:07:33', 29, 28, NULL),
(175, '2020-07-08', 'D', 2, 5, 104, '2020-06-27 09:45:44', '2020-06-27 12:33:03', 29, 28, NULL),
(176, '2020-07-03', 'D', 2, 5, 103, '2020-06-27 09:46:48', '2020-06-27 13:37:23', 29, 27, NULL),
(177, '2020-07-02', 'D', 2, 5, 111, '2020-06-27 09:47:18', '2020-06-27 11:32:21', 29, 38, NULL),
(178, '2020-07-11', 'D', 2, 5, 112, '2020-06-27 09:50:44', '2020-06-27 13:37:11', 29, 27, NULL),
(179, '2020-07-18', 'E', 2, 5, 113, '2020-06-27 09:51:41', '2020-07-14 08:36:37', 29, 27, 38),
(180, '2020-07-10', 'D', 2, 5, 114, '2020-06-27 09:53:31', '2020-06-27 12:34:43', 29, 28, NULL),
(181, '2020-07-16', 'D', 2, 5, 116, '2020-06-27 09:54:14', '2020-06-27 13:15:42', 29, 27, NULL),
(182, '2020-06-22', 'D', 2, 5, 132, '2020-06-27 09:56:30', '2020-06-27 10:32:39', 29, 27, NULL),
(183, '2020-07-13', 'E', 2, 5, 115, '2020-06-27 10:20:51', '2020-06-30 10:59:15', 38, 29, 27),
(184, '2020-07-02', 'D', 2, 5, 98, '2020-06-27 13:07:33', '2020-06-27 13:31:14', 28, 29, NULL),
(185, '2020-07-29', 'E', 2, 5, 115, '2020-06-30 10:59:15', '2020-07-28 06:25:32', 27, 29, 28),
(186, '2020-07-23', 'E', 2, 5, 94, '2020-06-30 11:25:35', '2020-07-17 00:49:47', 29, 28, 27),
(187, '2020-07-02', 'D', 1, 2, 142, '2020-06-30 11:52:44', '2020-07-01 04:31:29', 29, 38, NULL),
(188, '2020-08-03', 'E', 2, 5, 93, '2020-06-30 12:41:07', '2020-07-21 06:23:10', 29, 28, 27),
(189, '2020-07-25', 'D', 2, 5, 117, '2020-06-30 12:41:28', '2020-07-01 08:40:41', 29, 27, NULL),
(190, '2020-07-18', 'D', 2, 5, 118, '2020-06-30 12:43:50', '2020-07-01 05:52:30', 29, 28, NULL),
(191, '2020-07-31', 'R', 2, 5, 126, '2020-06-30 12:53:26', '2020-07-01 08:20:20', 29, 28, NULL),
(192, '2020-07-24', 'R', 2, 5, 121, '2020-06-30 12:54:26', '2020-07-01 08:41:40', 29, 27, NULL),
(193, '2020-07-30', 'D', 2, 5, 119, '2020-06-30 12:54:52', '2020-07-01 08:41:11', 29, 27, NULL),
(194, '2020-07-30', 'R', 2, 5, 129, '2020-06-30 12:57:34', '2020-07-01 08:41:19', 29, 27, NULL),
(195, '2020-07-15', 'R', 2, 5, 126, '2020-07-01 08:20:20', '2020-07-03 14:17:39', 28, 29, NULL),
(196, '2020-07-25', 'D', 2, 5, 129, '2020-07-01 08:41:19', '2020-07-03 14:13:28', 27, 29, NULL),
(197, '2020-07-29', 'R', 2, 5, 121, '2020-07-01 08:41:40', '2020-07-03 14:14:02', 27, 29, NULL),
(198, '2020-07-30', 'D', 2, 5, 121, '2020-07-03 14:14:02', '2020-07-04 02:42:16', 29, 27, NULL),
(199, '2020-07-30', 'R', 2, 5, 126, '2020-07-03 14:17:39', '2020-07-03 14:37:08', 29, 28, NULL),
(200, '2020-07-06', 'D', 1, 2, 146, '2020-07-03 14:18:23', '2020-07-03 14:39:18', 29, 28, NULL),
(201, '2020-07-15', 'R', 2, 5, 126, '2020-07-03 14:37:08', '2020-07-04 01:25:44', 28, 29, NULL),
(202, '2020-07-27', 'E', 2, 5, 126, '2020-07-04 01:25:44', '2020-07-13 03:04:11', 29, 28, 38),
(203, '2020-07-06', 'D', 1, 2, 147, '2020-07-04 14:47:40', '2020-07-05 04:35:29', 29, 27, NULL),
(204, '2020-07-06', 'D', 1, 2, 144, '2020-07-04 14:48:00', '2020-07-05 04:35:33', 29, 27, NULL),
(205, '2020-07-28', 'D', 2, 5, 127, '2020-07-04 14:53:34', '2020-07-05 02:45:32', 29, 28, NULL),
(206, '2020-07-20', 'D', 2, 5, 120, '2020-07-04 14:54:06', '2020-07-05 02:47:15', 29, 28, NULL),
(207, '2020-07-29', 'D', 2, 5, 145, '2020-07-04 14:54:22', '2020-07-05 02:46:16', 29, 28, NULL),
(208, '2020-07-23', 'D', 2, 5, 144, '2020-07-06 03:05:11', '2020-07-20 14:07:21', 29, 28, NULL),
(209, '2020-07-14', 'R', 1, 2, 151, '2020-07-11 04:45:44', '2020-07-11 05:24:00', 29, 38, NULL),
(210, '2020-07-14', 'R', 1, 2, 150, '2020-07-11 04:47:11', '2020-07-11 05:11:02', 29, 27, NULL),
(211, '2020-07-18', 'E', 1, 2, 150, '2020-07-11 05:11:02', '2020-07-14 06:56:47', 27, 29, 38),
(212, '2020-07-15', 'D', 1, 2, 151, '2020-07-11 05:24:00', '2020-07-11 08:03:49', 38, 29, NULL),
(213, '2020-07-27', 'R', 2, 5, 126, '2020-07-13 03:04:11', '2020-07-13 03:56:22', 38, 29, NULL),
(214, '2020-08-07', 'D', 2, 5, 126, '2020-07-13 03:56:22', '2020-07-13 03:57:58', 29, 38, NULL),
(215, '2020-07-15', 'R', 1, 2, 149, '2020-07-14 05:45:07', '2020-07-16 06:39:26', 29, 27, NULL),
(216, '2020-07-18', 'D', 1, 2, 150, '2020-07-14 06:56:47', '2020-07-15 01:10:34', 38, 29, NULL),
(217, '2020-07-18', 'D', 2, 5, 113, '2020-07-14 08:36:37', '2020-07-15 01:10:24', 38, 29, NULL),
(218, '2020-07-18', 'E', 1, 2, 152, '2020-07-16 04:53:18', '2020-07-17 10:33:20', 29, 27, 38),
(219, '2020-07-22', 'R', 1, 2, 149, '2020-07-16 06:39:26', '2020-07-17 00:55:01', 27, 29, NULL),
(220, '2020-07-23', 'R', 2, 5, 94, '2020-07-17 00:49:47', '2020-07-17 00:53:14', 27, 29, NULL),
(221, '2020-08-18', 'E', 2, 5, 94, '2020-07-17 00:53:14', '2020-08-12 07:23:42', 29, 27, 38),
(222, '2020-07-21', 'R', 1, 2, 149, '2020-07-17 00:55:01', '2020-07-20 14:04:42', 29, 27, NULL),
(223, '2020-07-18', 'R', 1, 2, 152, '2020-07-17 10:33:20', '2020-07-20 07:03:55', 38, 29, NULL),
(224, '2020-07-23', 'D', 1, 2, 100, '2020-07-20 05:38:10', '2020-07-20 06:49:10', 29, 38, NULL),
(225, '2020-07-23', 'D', 1, 2, 153, '2020-07-20 05:38:44', '2020-07-20 14:09:33', 29, 28, NULL),
(226, '2020-07-25', 'E', 1, 2, 157, '2020-07-20 05:43:38', '2020-07-22 08:17:20', 29, 38, 38),
(227, '2020-07-26', 'D', 1, 2, 152, '2020-07-20 07:03:55', '2020-07-20 07:06:51', 29, 27, NULL),
(228, '2020-07-24', 'R', 1, 2, 149, '2020-07-20 14:04:42', '2020-07-21 00:29:18', 27, 29, NULL),
(229, '2020-07-21', 'D', 1, 2, 172, '2020-07-21 01:46:13', '2020-07-21 06:30:30', 29, 27, NULL),
(230, '2020-08-03', 'D', 2, 5, 93, '2020-07-21 06:23:10', '2020-07-21 06:28:51', 27, 29, NULL),
(231, '2020-07-25', 'D', 1, 2, 171, '2020-07-22 02:38:31', '2020-07-22 07:03:44', 29, 27, NULL),
(232, '2020-08-10', 'D', 2, 5, 142, '2020-07-22 07:13:16', '2020-07-27 09:50:21', 29, 38, NULL),
(233, '2020-08-15', 'E', 2, 5, 146, '2020-07-22 07:13:55', '2020-08-12 07:23:57', 29, 38, 38),
(234, '2020-07-25', 'R', 1, 2, 157, '2020-07-22 08:17:20', '2020-07-22 09:21:00', 38, 29, NULL),
(235, '2020-07-28', 'E', 1, 2, 157, '2020-07-22 09:21:00', '2020-07-27 05:16:49', 29, 38, 38),
(236, '2020-07-28', 'D', 1, 2, 157, '2020-07-27 05:16:49', '2020-07-27 06:01:20', 38, 29, NULL),
(237, '2020-08-20', 'E', 2, 5, 115, '2020-07-28 06:25:32', '2020-08-12 07:12:22', 28, 29, 28),
(238, '2020-08-11', 'D', 1, 2, 177, '2020-08-07 02:57:01', '2020-08-07 03:12:59', 29, 38, NULL),
(239, '2020-08-13', 'D', 1, 2, 173, '2020-08-12 04:50:04', '2020-08-13 02:32:53', 29, 38, NULL),
(240, '2020-08-20', 'D', 2, 5, 115, '2020-08-12 07:12:22', '2020-08-12 07:21:34', 28, 29, NULL),
(241, '2020-08-28', 'E', 2, 5, 94, '2020-08-12 07:23:42', '2020-08-12 13:25:46', 38, 29, 38),
(242, '2020-08-15', 'D', 2, 5, 146, '2020-08-12 07:23:57', '2020-08-12 07:24:42', 38, 29, NULL),
(243, '2020-08-28', 'D', 2, 5, 94, '2020-08-12 13:25:46', '2020-08-12 23:33:01', 38, 29, NULL),
(244, '2020-08-19', 'D', 2, 5, 151, '2020-08-12 23:33:21', '2020-08-13 02:23:34', 29, 38, NULL),
(245, '2020-08-19', 'D', 2, 5, 150, '2020-08-12 23:33:44', '2020-08-13 02:23:49', 29, 38, NULL),
(246, '2020-08-24', 'D', 2, 5, 100, '2020-08-12 23:34:10', '2020-08-13 03:10:20', 29, 38, NULL),
(247, '2020-08-24', 'D', 2, 5, 153, '2020-08-12 23:34:26', '2020-08-15 04:50:54', 29, 28, NULL),
(248, '2020-08-21', 'R', 2, 5, 152, '2020-08-12 23:34:46', '2020-08-13 03:30:12', 29, 38, NULL),
(249, '2020-08-21', 'E', 2, 5, 152, '2020-08-13 03:30:12', '2020-08-16 01:55:52', 38, 29, 27),
(250, '2020-08-26', 'R', 2, 5, 172, '2020-08-13 09:31:04', '2020-08-15 04:51:06', 29, 28, NULL),
(251, '2020-08-28', 'R', 2, 5, 171, '2020-08-13 09:31:34', '2020-08-15 04:09:51', 29, 38, NULL),
(252, '2020-08-29', 'D', 2, 5, 157, '2020-08-13 09:31:54', '2020-08-15 05:13:27', 29, 28, NULL),
(253, '2020-08-30', 'R', 2, 5, 171, '2020-08-15 04:09:51', '2020-08-15 07:20:22', 38, 29, NULL),
(254, '2020-09-02', 'R', 2, 5, 172, '2020-08-15 04:51:06', '2020-08-15 07:21:15', 28, 29, NULL),
(255, '2020-08-16', 'D', 1, 2, 180, '2020-08-15 07:18:34', '2020-08-15 11:41:16', 29, 27, NULL),
(256, '2020-08-22', 'E', 1, 2, 179, '2020-08-15 07:19:00', '2020-08-18 05:47:32', 29, 27, 38),
(257, '2020-08-21', 'D', 2, 5, 152, '2020-08-16 01:55:52', '2020-08-16 01:58:00', 27, 29, NULL),
(258, '2020-08-22', 'D', 1, 2, 179, '2020-08-18 05:47:32', '2020-08-18 05:53:04', 38, 29, NULL),
(259, '2020-09-01', 'E', 2, 5, 172, '2020-08-21 23:50:42', '2020-08-29 00:41:25', 29, 27, 38),
(260, '2020-08-29', 'D', 2, 5, 171, '2020-08-21 23:51:08', '2020-08-22 11:06:43', 29, 27, NULL),
(261, '2020-08-22', 'D', 1, 2, 184, '2020-08-22 01:32:49', '2020-08-22 11:05:34', 29, 27, NULL),
(262, '2020-08-26', 'R', 1, 2, 185, '2020-08-22 12:35:30', '2020-08-22 13:23:05', 29, 27, NULL),
(263, '2020-08-24', 'D', 1, 2, 183, '2020-08-22 13:10:37', '2020-08-22 14:27:35', 29, 27, NULL),
(264, '2020-08-26', 'R', 1, 2, 185, '2020-08-22 13:23:05', '2020-08-22 15:03:50', 27, 29, NULL),
(265, '2020-08-26', 'D', 1, 2, 185, '2020-08-24 08:43:45', '2020-08-24 08:54:25', 29, 27, NULL),
(266, '2020-08-26', 'R', 1, 2, 128, '2020-08-24 09:42:06', '2020-08-25 10:12:56', 38, 29, NULL),
(267, '2020-08-31', 'D', 1, 2, 128, '2020-08-25 10:12:56', '2020-08-28 00:59:18', 29, 27, NULL),
(268, '2020-08-25', 'D', 1, 2, 198, '2020-08-25 10:15:27', '2020-08-26 04:39:27', 29, 27, NULL),
(269, '2020-09-02', 'E', 1, 2, 149, '2020-08-26 07:20:02', '2020-08-31 08:13:23', 29, 27, 38),
(270, '2020-09-01', 'D', 2, 5, 172, '2020-08-29 00:41:25', '2020-08-31 01:26:58', 38, 29, NULL),
(271, '2020-09-02', 'D', 1, 2, 149, '2020-08-31 08:13:23', '2020-08-31 11:17:16', 38, 29, NULL),
(272, '2020-09-07', 'P', 2, 5, 177, '2020-09-01 04:03:08', '2020-09-01 04:03:08', 29, NULL, NULL);

-- --------------------------------------------------------

--
-- Struktur untuk view `harga_view`
--
DROP TABLE IF EXISTS `harga_view`;

CREATE ALGORITHM=UNDEFINED DEFINER=`root`@`localhost` SQL SECURITY DEFINER VIEW `harga_view`  AS  select `h`.`id` AS `id`,`h`.`nama` AS `nama_harga`,`h`.`kategori` AS `id_kategori`,`kp`.`nama` AS `kategori`,`h`.`harga_pokok_granit` AS `harga_pokok_granit`,`h`.`harga_pokok_keramik` AS `harga_pokok_keramik`,`h`.`harga_jual_granit` AS `harga_jual_granit`,`h`.`harga_jual_keramik` AS `harga_jual_keramik`,`h`.`note_granit` AS `note_granit`,`h`.`note_keramik` AS `note_keramik`,`h`.`created_at` AS `created_at`,`h`.`updated_at` AS `updated_at` from (`harga` `h` join `kategori_produk` `kp`) where (`h`.`kategori` = `kp`.`id`) ;

-- --------------------------------------------------------

--
-- Struktur untuk view `komplain_view`
--
DROP TABLE IF EXISTS `komplain_view`;

CREATE ALGORITHM=UNDEFINED DEFINER=`root`@`localhost` SQL SECURITY DEFINER VIEW `komplain_view`  AS  select `c`.`id` AS `id`,`c`.`tgl_komplain` AS `tgl_komplain`,`c`.`tgl_jatuh_tempo` AS `tgl_jatuh_tempo`,`c`.`tgl_acc_konsumen` AS `tgl_acc_konsumen`,`c`.`description` AS `description`,`c`.`pesanan_id` AS `pesanan_id`,`c`.`user_id` AS `user_id`,`c`.`status` AS `status`,`c`.`flow_id` AS `flow_id`,`c`.`mitra_pemasang_kusen` AS `mitra_pemasang_kusen`,`c`.`mitra_pemasang_finish` AS `mitra_pemasang_finish`,`c`.`created_at` AS `created_at`,`c`.`updated_at` AS `updated_at`,`c`.`is_deleted` AS `is_deleted`,`p`.`kode_order` AS `kode_order`,`p`.`tgl_order_masuk` AS `tgl_order_masuk`,`p`.`tanggal_pasang_kusen` AS `tanggal_pasang_kusen_pesanan`,`p`.`tanggal_pasang_finish` AS `tanggal_pasang_finish_pesanan`,`p`.`tgl_acc_konsumen` AS `tgl_acc_konsumen_pesanan`,`mpk`.`name` AS `nama_pemasang_kusen`,`mpf`.`name` AS `nama_pemasang_finish`,`uk`.`jadwal_usulan` AS `tanggal_pasang_kusen`,`uf`.`jadwal_usulan` AS `tanggal_pasang_finish`,`f`.`nama` AS `flow_name`,`f`.`rencana_kerja_id` AS `rencana_kerja_id`,`r`.`nama` AS `rencana_kerja_nama`,`k`.`nama` AS `nama_konsumen`,`k`.`alamat` AS `alamat_konsumen`,`k`.`no_hp` AS `no_hp_konsumen` from ((((((((`komplain` `c` left join `pesanan_flow` `f` on((`c`.`flow_id` = `f`.`id`))) left join `rencana_kerja` `r` on((`f`.`rencana_kerja_id` = `r`.`id`))) left join `pesanan_view` `p` on((`c`.`pesanan_id` = `p`.`id`))) left join `konsumen` `k` on((`p`.`konsumen_id` = `k`.`id`))) left join `users` `mpk` on((`c`.`mitra_pemasang_kusen` = `mpk`.`id`))) left join `users` `mpf` on((`c`.`mitra_pemasang_finish` = `mpf`.`id`))) left join `komplain_usulan` `uk` on(((`c`.`id` = `uk`.`komplain_id`) and (`uk`.`status` = 'D') and (`uk`.`rencana_kerja_id` = 1)))) left join `komplain_usulan` `uf` on(((`c`.`id` = `uf`.`komplain_id`) and (`uf`.`status` = 'D') and (`uf`.`rencana_kerja_id` = 2)))) ;

-- --------------------------------------------------------

--
-- Struktur untuk view `pesanan_view`
--
DROP TABLE IF EXISTS `pesanan_view`;

CREATE ALGORITHM=UNDEFINED DEFINER=`root`@`localhost` SQL SECURITY DEFINER VIEW `pesanan_view`  AS  select `p`.`id` AS `id`,`p`.`kode_order` AS `kode_order`,`p`.`tgl_order_masuk` AS `tgl_order_masuk`,`p`.`tgl_jatuh_tempo` AS `tgl_jatuh_tempo`,`p`.`tgl_acc_konsumen` AS `tgl_acc_konsumen`,`p`.`flow_id` AS `flow_id`,`f`.`nama` AS `flow_name`,`f`.`rencana_kerja_id` AS `rencana_kerja_id`,`r`.`nama` AS `rencana_kerja_nama`,`p`.`user_id` AS `user_id`,`u`.`name` AS `nama_user`,`p`.`konsumen_id` AS `konsumen_id`,`k`.`nama` AS `nama_konsumen`,`k`.`alamat` AS `alamat_konsumen`,`k`.`no_hp` AS `no_hp_konsumen`,`p`.`mitra_pemasang_kusen` AS `mitra_pemasang_kusen`,`mpk`.`name` AS `nama_pemasang_kusen`,`p`.`mitra_pemasang_finish` AS `mitra_pemasang_finish`,`mpf`.`name` AS `nama_pemasang_finish`,`uk`.`jadwal_usulan` AS `tanggal_pasang_kusen`,`uf`.`jadwal_usulan` AS `tanggal_pasang_finish`,`p`.`is_deleted` AS `is_deleted`,`p`.`tipe` AS `tipe` from ((((((((`pesanan` `p` left join `pesanan_flow` `f` on((`p`.`flow_id` = `f`.`id`))) left join `rencana_kerja` `r` on((`f`.`rencana_kerja_id` = `r`.`id`))) left join `users` `mpk` on((`p`.`mitra_pemasang_kusen` = `mpk`.`id`))) left join `users` `mpf` on((`p`.`mitra_pemasang_finish` = `mpf`.`id`))) left join `users` `u` on((`p`.`user_id` = `u`.`id`))) left join `konsumen` `k` on((`p`.`konsumen_id` = `k`.`id`))) left join `usulan` `uk` on(((`p`.`id` = `uk`.`pesanan_id`) and (`uk`.`status` = 'D') and (`uk`.`rencana_kerja_id` = 1)))) left join `usulan` `uf` on(((`p`.`id` = `uf`.`pesanan_id`) and (`uf`.`status` = 'D') and (`uf`.`rencana_kerja_id` = 2)))) ;

-- --------------------------------------------------------

--
-- Struktur untuk view `user_view`
--
DROP TABLE IF EXISTS `user_view`;

CREATE ALGORITHM=UNDEFINED DEFINER=`root`@`localhost` SQL SECURITY DEFINER VIEW `user_view`  AS  select `u`.`id` AS `id`,`u`.`username` AS `username`,`u`.`name` AS `name`,`u`.`no_hp` AS `no_hp`,`u`.`is_active` AS `is_active`,`u`.`password` AS `password`,`u`.`password_salt` AS `password_salt`,`u`.`role` AS `role`,`u`.`created_at` AS `created_at`,`u`.`updated_at` AS `updated_at`,`rp`.`id` AS `reset_id`,`rp`.`temp_password` AS `temp_password` from (`users` `u` left join `reset_password` `rp` on((`u`.`id` = `rp`.`user_id`))) ;

--
-- Indexes for dumped tables
--

--
-- Indeks untuk tabel `detail_pengajuan`
--
ALTER TABLE `detail_pengajuan`
  ADD PRIMARY KEY (`id`);

--
-- Indeks untuk tabel `devices`
--
ALTER TABLE `devices`
  ADD PRIMARY KEY (`id`);

--
-- Indeks untuk tabel `harga`
--
ALTER TABLE `harga`
  ADD PRIMARY KEY (`id`);

--
-- Indeks untuk tabel `jenis_pembayaran`
--
ALTER TABLE `jenis_pembayaran`
  ADD PRIMARY KEY (`id`);

--
-- Indeks untuk tabel `kategori_produk`
--
ALTER TABLE `kategori_produk`
  ADD PRIMARY KEY (`id`);

--
-- Indeks untuk tabel `komplain`
--
ALTER TABLE `komplain`
  ADD PRIMARY KEY (`id`);

--
-- Indeks untuk tabel `komplain_files`
--
ALTER TABLE `komplain_files`
  ADD PRIMARY KEY (`id`);

--
-- Indeks untuk tabel `komplain_log`
--
ALTER TABLE `komplain_log`
  ADD PRIMARY KEY (`id`);

--
-- Indeks untuk tabel `komplain_usulan`
--
ALTER TABLE `komplain_usulan`
  ADD PRIMARY KEY (`id`);

--
-- Indeks untuk tabel `konsumen`
--
ALTER TABLE `konsumen`
  ADD PRIMARY KEY (`id`);

--
-- Indeks untuk tabel `notifications`
--
ALTER TABLE `notifications`
  ADD PRIMARY KEY (`id`);

--
-- Indeks untuk tabel `notification_senders`
--
ALTER TABLE `notification_senders`
  ADD PRIMARY KEY (`id`);

--
-- Indeks untuk tabel `notification_users`
--
ALTER TABLE `notification_users`
  ADD PRIMARY KEY (`id`);

--
-- Indeks untuk tabel `pembayaran_log`
--
ALTER TABLE `pembayaran_log`
  ADD PRIMARY KEY (`id`);

--
-- Indeks untuk tabel `pengajuan_harga`
--
ALTER TABLE `pengajuan_harga`
  ADD PRIMARY KEY (`id`);

--
-- Indeks untuk tabel `pesanan`
--
ALTER TABLE `pesanan`
  ADD PRIMARY KEY (`id`),
  ADD UNIQUE KEY `kode_order` (`kode_order`);

--
-- Indeks untuk tabel `pesanan_files`
--
ALTER TABLE `pesanan_files`
  ADD PRIMARY KEY (`id`);

--
-- Indeks untuk tabel `pesanan_flow`
--
ALTER TABLE `pesanan_flow`
  ADD PRIMARY KEY (`id`);

--
-- Indeks untuk tabel `pesanan_log`
--
ALTER TABLE `pesanan_log`
  ADD PRIMARY KEY (`id`);

--
-- Indeks untuk tabel `rencana_kerja`
--
ALTER TABLE `rencana_kerja`
  ADD PRIMARY KEY (`id`);

--
-- Indeks untuk tabel `reset_password`
--
ALTER TABLE `reset_password`
  ADD PRIMARY KEY (`id`);

--
-- Indeks untuk tabel `users`
--
ALTER TABLE `users`
  ADD PRIMARY KEY (`id`);

--
-- Indeks untuk tabel `user_tokens`
--
ALTER TABLE `user_tokens`
  ADD PRIMARY KEY (`id`);

--
-- Indeks untuk tabel `usulan`
--
ALTER TABLE `usulan`
  ADD PRIMARY KEY (`id`);

--
-- AUTO_INCREMENT untuk tabel yang dibuang
--

--
-- AUTO_INCREMENT untuk tabel `detail_pengajuan`
--
ALTER TABLE `detail_pengajuan`
  MODIFY `id` int(11) NOT NULL AUTO_INCREMENT, AUTO_INCREMENT=341;

--
-- AUTO_INCREMENT untuk tabel `devices`
--
ALTER TABLE `devices`
  MODIFY `id` int(11) NOT NULL AUTO_INCREMENT, AUTO_INCREMENT=20;

--
-- AUTO_INCREMENT untuk tabel `harga`
--
ALTER TABLE `harga`
  MODIFY `id` int(11) NOT NULL AUTO_INCREMENT, AUTO_INCREMENT=33;

--
-- AUTO_INCREMENT untuk tabel `jenis_pembayaran`
--
ALTER TABLE `jenis_pembayaran`
  MODIFY `id` int(11) NOT NULL AUTO_INCREMENT, AUTO_INCREMENT=7;

--
-- AUTO_INCREMENT untuk tabel `kategori_produk`
--
ALTER TABLE `kategori_produk`
  MODIFY `id` int(11) NOT NULL AUTO_INCREMENT, AUTO_INCREMENT=5;

--
-- AUTO_INCREMENT untuk tabel `komplain`
--
ALTER TABLE `komplain`
  MODIFY `id` int(11) NOT NULL AUTO_INCREMENT, AUTO_INCREMENT=17;

--
-- AUTO_INCREMENT untuk tabel `komplain_files`
--
ALTER TABLE `komplain_files`
  MODIFY `id` int(11) NOT NULL AUTO_INCREMENT, AUTO_INCREMENT=18;

--
-- AUTO_INCREMENT untuk tabel `komplain_log`
--
ALTER TABLE `komplain_log`
  MODIFY `id` int(11) NOT NULL AUTO_INCREMENT, AUTO_INCREMENT=19;

--
-- AUTO_INCREMENT untuk tabel `komplain_usulan`
--
ALTER TABLE `komplain_usulan`
  MODIFY `id` int(11) NOT NULL AUTO_INCREMENT, AUTO_INCREMENT=19;

--
-- AUTO_INCREMENT untuk tabel `konsumen`
--
ALTER TABLE `konsumen`
  MODIFY `id` int(11) NOT NULL AUTO_INCREMENT, AUTO_INCREMENT=182;

--
-- AUTO_INCREMENT untuk tabel `notifications`
--
ALTER TABLE `notifications`
  MODIFY `id` int(11) NOT NULL AUTO_INCREMENT, AUTO_INCREMENT=397;

--
-- AUTO_INCREMENT untuk tabel `notification_senders`
--
ALTER TABLE `notification_senders`
  MODIFY `id` int(11) NOT NULL AUTO_INCREMENT, AUTO_INCREMENT=397;

--
-- AUTO_INCREMENT untuk tabel `notification_users`
--
ALTER TABLE `notification_users`
  MODIFY `id` int(11) NOT NULL AUTO_INCREMENT, AUTO_INCREMENT=2447;

--
-- AUTO_INCREMENT untuk tabel `pembayaran_log`
--
ALTER TABLE `pembayaran_log`
  MODIFY `id` int(11) NOT NULL AUTO_INCREMENT, AUTO_INCREMENT=14;

--
-- AUTO_INCREMENT untuk tabel `pengajuan_harga`
--
ALTER TABLE `pengajuan_harga`
  MODIFY `id` int(11) NOT NULL AUTO_INCREMENT, AUTO_INCREMENT=14;

--
-- AUTO_INCREMENT untuk tabel `pesanan`
--
ALTER TABLE `pesanan`
  MODIFY `id` int(11) NOT NULL AUTO_INCREMENT, AUTO_INCREMENT=200;

--
-- AUTO_INCREMENT untuk tabel `pesanan_files`
--
ALTER TABLE `pesanan_files`
  MODIFY `id` int(11) NOT NULL AUTO_INCREMENT, AUTO_INCREMENT=295;

--
-- AUTO_INCREMENT untuk tabel `pesanan_flow`
--
ALTER TABLE `pesanan_flow`
  MODIFY `id` int(11) NOT NULL AUTO_INCREMENT, AUTO_INCREMENT=9;

--
-- AUTO_INCREMENT untuk tabel `pesanan_log`
--
ALTER TABLE `pesanan_log`
  MODIFY `id` int(11) NOT NULL AUTO_INCREMENT, AUTO_INCREMENT=394;

--
-- AUTO_INCREMENT untuk tabel `rencana_kerja`
--
ALTER TABLE `rencana_kerja`
  MODIFY `id` int(11) NOT NULL AUTO_INCREMENT, AUTO_INCREMENT=4;

--
-- AUTO_INCREMENT untuk tabel `reset_password`
--
ALTER TABLE `reset_password`
  MODIFY `id` int(11) NOT NULL AUTO_INCREMENT, AUTO_INCREMENT=17;

--
-- AUTO_INCREMENT untuk tabel `users`
--
ALTER TABLE `users`
  MODIFY `id` int(11) NOT NULL AUTO_INCREMENT, AUTO_INCREMENT=39;

--
-- AUTO_INCREMENT untuk tabel `user_tokens`
--
ALTER TABLE `user_tokens`
  MODIFY `id` int(11) NOT NULL AUTO_INCREMENT, AUTO_INCREMENT=104;

--
-- AUTO_INCREMENT untuk tabel `usulan`
--
ALTER TABLE `usulan`
  MODIFY `id` int(11) NOT NULL AUTO_INCREMENT, AUTO_INCREMENT=273;
COMMIT;

/*!40101 SET CHARACTER_SET_CLIENT=@OLD_CHARACTER_SET_CLIENT */;
/*!40101 SET CHARACTER_SET_RESULTS=@OLD_CHARACTER_SET_RESULTS */;
/*!40101 SET COLLATION_CONNECTION=@OLD_COLLATION_CONNECTION */;
